"experimento","condicao","repeticao","posicao","valida","fase","fase_ini_utc","fase_segundos","taxa_ofertada_rps","post_n","post_201","erro_pct","erro_503","erro_504","erro_conexao","erro_outros","lat_p50_ms","lat_p95_ms","lat_p99_ms","lat_max_ms","vazao_efetiva_rps","iteracoes_descartadas","pedidos_criados","pedidos_confirmados","pedidos_cancelados","pedidos_nao_terminais","confirmados_pct","sagas_concluidas_pct","saga_p50_ms","saga_p95_ms","saga_max_ms","cpu_media_postgres","cpu_max_postgres","mem_media_mb_postgres","mem_max_mb_postgres","cpu_media_rabbitmq","cpu_max_rabbitmq","mem_media_mb_rabbitmq","mem_max_mb_rabbitmq","cpu_media_toxiproxy","cpu_max_toxiproxy","mem_media_mb_toxiproxy","mem_max_mb_toxiproxy","cpu_media_catalog","cpu_max_catalog","mem_media_mb_catalog","mem_max_mb_catalog","cpu_media_orders","cpu_max_orders","mem_media_mb_orders","mem_max_mb_orders","cpu_media_inventory","cpu_max_inventory","mem_media_mb_inventory","mem_max_mb_inventory","cpu_media_payments","cpu_max_payments","mem_media_mb_payments","mem_max_mb_payments","cpu_media_k6","cpu_max_k6","mem_media_mb_k6","mem_max_mb_k6","fila_media","fila_max","fila_media_3_primeiras","fila_media_3_ultimas","msg_processadas_ok","msg_processadas_erro","msg_reentregues","msg_mortas","fallback_ativacoes","fallback_pct_201","cb_catalogo_rejeicoes","cb_gateway_rejeicoes","catalogo_tentativas","catalogo_tentativas_ok","catalogo_tentativas_not_found","catalogo_tentativas_timeout","catalogo_tentativas_connect_error","catalogo_tentativas_server_error","catalogo_tentativas_rejected","catalogo_tentativas_other_error","fator_amplificacao","cb_catalogo_aberto_s","t0_origem","k6_cpu_maxima","drenagem_completa","drenagem_segundos","inv_i1_reservas_residuais","inv_i1_reservado_soma","inv_i2_vendido","inv_i2_confirmados","inv_i2_diferenca","inv_i3_pagamentos_pendentes","inv_i4_confirmados_sem_pagamento","invariantes_violados","cb_catalogo_primeira_abertura_s","cb_catalogo_transicoes","cb_catalogo_aberturas","cb_gateway_primeira_abertura_s","cb_gateway_transicoes","cb_gateway_aberto_s","fallback_logs","recuperacao_s","recuperou","pagamentos_enviados_reprocessamento","pagamentos_reprocessados","pagamentos_reprocessamento_esgotado","pagamentos_falha_sem_reprocessamento","reprocessamento_p50_s","reprocessamento_p95_s","reprocessamento_max_s"
"2A","C0","1","4","true","aquecimento","2026-09-23T19:51:23.238Z","60","10","600","600","0","0","0","0","0","7.101411","487.878981","706.554459","987.103641","10","0","600","600","0","0","100","100","28.117418","2035.868216","3364.654064","0.056753","0.093826","68.78125","77.003906","0.216006","0.302492","148.200521","193.863281","0.002819","0.004588","4.04362","4.789063","0.006619","0.009277","1.916667","2.375","0.030512","0.059627","13.011068","14.214844","0.029159","0.03807","10.63444","11.101563","0.017709","0.025765","11.266602","11.777344","0.016936","0.028647","30.416667","34.480469","1.666667","5","0.666667","2","2254","0","0","0","0","0","0","0","547","547","0","0","0","0","0","0","0.911667","0",,,,,,,,,,,,,,,,,,,,,,,,,,,,
"2A","C0","1","4","true","antes","2026-09-23T19:52:23.238Z","60","10","601","601","0","0","0","0","0","7.084558","10.139971","1236.306496","2057.456045","10.016667","0","600","600","0","0","100","100","27.933002","41.995513","1883.336782","0.059736","0.075007","77.789714","79.644531","0.232036","0.283659","159.883789","194.417969","0.003686","0.005386","4.065755","4.652344","0.007034","0.009447","2.270182","2.613281","0.03795","0.052395","13.32194","14.273438","0.033983","0.040351","11.383464","12.105469","0.021667","0.032574","11.41862","11.820313","0.019507","0.025018","35.153971","36.394531","2.416667","5","3","2.666667","2400","0","0","0","0","0","0","0","600","600","0","0","0","0","0","0","0.998336","0",,,,,,,,,,,,,,,,,,,,,,,,,,,,
"2A","C0","1","4","true","falha","2026-09-23T19:53:23.238Z","59.996","10","600","600","0","0","0","0","0","2007.564827","2009.607648","2788.510276","3364.180586","10.000667","0","580","580","0","0","100","100","27.9845","32.686675","1528.784037","0.058886","0.080079","79.735352","80.054688","0.237959","0.281922","150.491862","196.171875","0.005123","0.007059","7.666341","8.335938","0.008096","0.012937","2.782552","3.539063","0.03735","0.046737","14.436849","15.085938","0.033207","0.045918","11.244792","11.613281","0.01974","0.026431","11.351563","11.820313","0.01889","0.025145","36.837565","37.160156","2.75","5","1.666667","2.666667","2320","0","0","0","0","0","0","0","580","580","0","0","0","0","0","0","0.966667","0",,,,,,,,,,,,,,,,,,,,,,,,,,,,
"2A","C0","1","4","true","depois","2026-09-23T19:54:23.234Z","180.004","10","1800","1800","0","0","0","0","0","7.268818","19.062612","616.803894","1286.28761","9.999778","0","1821","1821","0","0","100","100","28.487206","71.680069","1556.667089","0.062771","0.093167","80.71799","81.777344","0.226191","0.315681","149.601671","193.488281","0.003669","0.005804","8.402778","9.042969","0.007336","0.010476","2.645508","3.5","0.038028","0.051649","14.742405","15.632813","0.033727","0.049405","11.60319","12.152344","0.021099","0.031858","11.441949","12.347656","0.019789","0.028542","37.687934","38.621094","1.888889","5","2","1.666667","7279","0","0","0","0","0","0","0","1820","1820","0","0","0","0","0","0","1.011111","0",,,,,,,,,,,,,,,,,,,,,,,,,,,,
"2A","C0","1","4","true","execucao",,,,"3601",,,,,,,,,,,,"0","3601","3601","0","0",,,,,,,,,,,,,,,,,,,,,,,,,,,,,,,,,,,,,,,"5",,,"14404","0","0","0","0",,"0","0","3601",,,,,,,,"1","0","marcador FALHA_INICIO","0.028647","true","1.7","0","0","3601","3601","0","0","0","0","","0","0","","0","0","0","0.004","true","0","0","0","0","","",""
"2A","C0","2","2","true","aquecimento","2026-09-23T20:12:23.722Z","60","10","600","600","0","0","0","0","0","7.202307","651.152715","866.676126","1117.907619","10","0","600","600","0","0","100","100","28.514981","5750.39922","8189.018965","0.058055","0.083901","65.371094","77.359375","0.215655","0.317501","149.38737","180.398438","0.00315","0.00464","3.68457","4.53125","0.007266","0.009211","2.029622","2.414063","0.033168","0.043139","12.729167","14.144531","0.03077","0.040494","10.84375","11.722656","0.0189","0.033172","10.567383","10.992188","0.014557","0.020484","28.944336","33.355469","6.25","55","1.666667","2.666667","2804","0","0","0","0","0","0","0","542","542","0","0","0","0","0","0","0.903333","0",,,,,,,,,,,,,,,,,,,,,,,,,,,,
"2A","C0","2","2","true","antes","2026-09-23T20:13:23.722Z","60","10","601","601","0","0","0","0","0","7.192501","9.224134","839.633804","2057.062216","10.016667","0","600","600","0","0","100","100","28.48506","63.627756","1481.534004","0.062013","0.082068","77.630859","78.078125","0.250852","0.383646","151.791016","196.996094","0.003643","0.004343","4.108073","4.691406","0.007079","0.010007","2.002279","2.355469","0.03882","0.041038","13.598633","14.238281","0.034698","0.046144","11.359375","11.777344","0.019887","0.026733","11.239258","12.179688","0.017208","0.023821","35.871419","37.417969","3.166667","11","2.666667","2.333333","3000","0","0","0","0","0","0","0","600","600","0","0","0","0","0","0","0.998336","0",,,,,,,,,,,,,,,,,,,,,,,,,,,,
"2A","C0","2","2","true","falha","2026-09-23T20:14:23.722Z","59.997","10","600","600","0","0","0","0","0","2012.402615","2018.233474","2489.625593","2905.693299","10.0005","0","580","580","0","0","100","100","33.666611","63.865852","1241.338968","0.061534","0.089698","78.070964","78.488281","0.223516","0.289281","146.929688","194.40625","0.00504","0.00716","8.018229","8.726563","0.007654","0.010918","2.739258","3.410156","0.037682","0.046297","14.371094","14.914063","0.032456","0.045964","11.692383","11.910156","0.020764","0.026252","11.316081","11.738281","0.018716","0.028004","37.642578","38.257813","3","4","2","2.333333","2900","0","0","0","0","0","0","0","580","580","0","0","0","0","0","0","0.966667","0",,,,,,,,,,,,,,,,,,,,,,,,,,,,
"2A","C0","2","2","true","depois","2026-09-23T20:15:23.719Z","180.003","10","1800","1800","0","0","0","0","0","7.202344","19.283546","754.302741","1315.236441","9.999833","0","1821","1821","0","0","100","100","39.902925","79.508066","1425.559998","0.064625","0.093874","82.188802","88.363281","0.23302","0.296233","145.541341","199.746094","0.003914","0.005711","8.625217","9.492188","0.007802","0.013903","2.685438","3.136719","0.038727","0.057078","14.614041","18.378906","0.035089","0.052005","11.426541","12.03125","0.021483","0.032244","11.380859","12.070313","0.017404","0.025096","37.558485","38.046875","2.055556","5","2.333333","2.333333","9100","0","0","0","0","0","0","0","1820","1820","0","0","0","0","0","0","1.011111","0",,,,,,,,,,,,,,,,,,,,,,,,,,,,
"2A","C0","2","2","true","execucao",,,,"3601",,,,,,,,,,,,"0","3601","3601","0","0",,,,,,,,,,,,,,,,,,,,,,,,,,,,,,,,,,,,,,,"55",,,"18005","0","0","0","0",,"0","0","3601",,,,,,,,"1","0","marcador FALHA_INICIO","0.028004","true","1.6","0","0","3601","3601","0","0","0","0","","0","0","","0","0","0","25.003","true","0","0","0","0","","",""
"2A","C0","3","2","true","aquecimento","2026-09-23T20:47:21.724Z","60","10","601","601","0","0","0","0","0","7.181529","601.749762","1299.225901","1579.898051","10.016667","0","600","600","0","0","100","100","39.814472","2065.162373","3165.752172","0.059666","0.098325","58.725586","76.875","0.232111","0.296768","149.356445","192.027344","0.00315","0.004012","4.253906","4.972656","0.006855","0.009979","2.088216","2.609375","0.030965","0.04942","12.804362","13.835938","0.027897","0.04501","11.470378","15.4375","0.01576","0.026035","10.914063","11.460938","0.015911","0.021872","30.067383","34.203125","1.833333","4","0.666667","2.666667","2664","0","0","0","0","0","0","0","561","561","0","0","0","0","0","0","0.933444","0",,,,,,,,,,,,,,,,,,,,,,,,,,,,
"2A","C0","3","2","true","antes","2026-09-23T20:48:21.724Z","60","10","600","600","0","0","0","0","0","7.20105","10.689118","741.441028","2059.34721","10","0","600","600","0","0","100","100","39.621592","86.544931","1258.323193","0.06064","0.086353","77.5625","77.835938","0.242686","0.297579","149.812174","194.601563","0.003641","0.005163","4.150391","4.589844","0.007917","0.010049","2.071289","2.574219","0.040405","0.048415","13.289388","13.644531","0.035565","0.048879","11.218424","11.421875","0.021899","0.030561","11.015299","11.492188","0.0197","0.029618","36.217773","37.3125","2.083333","5","2.333333","1.666667","3084","0","0","0","0","0","0","0","600","600","0","0","0","0","0","0","1","0",,,,,,,,,,,,,,,,,,,,,,,,,,,,
"2A","C0","3","2","true","falha","2026-09-23T20:49:21.724Z","59.998","10","600","600","0","0","0","0","0","2007.666275","2009.397351","2531.306808","3029.797949","10.000333","0","580","580","0","0","100","100","28.388977","55.704272","1179.521084","0.06371","0.08129","78.253255","78.691406","0.227438","0.363923","150.542643","196.089844","0.005264","0.009117","7.726237","8.5","0.007594","0.010084","2.792643","3.027344","0.038716","0.051955","14.501953","14.917969","0.03232","0.044503","11.428711","11.820313","0.021517","0.028983","11.000326","11.5","0.020572","0.031612","37.76237","37.921875","2","5","0.666667","1.666667","2901","0","0","0","0","0","0","0","580","580","0","0","0","0","0","0","0.966667","0",,,,,,,,,,,,,,,,,,,,,,,,,,,,
"2A","C0","3","2","true","depois","2026-09-23T20:50:21.722Z","180.002","10","1800","1800","0","0","0","0","0","7.175416","8.181177","610.327282","1248.999451","9.999889","0","1821","1821","0","0","100","100","28.357983","66.779137","1392.907858","0.063779","0.098132","81.041992","85.886719","0.230362","0.323031","147.792752","196.449219","0.00383","0.006196","8.864366","9.90625","0.007474","0.010346","2.721571","3.507813","0.03958","0.057704","14.534505","15.207031","0.035306","0.052348","11.552734","12.214844","0.020896","0.028404","11.365234","12.121094","0.020296","0.031971","37.99056","39.148438","1.944444","5","1.666667","1","9100","0","0","0","0","0","0","0","1820","1820","0","0","0","0","0","0","1.011111","0",,,,,,,,,,,,,,,,,,,,,,,,,,,,
"2A","C0","3","2","true","execucao",,,,"3601",,,,,,,,,,,,"0","3601","3601","0","0",,,,,,,,,,,,,,,,,,,,,,,,,,,,,,,,,,,,,,,"5",,,"18005","0","0","0","0",,"0","0","3601",,,,,,,,"1","0","marcador FALHA_INICIO","0.031971","true","1.6","0","0","3601","3601","0","0","0","0","","0","0","","0","0","0","0.002","true","0","0","0","0","","",""
"2A","C0","4","2","true","aquecimento","2026-09-23T21:22:22.899Z","60","10","601","601","0","0","0","0","0","13.000426","19.896675","1378.451506","1898.359553","10.016667","0","600","600","0","0","100","100","35.150528","52.894485","2414.365053","0.055029","0.098285","60.435872","74.882813","0.221498","0.36645","150.840495","197.054688","0.002893","0.004596","3.924479","4.375","0.00676","0.009825","1.976888","3.121094","0.036777","0.048317","12.618164","13.351563","0.027788","0.04325","11.082357","11.683594","0.019416","0.024994","10.621094","11.199219","0.01946","0.025524","26.365885","33.011719","1.166667","4","0.666667","0","2835","0","0","0","0","0","0","0","548","548","0","0","0","0","0","0","0.911814","0",,,,,,,,,,,,,,,,,,,,,,,,,,,,
"2A","C0","4","2","true","antes","2026-09-23T21:23:22.899Z","60","10","600","600","0","0","0","0","0","7.240847","19.787407","1046.821257","2014.701062","10","0","600","600","0","0","100","100","39.708018","50.142241","1679.829121","0.066903","0.085374","75.794922","76.4375","0.234631","0.394489","142.978516","147.910156","0.003837","0.004961","4.083984","4.660156","0.007528","0.009827","2.106771","2.585938","0.03864","0.053069","13.797526","14.265625","0.035972","0.044257","11.176758","11.75","0.020788","0.028228","11.306641","11.765625","0.020334","0.03044","34.780924","36.261719","2.5","10","1.333333","2","3001","0","0","0","0","0","0","0","600","600","0","0","0","0","0","0","1","0",,,,,,,,,,,,,,,,,,,,,,,,,,,,
"2A","C0","4","2","true","falha","2026-09-23T21:24:22.899Z","59.998","10","593","593","0","0","0","0","0","2007.819987","3504.366125","5796.13841","6379.47615","9.883663","7","573","573","0","0","100","100","32.36413","4447.4792","6449.854136","0.06529","0.09575","76.361328","77.195313","0.247598","0.323632","148.197917","172.136719","0.005366","0.007007","7.793294","8.824219","0.007663","0.013403","3.351888","6.703125","0.038997","0.054634","14.560547","15.050781","0.0339","0.041284","11.201172","11.675781","0.021468","0.03269","11.256836","11.765625","0.019356","0.029564","36.322917","36.941406","3.75","22","2.333333","9.666667","2770","0","0","0","0","0","0","0","580","580","0","0","0","0","0","0","0.978078","0",,,,,,,,,,,,,,,,,,,,,,,,,,,,
"2A","C0","4","2","true","depois","2026-09-23T21:25:22.897Z","180.002","10","1800","1800","0","0","0","0","0","7.142032","8.710499","775.288551","1666.644136","9.999889","0","1821","1821","0","0","100","100","28.758049","66.055059","1724.087","0.067348","0.101572","81.040473","85.105469","0.234323","0.307978","153.221463","198.566406","0.00375","0.005472","8.904948","9.792969","0.007461","0.011049","2.561523","3.359375","0.04031","0.058538","14.634332","15.101563","0.036166","0.056029","11.388997","11.902344","0.021597","0.028019","11.439019","12.054688","0.02017","0.030734","40.083333","41.210938","2.027778","5","0.333333","2","9195","0","0","0","0","0","0","0","1813","1813","0","0","0","0","0","0","1.007222","0",,,,,,,,,,,,,,,,,,,,,,,,,,,,
"2A","C0","4","2","true","execucao",,,,"3594",,,,,,,,,,,,"7","3594","3594","0","0",,,,,,,,,,,,,,,,,,,,,,,,,,,,,,,,,,,,,,,"22",,,"17970","0","0","0","0",,"0","0","3594",,,,,,,,"1","0","marcador FALHA_INICIO","0.030734","true","2.1","0","0","3594","3594","0","0","0","0","","0","0","","0","0","0","5.002","true","0","0","0","0","","",""
"2A","C0","5","5","true","aquecimento","2026-09-23T22:18:27.084Z","60","10","601","601","0","0","0","0","0","7.195175","8.431567","835.520997","1376.01847","10.016667","0","600","600","0","0","100","100","39.669991","64.579117","1905.148983","0.057987","0.08494","69.028971","77.199219","0.231655","0.358912","151.08431","195.304688","0.003142","0.005329","4.000651","4.527344","0.007254","0.011103","2.045247","3.199219","0.032857","0.049835","12.748047","13.8125","0.03257","0.054174","10.708008","11.460938","0.017678","0.026076","10.903971","11.375","0.017864","0.028479","26.620117","33.46875","1.416667","4","1","2","2819","0","0","0","0","0","0","0","555","555","0","0","0","0","0","0","0.923461","0",,,,,,,,,,,,,,,,,,,,,,,,,,,,
"2A","C0","5","5","true","antes","2026-09-23T22:19:27.084Z","60","10","600","600","0","0","0","0","0","7.164098","8.299387","764.454558","2008.080552","10","0","600","600","0","0","100","100","39.923549","63.896143","1372.206211","0.066061","0.086925","79.137044","80.101563","0.236506","0.294881","157.036458","193.601563","0.003753","0.005091","4","4.566406","0.007104","0.009768","2.08724","2.609375","0.037536","0.044067","13.665365","13.925781","0.034974","0.044219","11.348307","11.984375","0.021062","0.028501","11.202474","11.550781","0.020557","0.030252","34.608724","36.777344","2.583333","4","2.666667","2.666667","3000","0","0","0","0","0","0","0","600","600","0","0","0","0","0","0","1","0",,,,,,,,,,,,,,,,,,,,,,,,,,,,
"2A","C0","5","5","true","falha","2026-09-23T22:20:27.084Z","59.997","10","600","600","0","0","0","0","0","2007.718745","2009.610968","2667.689629","3262.35757","10.0005","0","580","580","0","0","100","100","28.736472","63.684726","1307.37114","0.061256","0.089566","80.018555","80.835938","0.226324","0.296832","145.948242","170.628906","0.005537","0.007485","7.431641","8.425781","0.008089","0.00978","2.664388","3.398438","0.041064","0.047253","14.778646","20.8125","0.033576","0.050896","11.227865","11.851563","0.02125","0.02782","11.70638","16.433594","0.018297","0.024414","36.870117","37.75","2.333333","5","1","2.666667","2901","0","0","0","0","0","0","0","580","580","0","0","0","0","0","0","0.966667","0",,,,,,,,,,,,,,,,,,,,,,,,,,,,
"2A","C0","5","5","true","depois","2026-09-23T22:21:27.081Z","180.003","10","1800","1800","0","0","0","0","0","7.232639","8.50949","863.203282","1553.389212","9.999833","0","1821","1821","0","0","100","100","28.548956","64.374924","1697.127104","0.06683","0.095104","81.219293","83.695313","0.242219","0.367553","150.937609","196.710938","0.003977","0.005899","8.194553","8.820313","0.008321","0.011221","2.793077","3.472656","0.039984","0.056241","14.842014","20.8125","0.035416","0.059075","11.463216","12.117188","0.021288","0.034887","11.301975","12.074219","0.020953","0.030281","38.056966","38.695313","2.361111","5","2","2.333333","9100","0","0","0","0","0","0","0","1820","1820","0","0","0","0","0","0","1.011111","0",,,,,,,,,,,,,,,,,,,,,,,,,,,,
"2A","C0","5","5","true","execucao",,,,"3601",,,,,,,,,,,,"0","3601","3601","0","0",,,,,,,,,,,,,,,,,,,,,,,,,,,,,,,,,,,,,,,"5",,,"18005","0","0","0","0",,"0","0","3601",,,,,,,,"1","0","marcador FALHA_INICIO","0.030281","true","2.8","0","0","3601","3601","0","0","0","0","","0","0","","0","0","0","0.003","true","0","0","0","0","","",""
"2A","C0","6","1","true","aquecimento","2026-09-23T22:25:31.076Z","60","10","601","601","0","0","0","0","0","7.489555","12.651824","577.420141","1172.245492","10.016667","0","600","600","0","0","100","100","29.279113","34.120739","1317.600012","0.051271","0.081059","55.178711","59.679688","0.265979","0.536507","150.213542","194.230469","0.00282","0.004821","3.672526","4.523438","0.006961","0.010575","2.075521","2.460938","0.03262","0.053343","12.671875","13.566406","0.029275","0.043354","11.025065","11.457031","0.018408","0.029098","10.960938","11.433594","0.019715","0.028028","28.464489","32.824219","2","5","0","2.333333","2765","0","0","0","0","0","0","0","565","565","0","0","0","0","0","0","0.9401","0",,,,,,,,,,,,,,,,,,,,,,,,,,,,
"2A","C0","6","1","true","antes","2026-09-23T22:26:31.076Z","60","10","600","600","0","0","0","0","0","15.63566","19.318722","660.635854","2022.164942","10","0","600","600","0","0","100","100","37.227392","43.480432","1284.448862","0.068957","0.081994","75.600911","79.703125","0.235551","0.32669","157.65625","192.824219","0.00367","0.005193","3.86263","4.050781","0.007871","0.011631","2.158203","2.5625","0.040841","0.058178","13.81543","14.222656","0.035322","0.040911","11.386719","11.707031","0.020765","0.026649","11.161784","11.945313","0.021013","0.028727","34.598633","36.480469","1.5","4","2","1","3004","0","0","0","0","0","0","0","600","600","0","0","0","0","0","0","1","0",,,,,,,,,,,,,,,,,,,,,,,,,,,,
"2A","C0","6","1","true","falha","2026-09-23T22:27:31.076Z","59.997","10","600","600","0","0","0","0","0","2007.831746","2020.66102","2485.405487","3080.446876","10.0005","0","580","580","0","0","100","100","39.698958","74.590111","1183.367968","0.06239","0.080375","80.054688","80.679688","0.238241","0.303434","151.31543","194.136719","0.005618","0.008134","7.883464","9.011719","0.007218","0.011491","2.615885","3.101563","0.038284","0.054521","14.577799","15.097656","0.034567","0.044544","11.21224","11.808594","0.021204","0.031919","11.438802","15.636719","0.019566","0.028135","36.702799","37.636719","2.916667","14","1.666667","6.333333","2899","0","0","0","0","0","0","0","580","580","0","0","0","0","0","0","0.966667","0",,,,,,,,,,,,,,,,,,,,,,,,,,,,
"2A","C0","6","1","true","depois","2026-09-23T22:28:31.073Z","180.003","10","1800","1800","0","0","0","0","0","7.200297","8.207857","642.212183","1259.802991","9.999833","0","1821","1821","0","0","100","100","28.97191","75.413227","1372.689962","0.06578","0.097727","82.651801","86.734375","0.237357","0.385025","149.349175","196.679688","0.003877","0.005399","8.822591","9.570313","0.007967","0.013412","2.819987","3.25","0.039939","0.061276","14.653103","15.285156","0.035349","0.052549","11.453559","11.945313","0.021195","0.031544","11.428277","12.355469","0.020509","0.030494","37.564453","38.664063","2.361111","5","1.666667","2.666667","9101","0","0","0","0","0","0","0","1820","1820","0","0","0","0","0","0","1.011111","0",,,,,,,,,,,,,,,,,,,,,,,,,,,,
"2A","C0","6","1","true","execucao",,,,"3601",,,,,,,,,,,,"0","3601","3601","0","0",,,,,,,,,,,,,,,,,,,,,,,,,,,,,,,,,,,,,,,"14",,,"18005","0","0","0","0",,"0","0","3601",,,,,,,,"1","0","marcador FALHA_INICIO","0.030494","true","1.6","0","0","3601","3601","0","0","0","0","","0","0","","0","0","0","0.003","true","0","0","0","0","","",""
"2A","C1","1","3","true","aquecimento","2026-09-23T19:44:25.116Z","60","10","601","601","0","0","0","0","0","6.926217","11.293888","744.503748","1151.929764","10.016667","0","600","600","0","0","100","100","27.806401","46.38797","1491.775036","0.049423","0.086034","58.167969","61.214844","0.220695","0.289548","149.111654","193.5","0.002728","0.004537","3.80013","4.738281","0.00675","0.009869","2.51888","8.832031","0.033212","0.051922","12.552083","13.691406","0.027597","0.043013","10.882813","11.328125","0.01674","0.02607","10.823568","11.332031","0.012788","0.018173","26.986328","33.613281","1.416667","5","0.333333","2","2837","0","0","0","0","0","0","0","579","579","0","0","0","0","0","0","0.963394","0",,,,,,,,,,,,,,,,,,,,,,,,,,,,
"2A","C1","1","3","true","antes","2026-09-23T19:45:25.116Z","60","10","600","599","0.166667","1","0","0","0","6.977995","8.609513","1143.142261","1734.303971","9.983333","0","600","600","0","0","100","100","27.842999","39.78368","1876.503944","0.060711","0.089444","78.924805","79.242188","0.230241","0.285065","144.91862","194.777344","0.003502","0.004416","3.898763","4.484375","0.007131","0.009259","2.223307","2.65625","0.037509","0.052403","13.611328","14.082031","0.033389","0.049664","11.080729","11.617188","0.021575","0.028616","11.416992","11.929688","0.014978","0.018069","35.397461","36.605469","2.75","5","0.666667","2","2972","0","0","0","0","0","0","0","600","600","0","0","0","0","0","0","1","0",,,,,,,,,,,,,,,,,,,,,,,,,,,,
"2A","C1","1","3","true","falha","2026-09-23T19:46:25.116Z","59.996","10","600","10","98.333333","590","0","0","0","1001.070409","1002.21856","1002.473589","1003.294458","0.166678","0","0","0","0","0","","","","","","0.025085","0.067935","79.398438","79.925781","0.212932","0.351274","139.530924","141.074219","0.016825","0.0261","10.158529","11.726563","0.010057","0.014746","3.482096","3.867188","0.018542","0.036326","14.238281","14.777344","0.011101","0.033707","10.527669","11.113281","0.006617","0.015883","10.408854","11.007813","0.01457","0.01895","37.138997","37.707031","0.333333","4","1.333333","0","191","0","0","0","0","0","0","0","590","21","0","569","0","0","0","0","0.983333","0",,,,,,,,,,,,,,,,,,,,,,,,,,,,
"2A","C1","1","3","true","depois","2026-09-23T19:47:25.112Z","180.004","10","1800","1800","0","0","0","0","0","6.955012","8.234269","902.950577","1630.429836","9.999778","0","1810","1810","0","0","100","100","27.855992","41.303325","1785.186052","0.058126","0.087705","81.917535","87.121094","0.22534","0.375167","152.846029","196.980469","0.004721","0.018586","9.315647","11.726563","0.007389","0.012641","2.678277","3.71875","0.035849","0.051458","14.336914","15.1875","0.0311","0.046468","11.420139","15.765625","0.019394","0.028619","11.418945","12.246094","0.015752","0.022054","38.084093","39.25","2.055556","5","1.666667","2.333333","8882","0","0","0","0","0","0","0","1810","1788","0","22","0","0","0","0","1.005556","0",,,,,,,,,,,,,,,,,,,,,,,,,,,,
"2A","C1","1","3","true","execucao",,,,"3601",,,,,,,,,,,,"0","3010","3010","0","0",,,,,,,,,,,,,,,,,,,,,,,,,,,,,,,,,,,,,,,"5",,,"15050","0","0","0","0",,"0","0","3601",,,,,,,,"1","0","marcador FALHA_INICIO","0.022054","true","1.6","0","0","3010","3010","0","0","0","0","","0","0","","0","0","0","0.004","true","0","0","0","0","","",""
"2A","C1","2","5","true","aquecimento","2026-09-23T20:33:20.831Z","60","10","601","601","0","0","0","0","0","7.102023","470.277276","731.601837","1105.86884","10.016667","0","600","600","0","0","100","100","28.398037","2670.1702","4870.325804","0.052505","0.08392","63.78418","77.226563","0.248381","0.503366","146.824544","178.394531","0.002766","0.005158","3.955078","4.644531","0.006572","0.009677","1.937174","2.082031","0.031564","0.047686","13.049154","15.457031","0.028175","0.038698","10.782552","11.214844","0.018133","0.027574","10.917643","11.34375","0.018977","0.024741","28.752131","32.867188","1.916667","5","1.666667","2","2796","0","0","0","0","0","0","0","570","570","0","0","0","0","0","0","0.948419","0",,,,,,,,,,,,,,,,,,,,,,,,,,,,
"2A","C1","2","5","true","antes","2026-09-23T20:34:20.831Z","60","10","600","599","0.166667","1","0","0","0","7.092752","8.322378","829.415323","1316.764017","9.983333","0","600","600","0","0","100","100","28.238058","37.636912","1467.319012","0.066272","0.078285","77.475911","78.328125","0.236291","0.33328","158.109701","194.125","0.003528","0.004271","4.115234","4.640625","0.007365","0.008945","1.936523","2.382813","0.039608","0.059885","13.446289","13.96875","0.034727","0.04586","11.227865","11.734375","0.020565","0.027997","11.298503","11.660156","0.019712","0.0269","34.75","36.179688","1.833333","4","2","1.666667","3000","0","0","0","0","0","0","0","600","600","0","0","0","0","0","0","1","0",,,,,,,,,,,,,,,,,,,,,,,,,,,,
"2A","C1","2","5","true","falha","2026-09-23T20:35:20.831Z","59.997","10","600","10","98.333333","590","0","0","0","1001.182185","1002.291935","1002.465037","1002.872117","0.166675","0","0","0","0","0","","","","","","0.022966","0.067596","77.606771","77.980469","0.215224","0.342518","148.710938","191.972656","0.017054","0.0266","10.027344","11.972656","0.009561","0.015512","2.895182","3.859375","0.01955","0.045468","14.461263","15.074219","0.011252","0.048268","10.56543","10.875","0.007178","0.0226","10.375977","11.285156","0.017896","0.026378","36.741211","37.140625","0","0","0","0","204","0","0","0","0","0","0","0","590","30","0","560","0","0","0","0","0.983333","0",,,,,,,,,,,,,,,,,,,,,,,,,,,,
"2A","C1","2","5","true","depois","2026-09-23T20:36:20.828Z","180.003","10","1799","1799","0","0","0","0","0","7.111103","8.056312","615.604945","1763.009814","9.994278","0","1809","1809","0","0","100","100","28.279066","38.610649","1809.455872","0.060625","0.094595","79.479926","83.527344","0.230658","0.38039","153.217556","198.128906","0.004888","0.021779","10.819553","12.148438","0.007939","0.014089","2.534071","3.601563","0.036845","0.055867","14.407335","18.535156","0.031838","0.053685","11.388021","11.914063","0.019814","0.028738","11.146593","11.789063","0.020157","0.030081","37.300347","38","2.527778","14","0.333333","2","8841","0","0","0","0","0","0","0","1810","1779","0","31","0","0","0","0","1.006115","0",,,,,,,,,,,,,,,,,,,,,,,,,,,,
"2A","C1","2","5","true","execucao",,,,"3600",,,,,,,,,,,,"0","3009","3009","0","0",,,,,,,,,,,,,,,,,,,,,,,,,,,,,,,,,,,,,,,"14",,,"15045","0","0","0","0",,"0","0","3600",,,,,,,,"1","0","marcador FALHA_INICIO","0.030081","true","1.6","0","0","3009","3009","0","0","0","0","","0","0","","0","0","0","0.003","true","0","0","0","0","","",""
"2A","C1","3","3","true","aquecimento","2026-09-23T20:54:21.132Z","60","10","601","601","0","0","0","0","0","7.222381","9.152871","890.094983","1032.519374","10.016667","0","600","600","0","0","100","100","29.341936","85.85937","2396.277905","0.055937","0.075266","63.219076","77.273438","0.234637","0.383967","146.455404","193.355469","0.003117","0.004688","3.752604","4.3125","0.007172","0.009751","1.886719","2.605469","0.032493","0.056019","12.75293","13.628906","0.028669","0.038285","10.625977","10.902344","0.017705","0.025376","11.122396","11.621094","0.017082","0.024679","26.461263","32.476563","2","5","1","2.666667","2777","0","0","0","0","0","0","0","566","566","0","0","0","0","0","0","0.941764","0",,,,,,,,,,,,,,,,,,,,,,,,,,,,
"2A","C1","3","3","true","antes","2026-09-23T20:55:21.132Z","60","10","600","599","0.166667","1","0","0","0","7.270673","10.139502","1464.194349","1788.144149","9.983333","0","600","600","0","0","100","100","29.354453","69.527435","2241.154909","0.064967","0.093852","77.593099","77.792969","0.221396","0.306201","159.865885","197.453125","0.003543","0.004861","4.219401","4.585938","0.007315","0.010066","2.059896","2.335938","0.038459","0.055853","13.418294","13.761719","0.034265","0.03854","11.37207","11.730469","0.021882","0.028536","11.360677","11.765625","0.021045","0.026247","35.210286","36.550781","2.166667","4","2.333333","2","3000","0","0","0","0","0","0","0","600","600","0","0","0","0","0","0","1","0",,,,,,,,,,,,,,,,,,,,,,,,,,,,
"2A","C1","3","3","true","falha","2026-09-23T20:56:21.132Z","59.997","10","600","10","98.333333","590","0","0","0","1001.206814","1002.13535","1002.423026","1003.655713","0.166675","0","0","0","0","0","","","","","","0.020908","0.075413","78.05599","78.714844","0.220386","0.293077","160.741536","189.894531","0.018241","0.023376","10.621094","11.457031","0.010437","0.013674","3.374023","3.632813","0.018798","0.045932","14.192708","14.550781","0.008637","0.034111","10.429688","11.195313","0.005899","0.021598","10.393229","11.023438","0.016062","0.021476","36.280273","36.527344","0","0","0","0","223","0","0","0","0","0","0","0","590","34","0","556","0","0","0","0","0.983333","0",,,,,,,,,,,,,,,,,,,,,,,,,,,,
"2A","C1","3","3","true","depois","2026-09-23T20:57:21.129Z","180.003","10","1799","1799","0","0","0","0","0","7.395055","722.661475","3044.903468","3920.887888","9.994278","0","1809","1809","0","0","100","100","28.946877","1949.361038","9306.55098","0.060955","0.0863","79.360677","83.792969","0.232762","0.349521","151.662543","197.636719","0.004759","0.019124","9.805122","11.894531","0.007856","0.012387","2.64681","3.28125","0.037501","0.056726","14.22678","15.035156","0.033005","0.053405","11.424045","12.070313","0.020203","0.030381","11.304036","12.046875","0.019687","0.027657","37.382378","38.585938","3.305556","25","1","1.333333","8822","0","0","0","0","0","0","0","1810","1775","0","35","0","0","0","0","1.006115","0",,,,,,,,,,,,,,,,,,,,,,,,,,,,
"2A","C1","3","3","true","execucao",,,,"3600",,,,,,,,,,,,"0","3009","3009","0","0",,,,,,,,,,,,,,,,,,,,,,,,,,,,,,,,,,,,,,,"25",,,"15045","0","0","0","0",,"0","0","3600",,,,,,,,"1","0","marcador FALHA_INICIO","0.027657","true","1.6","0","0","3009","3009","0","0","0","0","","0","0","","0","0","0","0.003","true","0","0","0","0","","",""
"2A","C1","4","4","true","aquecimento","2026-09-23T21:36:22.844Z","60","10","601","601","0","0","0","0","0","7.21799","706.980205","932.535477","1162.058141","10.016667","0","600","600","0","0","100","100","28.607965","5538.976705","8007.455111","0.058041","0.117723","72.254883","80.542969","0.240822","0.29242","153.389974","196.691406","0.002991","0.004543","4.230143","4.902344","0.007048","0.010317","1.779622","2.113281","0.03436","0.050191","12.625","13.855469","0.030246","0.046042","10.950521","11.820313","0.018624","0.037467","10.831706","11.296875","0.017464","0.02864","29.505859","33.296875","8.916667","43","14.333333","2","2787","0","0","0","0","0","0","0","548","548","0","0","0","0","0","0","0.911814","0",,,,,,,,,,,,,,,,,,,,,,,,,,,,
"2A","C1","4","4","true","antes","2026-09-23T21:37:22.844Z","60","10","600","599","0.166667","1","0","0","0","7.218004","77.619749","1160.130766","1411.355375","9.983333","0","600","600","0","0","100","100","28.559923","547.571158","2978.442192","0.067666","0.082535","79.490885","79.988281","0.243617","0.402122","145.479492","193.984375","0.003691","0.00456","4.528971","4.960938","0.007935","0.011632","2.088216","2.554688","0.039018","0.057613","13.640951","14.3125","0.036531","0.049607","11.312826","11.582031","0.021641","0.030875","10.971354","11.933594","0.020644","0.03039","35.260417","36.578125","3.5","12","6","3","3000","0","0","0","0","0","0","0","600","600","0","0","0","0","0","0","1","0",,,,,,,,,,,,,,,,,,,,,,,,,,,,
"2A","C1","4","4","true","falha","2026-09-23T21:38:22.844Z","59.999","10","600","10","98.333333","590","0","0","0","1001.151758","1002.375211","1002.602302","1002.758556","0.166669","0","0","0","0","0","","","","","","0.022896","0.06576","79.52474","79.996094","0.216922","0.321517","166.504557","193.984375","0.017422","0.02808","10.477865","11.832031","0.010681","0.015331","3.204427","3.878906","0.019342","0.039574","13.99349","14.75","0.009727","0.042771","10.56543","11.058594","0.00731","0.017456","10.364909","10.800781","0.0179","0.022426","37.036133","37.480469","0.166667","2","0.666667","0","213","0","0","0","0","0","0","0","590","52","0","538","0","0","0","0","0.983333","0",,,,,,,,,,,,,,,,,,,,,,,,,,,,
"2A","C1","4","4","true","depois","2026-09-23T21:39:22.843Z","180.001","10","1800","1800","0","0","0","0","0","7.212201","10.673101","941.513093","1913.726544","9.999944","0","1810","1810","0","0","100","100","28.916001","118.852317","2240.658045","0.063263","0.1047","80.617947","81.742188","0.23574","0.385199","153.736328","195.222656","0.005139","0.025393","10.562283","11.625","0.007664","0.01308","2.52691","4.042969","0.038197","0.058456","14.188477","14.875","0.032645","0.053065","11.438151","12.300781","0.020327","0.034973","11.314019","11.917969","0.019813","0.030158","37.720812","38.582031","2.111111","5","1","3.333333","8832","0","0","0","0","0","0","0","1810","1757","0","53","0","0","0","0","1.005556","0",,,,,,,,,,,,,,,,,,,,,,,,,,,,
"2A","C1","4","4","true","execucao",,,,"3601",,,,,,,,,,,,"0","3010","3010","0","0",,,,,,,,,,,,,,,,,,,,,,,,,,,,,,,,,,,,,,,"43",,,"15050","0","0","0","0",,"0","0","3601",,,,,,,,"1","0","marcador FALHA_INICIO","0.03039","true","1.6","0","0","3010","3010","0","0","0","0","","0","0","","0","0","0","0.001","true","0","0","0","0","","",""
"2A","C1","5","3","true","aquecimento","2026-09-23T22:04:28.801Z","60","10","601","601","0","0","0","0","0","7.20425","119.065244","809.622638","1197.83586","10.016667","0","600","600","0","0","100","100","28.427958","411.193454","1934.514046","0.057268","0.078675","67.917643","73.261719","0.227067","0.2964","144.479492","181.203125","0.003029","0.004407","3.82487","4.582031","0.007346","0.010447","2.001302","2.582031","0.034587","0.051431","12.597005","14.03125","0.029756","0.042779","10.576823","11.109375","0.018007","0.028725","10.609049","11.183594","0.017294","0.028575","29.647135","33.476563","1.75","5","1.666667","1.666667","2862","0","0","0","0","0","0","0","588","588","0","0","0","0","0","0","0.978369","0",,,,,,,,,,,,,,,,,,,,,,,,,,,,
"2A","C1","5","3","true","antes","2026-09-23T22:05:28.801Z","60","10","600","599","0.166667","1","0","0","0","7.241602","8.034567","415.97647","1001.302642","9.983333","0","600","600","0","0","100","100","28.406501","33.32032","961.863041","0.063378","0.080349","77.235677","78.003906","0.2278","0.290605","154.549479","192.039063","0.003714","0.005186","4.321615","5.078125","0.007519","0.010619","2.03418","2.242188","0.039986","0.05807","13.498372","14.035156","0.034401","0.047387","11.188151","11.675781","0.020802","0.027162","11.216146","11.554688","0.018164","0.022481","36.220378","36.6875","2.416667","5","2.333333","1.666667","3024","0","0","0","0","0","0","0","600","600","0","0","0","0","0","0","1","0",,,,,,,,,,,,,,,,,,,,,,,,,,,,
"2A","C1","5","3","true","falha","2026-09-23T22:06:28.801Z","59.998","10","600","10","98.333333","590","0","0","0","1001.188388","1002.073222","1002.475612","1002.709446","0.166672","0","0","0","0","0","","","","","","0.02416","0.070846","77.725911","78.046875","0.225538","0.330776","142.469076","179.792969","0.017767","0.027471","10.054362","11.457031","0.010741","0.015958","3.383464","3.714844","0.018452","0.039033","14.192708","14.992188","0.010933","0.039201","10.383138","10.675781","0.007719","0.024266","10.417643","11.554688","0.018589","0.028753","37.392904","38.207031","0.416667","5","1.666667","0","114","0","0","0","0","0","0","0","590","12","0","578","0","0","0","0","0.983333","0",,,,,,,,,,,,,,,,,,,,,,,,,,,,
"2A","C1","5","3","true","depois","2026-09-23T22:07:28.799Z","180.002","10","1800","1800","0","0","0","0","0","7.280828","8.699115","962.370495","1601.311432","9.999889","0","1810","1810","0","0","100","100","28.507471","67.763615","1740.923882","0.062095","0.089452","79.252062","81.769531","0.238053","0.345218","153.345378","196.007813","0.005173","0.0285","10.741645","12.070313","0.008045","0.014017","2.496962","3.714844","0.037648","0.059713","14.238173","15.140625","0.032767","0.052181","11.395399","12.105469","0.020181","0.029622","11.340278","12.007813","0.020136","0.029477","38.091146","39.261719","2.5","5","1","2.666667","8913","0","0","0","0","0","0","0","1810","1797","0","13","0","0","0","0","1.005556","0",,,,,,,,,,,,,,,,,,,,,,,,,,,,
"2A","C1","5","3","true","execucao",,,,"3601",,,,,,,,,,,,"0","3010","3010","0","0",,,,,,,,,,,,,,,,,,,,,,,,,,,,,,,,,,,,,,,"5",,,"15050","0","0","0","0",,"0","0","3601",,,,,,,,"1","0","marcador FALHA_INICIO","0.029477","true","1.9","0","0","3010","3010","0","0","0","0","","0","0","","0","0","0","0.002","true","0","0","0","0","","",""
"2A","C1","6","4","true","aquecimento","2026-09-23T22:46:29.973Z","60","10","601","601","0","0","0","0","0","7.323132","1567.7743","3941.72942","4531.902061","10.016667","0","600","600","0","0","100","100","39.538383","3917.521966","6373.252869","0.057139","0.095279","64.747396","75.550781","0.232206","0.312237","154.161133","195.3125","0.003023","0.005143","3.611328","4.394531","0.006821","0.010313","2.057292","2.773438","0.034203","0.052827","12.691406","13.628906","0.030774","0.04459","10.901367","11.46875","0.018024","0.032728","10.676432","11.433594","0.020219","0.029777","26.660807","33.75","1.5","5","0.666667","1.333333","2821","0","0","0","0","0","0","0","575","575","0","0","0","0","0","0","0.956739","0",,,,,,,,,,,,,,,,,,,,,,,,,,,,
"2A","C1","6","4","true","antes","2026-09-23T22:47:29.973Z","60","10","600","599","0.166667","1","0","0","0","7.134132","7.863119","584.215823","1074.748879","9.983333","0","600","600","0","0","100","100","39.975882","56.55762","1207.036018","0.064368","0.082254","76.271159","80.769531","0.239715","0.297966","145.230143","191.761719","0.00332","0.004597","4.298177","4.832031","0.007418","0.010249","1.99349","2.53125","0.039163","0.053914","13.754232","14.109375","0.034307","0.042112","11.371745","11.816406","0.019977","0.027408","11.073893","11.539063","0.019144","0.0237","34.601237","36.820313","2.333333","4","2.333333","2.666667","3000","0","0","0","0","0","0","0","600","600","0","0","0","0","0","0","1","0",,,,,,,,,,,,,,,,,,,,,,,,,,,,
"2A","C1","6","4","true","falha","2026-09-23T22:48:29.973Z","59.998","10","600","10","98.333333","590","0","0","0","1001.231817","1002.381914","1002.537662","1003.317207","0.166672","0","0","0","0","0","","","","","","0.023059","0.071159","76.225586","80.527344","0.202879","0.274353","143.391927","170.113281","0.017142","0.026121","9.973633","11.5625","0.010056","0.016557","3.282227","3.988281","0.019092","0.031674","14.069987","14.488281","0.010731","0.029649","11.151693","14.964844","0.008973","0.024447","10.268555","11.167969","0.019218","0.027317","36.563477","37.167969","0.083333","1","0.333333","0","179","0","0","0","0","0","0","0","590","25","0","565","0","0","0","0","0.983333","0",,,,,,,,,,,,,,,,,,,,,,,,,,,,
"2A","C1","6","4","true","depois","2026-09-23T22:49:29.971Z","180.002","10","1800","1800","0","0","0","0","0","7.263359","19.150568","892.040333","1724.100358","9.999889","0","1810","1810","0","0","100","100","38.740873","62.223291","1853.182077","0.061637","0.103111","79.474392","81.894531","0.238838","0.379363","147.961589","196.785156","0.005208","0.0269","10.185872","11.230469","0.007871","0.013044","2.544488","3.234375","0.037486","0.056664","14.440213","15.257813","0.032678","0.048565","11.464084","12.140625","0.019916","0.02678","11.129666","12.617188","0.020079","0.029752","37.36556","38.347656","1.777778","5","1.333333","2","8867","0","0","0","0","0","0","0","1810","1784","0","26","0","0","0","0","1.005556","0",,,,,,,,,,,,,,,,,,,,,,,,,,,,
"2A","C1","6","4","true","execucao",,,,"3601",,,,,,,,,,,,"0","3010","3010","0","0",,,,,,,,,,,,,,,,,,,,,,,,,,,,,,,,,,,,,,,"5",,,"15050","0","0","0","0",,"0","0","3601",,,,,,,,"1","0","marcador FALHA_INICIO","0.029777","true","1.8","0","0","3010","3010","0","0","0","0","","0","0","","0","0","0","65.002","true","0","0","0","0","","",""
"2A","C2","1","1","true","aquecimento","2026-09-23T19:30:27.008Z","60","10","601","601","0","0","0","0","0","7.07562","853.820463","1219.511986","1681.778232","10.016667","0","600","600","0","0","100","100","28.729677","7161.318588","9556.07295","0.054206","0.082846","61.436523","77.28125","0.222831","0.28581","154.161784","193.296875","0.002939","0.004468","3.747721","4.425781","0.007062","0.009837","1.990885","2.730469","0.032104","0.059493","12.977539","13.835938","0.026836","0.039639","10.905599","11.808594","0.01622","0.025387","11.189453","11.671875","0.015127","0.022117","29.922852","33.621094","6.583333","56","1.333333","2.333333","2746","0","0","0","0","0","0","0","560","560","0","0","0","0","0","0","0.93178","0",,,,,,,,,,,,,,,,,,,,,,,,,,,,
"2A","C2","1","1","true","antes","2026-09-23T19:31:27.008Z","60","10","600","600","0","0","0","0","0","7.038785","9.815781","872.432939","1462.911584","10","0","600","600","0","0","100","100","28.03731","51.710331","1505.439043","0.063941","0.082224","77.713542","78.085938","0.231697","0.38052","141.35319","142.808594","0.003706","0.005012","4.290365","5.261719","0.007146","0.010708","2.086263","2.554688","0.036924","0.048341","13.997721","14.328125","0.03648","0.050835","11.345703","11.6875","0.021109","0.033977","11.189453","11.71875","0.019414","0.028656","35.703451","36.210938","2.75","5","3.333333","2","3000","0","0","0","0","0","0","0","600","600","0","0","0","0","0","0","1","0",,,,,,,,,,,,,,,,,,,,,,,,,,,,
"2A","C2","1","1","true","falha","2026-09-23T19:32:27.008Z","59.998","10","600","34","94.333333","566","0","0","0","3305.698972","3307.217712","3308.20937","3402.818869","0.566686","0","1","1","0","0","100","100","28.55587","28.55587","28.55587","0.023893","0.05294","79.470703","80.292969","0.219363","0.315865","159.767904","198.199219","0.04437","0.072118","18.366862","20.960938","0.020101","0.034165","4.305013","4.5625","0.028698","0.045466","15.135742","16.019531","0.007887","0.029681","10.550456","11.261719","0.007095","0.028705","10.422526","11.324219","0.018441","0.024703","37.044271","38.164063","0","0","0","0","259","0","0","0","0","0","0","0","1654","41","0","1613","0","0","0","0","2.756667","0",,,,,,,,,,,,,,,,,,,,,,,,,,,,
"2A","C2","1","1","true","depois","2026-09-23T19:33:27.006Z","180.002","10","1800","1800","0","0","0","0","0","7.249186","18.32027","665.089622","1556.745111","9.999889","0","1834","1834","0","0","100","100","28.620124","109.034801","1723.213911","0.062066","0.104538","80.778429","83.179688","0.227884","0.332421","148.823025","190.941406","0.007057","0.061631","18.394423","20.71875","0.008964","0.032198","3.41645","5.144531","0.038844","0.05714","15.294596","16.066406","0.033446","0.051839","11.489366","12.316406","0.020205","0.028536","11.332899","12.199219","0.019909","0.027434","37.787326","38.476563","2.194444","16","0","2.333333","8911","0","0","0","0","0","0","0","1914","1793","0","121","0","0","0","0","1.063333","0",,,,,,,,,,,,,,,,,,,,,,,,,,,,
"2A","C2","1","1","true","execucao",,,,"3601",,,,,,,,,,,,"0","3035","3035","0","0",,,,,,,,,,,,,,,,,,,,,,,,,,,,,,,,,,,,,,,"56",,,"15175","0","0","0","0",,"0","0","4769",,,,,,,,"1.324354","0","marcador FALHA_INICIO","0.028656","true","1.6","0","0","3035","3035","0","0","0","0","","0","0","","0","0","0","0.002","true","0","0","0","0","","",""
"2A","C2","2","1","true","aquecimento","2026-09-23T20:05:23.779Z","60","10","601","601","0","0","0","0","0","7.119331","11.046588","856.823306","1331.881402","10.016667","0","600","600","0","0","100","100","28.100491","81.949592","2456.681967","0.052621","0.077085","60.291992","75.777344","0.247272","0.384859","148.822266","184.589844","0.002916","0.004932","3.717448","4.664063","0.006309","0.012934","2.13151","2.519531","0.034394","0.050109","12.413086","13.613281","0.029448","0.043638","11.086263","11.582031","0.018112","0.028194","10.795898","11.347656","0.016806","0.02264","27.077474","33.453125","2.5","7","2","3.666667","2802","0","0","0","0","0","0","0","541","541","0","0","0","0","0","0","0.900166","0",,,,,,,,,,,,,,,,,,,,,,,,,,,,
"2A","C2","2","1","true","antes","2026-09-23T20:06:23.779Z","60","10","600","599","0.166667","1","0","0","0","7.08888","7.861129","666.068569","3306.215414","9.983333","0","600","600","0","0","100","100","27.974606","31.844699","1303.510904","0.061653","0.099356","76.051107","76.46875","0.230102","0.338282","156.910807","194.296875","0.003689","0.005205","4.134115","4.855469","0.007676","0.009599","2.222005","2.597656","0.037896","0.047849","13.715169","14.128906","0.034037","0.041499","11.56901","12.335938","0.019698","0.027013","11.263021","11.574219","0.02008","0.029474","34.641276","36.03125","2.5","5","2","3","3000","0","0","0","0","0","0","0","600","600","0","0","0","0","0","0","1","0",,,,,,,,,,,,,,,,,,,,,,,,,,,,
"2A","C2","2","1","true","falha","2026-09-23T20:07:23.779Z","59.998","10","600","34","94.333333","566","0","0","0","3305.963782","3307.620454","3308.280371","3375.134681","0.566686","0","0","0","0","0","","","","","","0.027998","0.091102","77.746419","78.214844","0.21231","0.279466","148.262695","193.347656","0.042018","0.08252","18.09668","20.871094","0.020487","0.03381","3.900065","4.644531","0.028679","0.040919","15.219076","15.859375","0.009982","0.045116","10.452799","11.378906","0.007702","0.025406","10.225586","10.5","0.017637","0.023583","36.86849","37.648438","0.25","3","1","0","198","0","0","0","0","0","0","0","1618","59","0","1559","0","0","0","0","2.696667","0",,,,,,,,,,,,,,,,,,,,,,,,,,,,
"2A","C2","2","1","true","depois","2026-09-23T20:08:23.777Z","180.002","10","1800","1800","0","0","0","0","0","7.47198","18.794889","659.360079","1254.665717","9.999889","0","1834","1834","0","0","100","100","32.116532","81.955922","1371.892929","0.062131","0.089116","80.285807","84.160156","0.232871","0.354574","151.896484","197.226563","0.007331","0.066489","18.431641","21.136719","0.008646","0.022711","3.568902","4.441406","0.038966","0.056341","15.497613","19.519531","0.03271","0.051993","11.363607","12.0625","0.01998","0.029632","11.246202","11.871094","0.020035","0.030342","37.877821","38.964844","1.833333","5","0.333333","2.333333","8967","0","0","0","0","0","0","0","1952","1774","0","178","0","0","0","0","1.084444","0",,,,,,,,,,,,,,,,,,,,,,,,,,,,
"2A","C2","2","1","true","execucao",,,,"3601",,,,,,,,,,,,"0","3034","3034","0","0",,,,,,,,,,,,,,,,,,,,,,,,,,,,,,,,,,,,,,,"7",,,"15170","0","0","0","0",,"0","0","4771",,,,,,,,"1.32491","0","marcador FALHA_INICIO","0.030342","true","1.6","0","0","3034","3034","0","0","0","0","","0","0","","0","0","0","0.002","true","0","0","0","0","","",""
"2A","C2","3","4","true","aquecimento","2026-09-23T21:01:20.104Z","60","10","601","601","0","0","0","0","0","7.11155","9.097262","696.409646","903.211461","10.016667","0","600","600","0","0","100","100","28.455138","34.728503","2126.543045","0.056704","0.100915","68.091146","76.714844","0.229935","0.298852","140.645508","143.070313","0.002624","0.004424","3.442708","3.996094","0.006447","0.010302","1.998698","2.390625","0.034124","0.053574","12.652344","13.457031","0.033203","0.045265","10.038737","11.589844","0.018249","0.028775","10.901367","11.800781","0.016619","0.025725","26.454753","33.382813","1.833333","5","0.333333","2.666667","2827","0","0","0","0","0","0","0","577","577","0","0","0","0","0","0","0.960067","0",,,,,,,,,,,,,,,,,,,,,,,,,,,,
"2A","C2","3","4","true","antes","2026-09-23T21:02:20.104Z","60","10","600","599","0.166667","1","0","0","0","7.137685","8.213997","664.446644","3305.45979","9.983333","0","600","600","0","0","100","100","28.367996","32.266641","1295.397997","0.061825","0.074836","77.505534","77.859375","0.229308","0.292587","153.140951","193.296875","0.003635","0.004363","4.101563","4.484375","0.007276","0.009653","2.009766","2.324219","0.039588","0.059263","13.291016","13.507813","0.034867","0.043507","11.383464","11.8125","0.02152","0.031343","11.225911","11.785156","0.018648","0.027144","35.016927","36.183594","2.5","5","1.666667","3","3000","0","0","0","0","0","0","0","600","600","0","0","0","0","0","0","1","0",,,,,,,,,,,,,,,,,,,,,,,,,,,,
"2A","C2","3","4","true","falha","2026-09-23T21:03:20.104Z","59.998","10","600","34","94.333333","566","0","0","0","3305.821904","3307.280382","3308.078644","3385.74852","0.566686","0","0","0","0","0","","","","","","0.030205","0.077334","79.985026","84.636719","0.216844","0.280251","148.521159","193.570313","0.041186","0.06871","17.087565","21.058594","0.019812","0.030867","4.072591","4.925781","0.028501","0.040256","14.91862","15.527344","0.010253","0.03048","10.697591","11.8125","0.007105","0.022545","10.20931","10.917969","0.018716","0.025251","37.304362","38.117188","0.083333","1","0.333333","0","173","0","0","0","0","0","0","0","1690","23","0","1667","0","0","0","0","2.816667","0",,,,,,,,,,,,,,,,,,,,,,,,,,,,
"2A","C2","3","4","true","depois","2026-09-23T21:04:20.102Z","180.002","10","1800","1800","0","0","0","0","0","7.122411","8.178204","487.492155","1180.257268","9.999889","0","1834","1834","0","0","100","100","28.828979","47.042406","1298.818827","0.061611","0.094619","83.393012","85.332031","0.233203","0.352439","149.626194","194.785156","0.00755","0.062648","17.447266","20.996094","0.008731","0.028201","3.610569","9.972656","0.03929","0.058401","15.358941","16.152344","0.033025","0.045486","11.360026","11.882813","0.020477","0.03179","11.77832","15.683594","0.018597","0.02749","37.554796","38.121094","2.333333","12","0","2","8992","0","0","0","0","0","0","0","1881","1810","0","71","0","0","0","0","1.045","0",,,,,,,,,,,,,,,,,,,,,,,,,,,,
"2A","C2","3","4","true","execucao",,,,"3601",,,,,,,,,,,,"0","3034","3034","0","0",,,,,,,,,,,,,,,,,,,,,,,,,,,,,,,,,,,,,,,"12",,,"15170","0","0","0","0",,"0","0","4772",,,,,,,,"1.325187","0","marcador FALHA_INICIO","0.02749","true","1.6","0","0","3034","3034","0","0","0","0","","0","0","","0","0","0","0.002","true","0","0","0","0","","",""
"2A","C2","4","5","true","aquecimento","2026-09-23T21:43:21.847Z","60","10","601","601","0","0","0","0","0","7.211066","9.977298","1077.515324","1668.974874","10.016667","0","600","600","0","0","100","100","28.533459","72.084236","2302.305937","0.058137","0.09989","60.545247","75.183594","0.23691","0.30391","148.764648","184.328125","0.00326","0.005007","3.911784","4.929688","0.007065","0.009725","1.883464","2.179688","0.032738","0.046803","12.886719","13.304688","0.031366","0.043181","11.62207","15.453125","0.019308","0.028073","10.905924","11.460938","0.017189","0.022645","29.344076","33.265625","2.333333","4","1","2.666667","2835","0","0","0","0","0","0","0","558","558","0","0","0","0","0","0","0.928453","0",,,,,,,,,,,,,,,,,,,,,,,,,,,,
"2A","C2","4","5","true","antes","2026-09-23T21:44:21.847Z","60","10","600","599","0.166667","1","0","0","0","7.2318","8.388892","1088.84222","3306.330174","9.983333","0","600","600","0","0","100","100","28.491974","69.686568","1718.107939","0.063179","0.083102","77.358724","77.820313","0.240974","0.327883","158.764648","196.664063","0.003806","0.005076","3.998698","4.695313","0.007477","0.009374","2.005534","2.421875","0.039509","0.048624","13.709961","14.394531","0.034885","0.044316","11.219076","11.714844","0.020785","0.028085","11.052409","11.609375","0.019588","0.028529","36.026042","37.75","2.583333","4","2.333333","2.666667","3001","0","0","0","0","0","0","0","600","600","0","0","0","0","0","0","1","0",,,,,,,,,,,,,,,,,,,,,,,,,,,,
"2A","C2","4","5","true","falha","2026-09-23T21:45:21.847Z","59.997","10","600","34","94.333333","566","0","0","0","3305.761784","3307.357602","3308.277429","3315.843497","0.566695","0","0","0","0","0","","","","","","0.02604","0.080975","77.956706","78.277344","0.197405","0.323997","150.429688","193.550781","0.046291","0.084546","18.555339","20.980469","0.021052","0.026087","4.087565","4.671875","0.029837","0.043044","15.418945","15.828125","0.008736","0.029136","10.494466","10.992188","0.00638","0.01865","10.143229","11.167969","0.018783","0.025921","37.713216","38.359375","0","0","0","0","164","0","0","0","0","0","0","0","1652","42","0","1610","0","0","0","0","2.753333","0",,,,,,,,,,,,,,,,,,,,,,,,,,,,
"2A","C2","4","5","true","depois","2026-09-23T21:46:21.844Z","180.003","10","1800","1800","0","0","0","0","0","7.407036","19.177759","1027.485677","1611.664379","9.999833","0","1834","1834","0","0","100","100","29.196501","238.90419","1765.872002","0.064033","0.096783","78.787435","79.839844","0.235063","0.362278","154.296224","197.285156","0.006423","0.054342","19.306098","20.667969","0.008672","0.021459","3.402018","4.417969","0.039515","0.058452","15.253364","15.90625","0.034108","0.051301","11.328016","11.859375","0.020709","0.02844","11.372613","12.050781","0.02074","0.03211","37.693685","38.585938","1.305556","5","1.333333","0","9001","0","0","0","0","0","0","0","1918","1791","0","127","0","0","0","0","1.065556","0",,,,,,,,,,,,,,,,,,,,,,,,,,,,
"2A","C2","4","5","true","execucao",,,,"3601",,,,,,,,,,,,"0","3034","3034","0","0",,,,,,,,,,,,,,,,,,,,,,,,,,,,,,,,,,,,,,,"5",,,"15170","0","0","0","0",,"0","0","4771",,,,,,,,"1.32491","0","marcador FALHA_INICIO","0.03211","true","1.7","0","0","3034","3034","0","0","0","0","","0","0","","0","0","0","15.003","true","0","0","0","0","","",""
"2A","C2","5","1","false","aquecimento","2026-09-23T21:50:25.088Z","60","10","601","601","0","0","0","0","0","7.175911","8.87515","715.392306","1054.534399","10.016667","0","600","600","0","0","100","100","28.467417","63.374388","1276.102066","0.054085","0.075942","60.272461","75.328125","0.261172","0.517304","162.041341","193.03125","0.002874","0.004259","3.476563","4.15625","0.006928","0.00942","2.692057","7.039063","0.033685","0.052903","12.809245","13.957031","0.030212","0.042619","10.793945","11.265625","0.018647","0.023907","10.610677","11.351563","0.018801","0.028318","28.285807","34.894531","2.416667","5","0.333333","3","2822","0","0","0","0","0","0","0","576","576","0","0","0","0","0","0","0.958403","0",,,,,,,,,,,,,,,,,,,,,,,,,,,,
"2A","C2","5","1","false","antes","2026-09-23T21:51:25.088Z","60","10","600","599","0.166667","1","0","0","0","7.290346","10.752556","813.035067","3304.818645","9.983333","0","600","600","0","0","100","100","28.695941","62.655473","1434.536934","0.066554","0.100319","75.420898","75.6875","0.242352","0.301029","145.610352","168.878906","0.003939","0.005234","4.091471","4.816406","0.007459","0.010025","2.060547","2.816406","0.040317","0.061057","13.820964","14.5","0.034523","0.041663","11.221029","11.8125","0.020819","0.026646","11.303385","11.6875","0.019082","0.026371","35.437174","36.484375","2.583333","4","2.666667","2.666667","3000","0","0","0","0","0","0","0","600","600","0","0","0","0","0","0","1","0",,,,,,,,,,,,,,,,,,,,,,,,,,,,
"2A","C2","5","1","false","falha","2026-09-23T21:52:25.088Z","59.998","10","600","0","100","600","0","0","0","3305.925849","3307.852947","3308.596267","3309.307702","0","0","0","0","0","0","","","","","","0.027348","0.057632","77.359049","78.058594","0.218366","0.365569","162.884115","195.878906","0.041645","0.065176","17.390951","21.035156","0.020612","0.036581","3.962891","4.628906","0.030761","0.037982","15.047526","15.996094","0.011372","0.050646","10.458659","11","0.007477","0.023279","10.214193","10.679688","0.019477","0.024858","37.379232","38.167969","0.25","3","1","0","178","0","0","0","0","","0","0","1687","24","0","1663","0","0","0","0","2.811667","0",,,,,,,,,,,,,,,,,,,,,,,,,,,,
"2A","C2","5","1","false","depois","2026-09-23T21:53:25.086Z","180.002","10","1800","0","100","1800","0","0","0","3305.851787","3307.515538","3308.307113","3309.326025","0","0","0","0","0","0","","","","","","0.017754","0.024054","78.066949","79.820313","0.215407","0.352109","144.68533","192.054688","0.055923","0.082746","21.600803","22.4375","0.024884","0.036227","4.346571","4.949219","0.028096","0.043499","15.641276","16.339844","0.003362","0.00516","10.328559","10.894531","0.003424","0.004874","10.239258","10.5625","0.019245","0.033058","38.562826","39.332031","0","0","0","0","0","0","0","0","0","","0","0","5401","0","0","5401","0","0","0","0","3.000556","0",,,,,,,,,,,,,,,,,,,,,,,,,,,,
"2A","C2","5","1","false","execucao",,,,"3601",,,,,,,,,,,,"0","1200","1200","0","0",,,,,,,,,,,,,,,,,,,,,,,,,,,,,,,,,,,,,,,"5",,,"6000","0","0","0","0",,"0","0","8403",,,,,,,,"2.333518","0","marcador FALHA_INICIO","0.033058","true","2.4","0","0","1200","1200","0","0","0","0","","0","0","","0","0","0","","false","0","0","0","0","","",""
"2A","C2","6","2","true","aquecimento","2026-09-23T22:32:29.679Z","60","10","601","601","0","0","0","0","0","7.188561","8.560963","1202.702089","1702.245478","10.016667","0","600","600","0","0","100","100","28.388023","57.37958","1938.899994","0.055443","0.092104","57.344727","75.550781","0.241803","0.388612","140.940104","141.769531","0.002801","0.00546","3.629883","4.503906","0.006482","0.01047","2.121745","2.265625","0.033904","0.056226","12.722005","13.667969","0.029695","0.041471","11.121745","11.667969","0.018215","0.028084","10.692383","10.972656","0.017678","0.030509","27.058919","34.234375","1.75","5","0.333333","2.333333","2837","0","0","0","0","0","0","0","579","579","0","0","0","0","0","0","0.963394","0",,,,,,,,,,,,,,,,,,,,,,,,,,,,
"2A","C2","6","2","true","antes","2026-09-23T22:33:29.679Z","60","10","600","599","0.166667","1","0","0","0","7.190218","8.11228","708.079368","3304.810762","9.983333","0","600","600","0","0","100","100","28.439045","57.087219","1345.322847","0.062703","0.087313","77.320964","82.667969","0.230467","0.299066","149.847982","193.804688","0.003724","0.005343","4.251953","4.707031","0.007648","0.012207","2.28125","2.691406","0.039782","0.049811","13.671875","14.027344","0.034867","0.047042","11.291016","11.613281","0.020613","0.026766","11.311523","11.734375","0.019414","0.027525","35.010091","35.65625","2.416667","4","3","2.666667","3000","0","0","0","0","0","0","0","600","600","0","0","0","0","0","0","1","0",,,,,,,,,,,,,,,,,,,,,,,,,,,,
"2A","C2","6","2","true","falha","2026-09-23T22:34:29.679Z","59.997","10","600","34","94.333333","566","0","0","0","3305.641914","3307.223352","3307.930207","3397.224205","0.566695","0","0","0","0","0","","","","","","0.028859","0.077534","79.705078","80.394531","0.20347","0.288772","149.128255","195.078125","0.041929","0.056862","17.883789","21.097656","0.021589","0.031646","4.088216","5.050781","0.030116","0.043949","14.97526","15.453125","0.011093","0.037885","10.477214","11.058594","0.007839","0.024693","10.260417","10.773438","0.018693","0.022618","37.056641","37.992188","0.166667","2","0.666667","0","163","0","0","0","0","0","0","0","1694","21","0","1673","0","0","0","0","2.823333","0",,,,,,,,,,,,,,,,,,,,,,,,,,,,
"2A","C2","6","2","true","depois","2026-09-23T22:35:29.676Z","180.003","10","1800","1800","0","0","0","0","0","7.256695","10.20203","616.798088","1238.598359","9.999833","0","1834","1834","0","0","100","100","28.592467","109.907508","1382.09796","0.063241","0.102337","80.798611","81.984375","0.239805","0.389795","150.579427","196.539063","0.007431","0.057699","18.913954","21.097656","0.008726","0.024219","3.638889","8.242188","0.038953","0.053498","15.424262","16.082031","0.033046","0.051963","11.407552","12.109375","0.020413","0.029851","11.477214","12.132813","0.020826","0.030311","37.618381","38.421875","2","5","0","0.333333","9002","0","0","0","0","0","0","0","1876","1812","0","64","0","0","0","0","1.042222","0",,,,,,,,,,,,,,,,,,,,,,,,,,,,
"2A","C2","6","2","true","execucao",,,,"3601",,,,,,,,,,,,"0","3034","3034","0","0",,,,,,,,,,,,,,,,,,,,,,,,,,,,,,,,,,,,,,,"5",,,"15170","0","0","0","0",,"0","0","4771",,,,,,,,"1.32491","0","marcador FALHA_INICIO","0.030509","true","2.2","0","0","3034","3034","0","0","0","0","","0","0","","0","0","0","0.003","true","0","0","0","0","","",""
"2A","C3","1","5","true","aquecimento","2026-09-23T19:58:22.617Z","60","10","601","601","0","0","0","0","0","6.993648","8.265234","466.214123","673.639469","10.016667","0","600","600","0","0","100","100","27.997494","45.903563","1098.680019","0.054181","0.087111","63.656576","69.527344","0.235019","0.330382","156.880534","193.152344","0.003027","0.0042","3.875","4.226563","0.007106","0.009077","1.776367","2.328125","0.034362","0.055104","12.63737","13.527344","0.029698","0.045422","11.079427","11.835938","0.018649","0.024199","11.46224","13.945313","0.017603","0.0224","26.532227","32.957031","1.666667","3","1.333333","2.333333","2861","0","0","0","0","0","0","0","553","553","0","0","0","0","0","0","0.920133","0",,,,,,,,,,,,,,,,,,,,,,,,,,,,
"2A","C3","1","5","true","antes","2026-09-23T19:59:22.617Z","60","10","600","599","0.166667","1","0","0","0","7.03287","7.966403","520.588757","3305.499225","9.983333","0","600","600","0","0","100","100","27.916551","32.349682","1148.972988","0.060159","0.089371","74.588867","76.691406","0.224063","0.289737","144.571615","188.121094","0.00345","0.005084","4.152344","4.808594","0.007028","0.009632","2.040365","2.234375","0.036553","0.053412","13.346029","13.679688","0.033063","0.043597","11.378906","11.855469","0.021594","0.02757","11.251628","11.683594","0.017822","0.024029","35.283203","36.144531","2.166667","5","2.666667","2","3000","0","0","0","0","0","0","0","600","600","0","0","0","0","0","0","1","0",,,,,,,,,,,,,,,,,,,,,,,,,,,,
"2A","C3","1","5","true","falha","2026-09-23T20:00:22.617Z","59.997","10","600","0","100","600","0","0","0","0.485915","3306.707762","3307.848067","3308.394284","0","0","0","0","0","0","","","","","","0.020342","0.066424","77.256185","78.03125","0.209836","0.316277","146.03418","188.121094","0.01109","0.016607","14.038737","16.769531","0.008019","0.01378","3.456706","4.378906","0.016426","0.048109","14.828451","15.503906","0.009408","0.03571","10.416016","11.046875","0.00523","0.015278","10.357422","11.132813","0.016741","0.025444","37.263997","37.886719","0","0","0","0","139","0","0","0","0","","413","0","457","47","0","410","0","0","0","0","0.761667","46.371022",,,,,,,,,,,,,,,,,,,,,,,,,,,,
"2A","C3","1","5","true","depois","2026-09-23T20:01:22.614Z","180.003","10","1799","1740","3.2796","59","0","0","0","7.267581","18.94631","858.694464","1450.233107","9.666506","0","1740","1740","0","0","100","100","32.063007","71.720493","1922.469139","0.056737","0.083635","78.831163","81.925781","0.228201","0.333387","147.862847","197.09375","0.004367","0.013674","14.04796","16.65625","0.00733","0.011249","3.280382","8.449219","0.034317","0.057032","14.970378","15.664063","0.030813","0.052001","11.370551","12.367188","0.018985","0.026131","11.432183","14.976563","0.018885","0.030793","38.226997","38.855469","1.666667","6","2","1.666667","8562","0","0","0","0","0","107","0","1703","1693","0","10","0","0","0","0","0.946637","6.000989",,,,,,,,,,,,,,,,,,,,,,,,,,,,
"2A","C3","1","5","true","execucao",,,,"3600",,,,,,,,,,,,"0","2940","2940","0","0",,,,,,,,,,,,,,,,,,,,,,,,,,,,,,,,,,,,,,,"6",,,"14700","0","0","0","0",,"520","0","3360",,,,,,,,"0.933333","52.372011","marcador FALHA_INICIO","0.030793","true","1.6","0","0","2940","2940","0","0","0","0","3.708456","9","4","","0","0","0","15.003","true","0","0","0","0","","",""
"2A","C3","2","3","true","aquecimento","2026-09-23T20:19:22.852Z","60","10","601","601","0","0","0","0","0","7.252606","22.846241","504.80429","697.807246","10.016667","0","600","600","0","0","100","100","28.740644","168.303633","1246.281147","0.060618","0.083181","68.450846","75.523438","0.23318","0.39443","165.482747","193.574219","0.003134","0.004668","3.717773","4.5625","0.007347","0.010198","2.223307","3.285156","0.03251","0.052162","12.549479","13.550781","0.031612","0.049155","10.90625","11.882813","0.016501","0.026838","10.728841","11.277344","0.017099","0.030114","29.374674","35.148438","1.416667","5","1.666667","1.333333","2846","0","0","0","0","0","0","0","550","550","0","0","0","0","0","0","0.915141","0",,,,,,,,,,,,,,,,,,,,,,,,,,,,
"2A","C3","2","3","true","antes","2026-09-23T20:20:22.852Z","60","10","600","600","0","0","0","0","0","7.299884","8.940272","369.998277","967.824041","10","0","600","600","0","0","100","100","28.828382","50.859809","1341.319084","0.066295","0.093609","77.744792","79.960938","0.217165","0.315844","154.41276","195.359375","0.003887","0.005625","4.243815","4.574219","0.007743","0.010927","2.003906","2.179688","0.042792","0.049908","13.617513","14.40625","0.03504","0.043459","11.248047","11.964844","0.022699","0.032192","11.504232","11.8125","0.018711","0.021791","36.019206","36.710938","2.166667","5","2.333333","3.333333","3001","0","0","0","0","0","0","0","600","600","0","0","0","0","0","0","1","0",,,,,,,,,,,,,,,,,,,,,,,,,,,,
"2A","C3","2","3","true","falha","2026-09-23T20:21:22.852Z","59.997","10","600","0","100","600","0","0","0","0.527754","3306.399604","3307.34386","3308.507112","0","0","1","1","0","0","100","100","29.942989","29.942989","29.942989","0.020264","0.060984","80.938477","81.292969","0.228169","0.284666","146.940755","181.179688","0.011719","0.018676","14.211589","16.386719","0.008468","0.012929","3.655924","4.351563","0.016581","0.037457","14.657878","14.960938","0.010408","0.036561","10.796549","11.789063","0.007018","0.022178","10.746745","11.640625","0.015419","0.018583","37.025716","37.214844","0.083333","1","0.333333","0","158","0","0","0","0","","409","0","455","51","0","404","0","0","0","0","0.758333","46.27649",,,,,,,,,,,,,,,,,,,,,,,,,,,,
"2A","C3","2","3","true","depois","2026-09-23T20:22:22.849Z","180.003","10","1799","1739","3.335186","60","0","0","0","7.385593","457.820806","910.371394","1523.736787","9.66095","0","1739","1739","0","0","100","100","33.490896","1613.227248","4203.361988","0.058939","0.079172","82.413845","83.457031","0.230172","0.340755","148.566298","198.742188","0.004502","0.013565","14.450087","17.167969","0.007525","0.010653","2.966797","3.691406","0.035626","0.055175","14.964301","15.863281","0.031264","0.050319","11.432834","12.292969","0.019244","0.035141","11.173937","11.847656","0.018412","0.027167","37.499132","38.304688","2.166667","32","0","12","8479","0","0","0","0","0","111","0","1705","1689","0","16","0","0","0","0","0.947749","6.100695",,,,,,,,,,,,,,,,,,,,,,,,,,,,
"2A","C3","2","3","true","execucao",,,,"3600",,,,,,,,,,,,"0","2940","2940","0","0",,,,,,,,,,,,,,,,,,,,,,,,,,,,,,,,,,,,,,,"32",,,"14700","0","0","0","0",,"520","0","3360",,,,,,,,"0.933333","52.377185","marcador FALHA_INICIO","0.030114","true","1.7","0","0","2940","2940","0","0","0","0","3.805878","9","4","","0","0","0","10.003","true","0","0","0","0","","",""
"2A","C3","3","5","true","aquecimento","2026-09-23T21:08:19.910Z","60","10","601","601","0","0","0","0","0","7.242291","1063.849734","1363.440854","1562.950795","10.016667","0","600","600","0","0","100","100","28.597474","6994.473207","9567.085028","0.05464","0.077605","55.483073","72.644531","0.226032","0.371344","146.352539","169.730469","0.002971","0.004947","3.715495","4.285156","0.006979","0.009314","2.032878","2.699219","0.035359","0.043899","12.579102","13.273438","0.029705","0.046857","10.765625","11.050781","0.018932","0.033573","10.96875","11.765625","0.01725","0.025166","29.64974","33.492188","2.083333","4","1","3","2570","0","0","0","0","0","0","0","578","578","0","0","0","0","0","0","0.96173","0",,,,,,,,,,,,,,,,,,,,,,,,,,,,
"2A","C3","3","5","true","antes","2026-09-23T21:09:19.910Z","60","10","600","599","0.166667","1","0","0","0","7.248498","11.226231","815.416576","3305.776212","9.983333","0","600","600","0","0","100","100","28.511524","605.656207","2392.76886","0.06413","0.09165","77.912109","78.40625","0.229118","0.30113","143.353516","169.902344","0.003758","0.005033","4.121745","4.375","0.007628","0.010125","2.047852","2.589844","0.037742","0.053309","14","18.679688","0.033864","0.045645","11.032878","11.386719","0.021143","0.026855","11.586263","12.175781","0.020277","0.023635","35.635091","37.324219","11.25","79","36.666667","2.666667","3267","0","0","0","0","0","0","0","600","600","0","0","0","0","0","0","1","0",,,,,,,,,,,,,,,,,,,,,,,,,,,,
"2A","C3","3","5","true","falha","2026-09-23T21:10:19.910Z","59.999","10","600","0","100","600","0","0","0","0.542737","3307.009592","3308.30877","3309.492848","0","0","0","0","0","0","","","","","","0.023903","0.068781","79.378906","80.386719","0.227095","0.366377","158.108398","197.542969","0.011688","0.017337","13.351888","16.886719","0.008201","0.010781","3.157227","4.3125","0.018753","0.052063","14.706055","15.425781","0.011216","0.04109","10.827148","11.570313","0.006983","0.022667","10.674479","11.570313","0.019175","0.027472","37.824219","38.566406","0.166667","2","0.666667","0","163","0","0","0","0","","438","0","442","22","0","420","0","0","0","0","0.736667","46.372397",,,,,,,,,,,,,,,,,,,,,,,,,,,,
"2A","C3","3","5","true","depois","2026-09-23T21:11:19.909Z","180.001","10","1800","1741","3.277778","59","0","0","0","7.303466","15.603552","838.648078","1733.909625","9.672168","0","1741","1741","0","0","100","100","28.758049","37.642002","2264.405012","0.05855","0.092333","81.934245","83.632813","0.231409","0.394394","149.155165","194.441406","0.004536","0.014417","15.122504","15.875","0.007548","0.009856","2.971246","3.863281","0.036445","0.057043","14.964301","15.832031","0.031779","0.055882","11.195313","11.988281","0.019662","0.030127","11.226454","11.890625","0.020357","0.032485","38.03418","39.167969","2.138889","5","0","4","8534","0","0","0","0","0","82","0","1718","1718","0","0","0","0","0","0","0.954444","6.00067",,,,,,,,,,,,,,,,,,,,,,,,,,,,
"2A","C3","3","5","true","execucao",,,,"3601",,,,,,,,,,,,"0","2941","2941","0","0",,,,,,,,,,,,,,,,,,,,,,,,,,,,,,,,,,,,,,,"79",,,"14705","0","0","0","0",,"520","0","3361",,,,,,,,"0.933352","52.373067","marcador FALHA_INICIO","0.032485","true","1.6","0","0","2941","2941","0","0","0","0","3.706811","9","4","","0","0","0","10.001","true","0","0","0","0","","",""
"2A","C3","4","1","true","aquecimento","2026-09-23T21:15:21.986Z","60","10","601","601","0","0","0","0","0","7.247754","8.53087","10.099802","20.786683","10.016667","0","600","600","0","0","100","100","29.035568","41.141593","99.038839","0.056924","0.072998","55.724609","58.003906","0.228539","0.322913","162.894531","196.539063","0.002986","0.004316","3.742513","4.226563","0.007719","0.011226","2.08724","2.621094","0.03189","0.047169","12.610352","14.078125","0.03009","0.055688","10.840169","11.546875","0.017543","0.028534","11.078776","11.820313","0.019092","0.025524","26.775716","33.203125","2.166667","5","1.666667","2.333333","2832","0","0","0","0","0","0","0","557","557","0","0","0","0","0","0","0.926789","0",,,,,,,,,,,,,,,,,,,,,,,,,,,,
"2A","C3","4","1","true","antes","2026-09-23T21:16:21.986Z","60","10","600","599","0.166667","1","0","0","0","7.264423","429.961269","1553.308406","3305.388191","9.983333","0","600","600","0","0","100","100","28.736115","889.977705","3346.096992","0.06868","0.101271","68.789388","77.433594","0.251819","0.314647","148.026042","192.167969","0.004003","0.004505","4.035807","4.4375","0.007996","0.009896","2.341797","2.53125","0.041291","0.06097","13.427409","13.726563","0.035092","0.053483","11.111003","11.59375","0.022216","0.026739","11.19694","11.695313","0.020438","0.025126","35.226563","36.601563","2.666667","5","3","2.666667","3000","0","0","0","0","0","0","0","600","600","0","0","0","0","0","0","1","0",,,,,,,,,,,,,,,,,,,,,,,,,,,,
"2A","C3","4","1","true","falha","2026-09-23T21:17:21.986Z","59.998","10","600","0","100","600","0","0","0","0.522517","3306.835149","3307.470043","3308.394605","0","0","0","0","0","0","","","","","","0.02125","0.057607","77.437174","77.742188","0.230416","0.382675","162.616862","195.933594","0.012856","0.018242","14.366862","16.925781","0.007834","0.016577","3.823242","7.035156","0.017983","0.043608","14.847982","15.730469","0.009233","0.033377","10.411133","11.417969","0.00735","0.022602","10.567057","11.542969","0.018932","0.029059","36.692708","37.710938","0","0","0","0","168","0","0","0","0","","417","0","457","43","0","414","0","0","0","0","0.761667","46.376195",,,,,,,,,,,,,,,,,,,,,,,,,,,,
"2A","C3","4","1","true","depois","2026-09-23T21:18:21.984Z","180.002","10","1800","1741","3.277778","59","0","0","0","7.441167","489.540365","1071.386907","1736.61884","9.672115","0","1741","1741","0","0","100","100","29.059887","1878.638983","8652.359962","0.060874","0.100053","80.567274","82.703125","0.228927","0.38488","144.244792","195.710938","0.004187","0.014594","14.244683","17.347656","0.007718","0.013846","3.17003","4.183594","0.036474","0.058912","14.830404","15.777344","0.03201","0.054265","11.391602","12.078125","0.019501","0.03213","11.256836","12.046875","0.020748","0.03059","37.82921","38.964844","4.611111","37","1.666667","1.666667","8532","0","0","0","0","0","103","0","1703","1697","0","6","0","0","0","0","0.946111","6.001595",,,,,,,,,,,,,,,,,,,,,,,,,,,,
"2A","C3","4","1","true","execucao",,,,"3601",,,,,,,,,,,,"0","2941","2941","0","0",,,,,,,,,,,,,,,,,,,,,,,,,,,,,,,,,,,,,,,"37",,,"14705","0","0","0","0",,"520","0","3361",,,,,,,,"0.933352","52.37779","marcador FALHA_INICIO","0.03059","true","2.9","0","0","2941","2941","0","0","0","0","3.705698","9","4","","0","0","0","10.002","true","0","0","0","0","","",""
"2A","C3","5","4","true","aquecimento","2026-09-23T22:11:27.764Z","60","10","601","601","0","0","0","0","0","7.211978","819.378734","1206.677546","1361.750651","10.016667","0","600","600","0","0","100","100","28.583527","2023.900354","4235.364914","0.059724","0.099184","60.487305","77.648438","0.23671","0.316104","149.160807","194.65625","0.002848","0.00424","3.970378","4.585938","0.006979","0.010197","2.015951","2.597656","0.036465","0.059895","12.799805","13.6875","0.02751","0.053887","11.099935","11.585938","0.018409","0.026166","10.827799","11.921875","0.017931","0.030219","28.795247","33.410156","1.833333","7","0.333333","3.333333","2837","0","0","0","0","0","0","0","548","548","0","0","0","0","0","0","0.911814","0",,,,,,,,,,,,,,,,,,,,,,,,,,,,
"2A","C3","5","4","true","antes","2026-09-23T22:12:27.764Z","60","10","600","599","0.166667","1","0","0","0","7.206256","8.357468","606.14241","3307.027143","9.983333","0","600","600","0","0","100","100","28.468132","32.29332","1237.848043","0.063286","0.088716","77.902669","78.375","0.23548","0.299828","154.125","193.980469","0.003712","0.00521","4.30599","4.480469","0.00744","0.009667","2.287109","2.804688","0.039276","0.051193","13.470378","14.246094","0.035536","0.053109","11.40625","11.585938","0.021654","0.02618","11.410482","11.933594","0.019328","0.030656","35.507161","37.195313","2.25","4","2.333333","1.666667","3000","0","0","0","0","0","0","0","600","600","0","0","0","0","0","0","1","0",,,,,,,,,,,,,,,,,,,,,,,,,,,,
"2A","C3","5","4","true","falha","2026-09-23T22:13:27.764Z","59.997","10","600","0","100","600","0","0","0","0.521365","3306.438855","3307.164028","3308.475091","0","0","0","0","0","0","","","","","","0.021307","0.072931","80.042969","83.199219","0.216516","0.265213","149.214193","194.511719","0.01264","0.018044","14.794596","16.761719","0.008558","0.013711","3.451497","4.636719","0.016893","0.045311","14.681966","15.386719","0.009478","0.040379","10.731445","11.804688","0.007225","0.021925","10.485352","11.039063","0.017957","0.026866","36.60612","37.242188","0.25","3","1","0","163","0","0","0","0","","408","0","454","52","0","402","0","0","0","0","0.756667","46.374473",,,,,,,,,,,,,,,,,,,,,,,,,,,,
"2A","C3","5","4","true","depois","2026-09-23T22:14:27.761Z","180.003","10","1799","1740","3.2796","59","0","0","0","7.240061","19.405703","911.533046","2174.253559","9.666506","0","1740","1740","0","0","100","100","39.790869","71.523201","2210.376978","0.060532","0.099876","80.563802","81.648438","0.230691","0.38591","145.514431","196.136719","0.004232","0.014577","14.235894","16.761719","0.007534","0.010567","2.992296","3.507813","0.036663","0.056855","15.140951","19.726563","0.031468","0.053151","11.479492","12.832031","0.01945","0.031936","11.383789","12.265625","0.020345","0.027697","37.652452","38.820313","2.083333","5","0","2.666667","8537","0","0","0","0","0","112","0","1706","1688","0","18","0","0","0","0","0.948305","6.001395",,,,,,,,,,,,,,,,,,,,,,,,,,,,
"2A","C3","5","4","true","execucao",,,,"3600",,,,,,,,,,,,"0","2940","2940","0","0",,,,,,,,,,,,,,,,,,,,,,,,,,,,,,,,,,,,,,,"7",,,"14700","0","0","0","0",,"520","0","3360",,,,,,,,"0.933333","52.375868","marcador FALHA_INICIO","0.030656","true","2.1","0","0","2940","2940","0","0","0","0","3.705445","9","4","","0","0","0","50.003","true","0","0","0","0","","",""
"2A","C3","6","5","true","aquecimento","2026-09-23T22:53:29.177Z","60","10","600","600","0","0","0","0","0","7.134839","8.602083","667.207776","1058.748715","10","0","600","600","0","0","100","100","28.38695","32.823992","1910.64477","0.056479","0.076659","63.869466","77.363281","0.265562","0.617783","141.157227","141.882813","0.002797","0.005222","3.753906","4.355469","0.006829","0.008982","1.977214","2.445313","0.033705","0.056428","12.566081","13.425781","0.028308","0.043576","10.721354","11.050781","0.018674","0.029409","10.886393","11.066406","0.015831","0.021624","26.533529","33.152344","2.083333","5","0.333333","1.666667","2861","0","0","0","0","0","0","0","583","583","0","0","0","0","0","0","0.971667","0",,,,,,,,,,,,,,,,,,,,,,,,,,,,
"2A","C3","6","5","true","antes","2026-09-23T22:54:29.177Z","60","10","601","600","0.166389","1","0","0","0","7.122539","7.978287","410.390232","3305.092718","10","0","600","600","0","0","100","100","28.39303","31.775284","934.560061","0.063656","0.087853","77.527344","77.867188","0.22184","0.35167","152.768229","193.972656","0.003643","0.004649","4.096029","4.753906","0.007916","0.009802","2.059896","2.238281","0.041298","0.052254","13.483398","13.683594","0.03439","0.044503","11.611003","15.953125","0.020903","0.026637","11.481445","11.992188","0.018408","0.026252","35.126628","36.472656","2.583333","5","2.666667","2.333333","3000","0","0","0","0","0","0","0","600","600","0","0","0","0","0","0","0.998336","0",,,,,,,,,,,,,,,,,,,,,,,,,,,,
"2A","C3","6","5","true","falha","2026-09-23T22:55:29.177Z","59.997","10","600","0","100","600","0","0","0","0.51513","3306.418036","3307.099012","3308.480258","0","0","0","0","0","0","","","","","","0.02295","0.07737","77.789063","78.136719","0.223282","0.29444","147.952474","190.335938","0.011588","0.016812","13.570964","17.042969","0.007822","0.011661","3.347331","4.347656","0.01649","0.033299","14.583008","15.074219","0.010615","0.038326","10.538737","11.316406","0.007605","0.031506","10.488932","10.871094","0.015795","0.021196","36.753255","37.527344","0.25","3","1","0","139","0","0","0","0","","443","0","437","17","0","420","0","0","0","0","0.728333","46.37576",,,,,,,,,,,,,,,,,,,,,,,,,,,,
"2A","C3","6","5","true","depois","2026-09-23T22:56:29.174Z","180.003","10","1799","1740","3.2796","59","0","0","0","7.140488","10.714872","1115.144272","1639.97746","9.666506","0","1740","1740","0","0","100","100","29.510617","191.254354","4832.197189","0.060009","0.091118","79.199327","81.363281","0.237359","0.334166","154.116428","197.035156","0.004444","0.014414","15.327799","16.109375","0.00767","0.011048","3.193142","4.167969","0.035876","0.06209","14.968967","15.792969","0.031159","0.049944","11.354601","11.875","0.01907","0.032877","11.416884","12.050781","0.018304","0.027706","37.699219","38.613281","2.805556","28","0","3","8561","0","0","0","0","0","77","0","1723","1723","0","0","0","0","0","0","0.957754","5.999482",,,,,,,,,,,,,,,,,,,,,,,,,,,,
"2A","C3","6","5","true","execucao",,,,"3600",,,,,,,,,,,,"0","2940","2940","0","0",,,,,,,,,,,,,,,,,,,,,,,,,,,,,,,,,,,,,,,"28",,,"14700","0","0","0","0",,"520","0","3360",,,,,,,,"0.933333","52.375242","marcador FALHA_INICIO","0.027706","true","1.7","0","0","2940","2940","0","0","0","0","3.707628","9","4","","0","0","0","10.003","true","0","0","0","0","","",""
"2A","C4","1","2","true","aquecimento","2026-09-23T19:37:26.266Z","60","10","601","601","0","0","0","0","0","7.039028","9.460072","895.918348","1145.882825","10.016667","0","600","600","0","0","100","100","28.041601","47.433567","2122.732162","0.055414","0.079633","70.044922","79.589844","0.229148","0.289632","149.306966","169.433594","0.003108","0.005304","4.091146","4.769531","0.007169","0.010123","1.988607","2.699219","0.032577","0.050015","12.802083","13.335938","0.030498","0.037411","11.167969","11.652344","0.016326","0.024925","10.834635","11.253906","0.017014","0.021126","29.307292","33.046875","1.333333","5","0.333333","1.666667","2782","0","0","0","0","0","0","0","567","567","0","0","0","0","0","0","0.943428","0",,,,,,,,,,,,,,,,,,,,,,,,,,,,
"2A","C4","1","2","true","antes","2026-09-23T19:38:26.266Z","60","10","600","600","0","0","0","0","0","7.041332","679.526877","3035.117609","3525.48215","10","0","600","600","0","0","100","100","28.065562","1833.455563","3668.989897","0.062379","0.076827","77.253255","78.074219","0.21957","0.287463","147.961263","198.035156","0.00358","0.004553","4.067057","4.671875","0.007095","0.009446","2.028971","2.449219","0.036611","0.057246","13.868164","14.96875","0.032891","0.043011","11.309896","11.878906","0.021041","0.031822","11.310872","12.019531","0.019253","0.025601","35.097005","37.375","2.25","5","3.666667","3","3000","0","0","0","0","0","0","0","600","600","0","0","0","0","0","0","1","0",,,,,,,,,,,,,,,,,,,,,,,,,,,,
"2A","C4","1","2","true","falha","2026-09-23T19:39:26.266Z","59.998","10","600","600","0","0","0","0","0","6.408209","3313.0379","3317.923297","3361.202548","10.000333","0","600","600","0","0","100","100","31.229973","51.318693","1420.918941","0.057628","0.077369","79.708984","80.25","0.236456","0.353881","156.490234","194.304688","0.011327","0.016824","13.44987","15.820313","0.007923","0.013687","2.808268","3.6875","0.040537","0.059136","15.102865","15.785156","0.034759","0.042171","11.275391","11.648438","0.020017","0.025485","10.936198","11.753906","0.018208","0.024845","37.461263","38.550781","1.5","5","1.666667","3","2959","0","0","0","567","94.5","427","0","453","33","0","420","0","0","0","0","0.755","46.37547",,,,,,,,,,,,,,,,,,,,,,,,,,,,
"2A","C4","1","2","true","depois","2026-09-23T19:40:26.264Z","180.002","10","1800","1800","0","0","0","0","0","7.062352","17.191247","652.037821","1251.024007","9.999889","0","1801","1801","0","0","100","100","28.139114","46.604872","1424.29018","0.062493","0.08827","80.858398","82.015625","0.22591","0.361903","154.219076","195.101563","0.004339","0.013054","15.147569","15.867188","0.007301","0.012984","3.022352","3.796875","0.037924","0.06225","14.947483","15.75","0.033539","0.049502","11.495985","12.179688","0.020964","0.029723","11.409397","12.039063","0.019238","0.030466","37.890408","38.523438","1.777778","5","0.666667","1.666667","9041","0","0","0","93","5.166667","93","0","1707","1707","0","0","0","0","0","0","0.948333","6.000889",,,,,,,,,,,,,,,,,,,,,,,,,,,,
"2A","C4","1","2","true","execucao",,,,"3601",,,,,,,,,,,,"0","3601","3601","0","0",,,,,,,,,,,,,,,,,,,,,,,,,,,,,,,,,,,,,,,"5",,,"18005","0","0","0","660",,"520","0","3361",,,,,,,,"0.933352","52.376359","marcador FALHA_INICIO","0.030466","true","1.6","0","0","3601","3601","0","0","0","0","3.706818","9","4","","0","0","660","10.002","true","0","0","0","0","","",""
"2A","C4","2","4","true","aquecimento","2026-09-23T20:26:22.044Z","60","10","601","601","0","0","0","0","0","7.261421","19.975885","1133.853083","1433.948071","10.016667","0","600","600","0","0","100","100","29.588938","211.947203","2678.33209","0.057686","0.106712","63.402669","78.890625","0.241803","0.357232","142.060221","159.609375","0.00289","0.003984","3.818359","4.171875","0.007059","0.010663","1.955078","2.808594","0.033632","0.052361","12.728841","13.402344","0.031992","0.046529","11.104818","11.660156","0.019024","0.029805","10.834635","11.378906","0.018626","0.022178","28.769531","32.996094","1.416667","4","0.666667","2.666667","2737","0","0","0","0","0","0","0","558","558","0","0","0","0","0","0","0.928453","0",,,,,,,,,,,,,,,,,,,,,,,,,,,,
"2A","C4","2","4","true","antes","2026-09-23T20:27:22.044Z","60","10","600","600","0","0","0","0","0","7.128713","8.322892","1117.882385","3312.001837","10","0","600","600","0","0","100","100","39.747953","65.323675","1717.093945","0.062981","0.074631","79.162109","79.582031","0.228944","0.297548","141.448568","143.351563","0.003673","0.005203","4.002279","4.742188","0.007518","0.010073","2.282878","2.847656","0.035973","0.048724","13.522786","13.882813","0.033281","0.055485","11.469727","11.8125","0.021119","0.028396","11.05957","11.550781","0.01964","0.025804","35.419596","36.003906","1.666667","3","2.666667","1.333333","2999","0","0","0","0","0","0","0","600","600","0","0","0","0","0","0","1","0",,,,,,,,,,,,,,,,,,,,,,,,,,,,
"2A","C4","2","4","true","falha","2026-09-23T20:28:22.044Z","59.997","10","600","600","0","0","0","0","0","6.457147","3312.875927","3321.885489","3360.475224","10.0005","0","600","600","0","0","100","100","40.255547","66.502929","1391.062021","0.062402","0.078065","81.451497","82.976563","0.234167","0.352011","156.838867","194.097656","0.012598","0.023139","14.233398","16.855469","0.00757","0.010359","3.021484","4.613281","0.042103","0.054095","14.859049","15.4375","0.035019","0.045592","11.468424","16.046875","0.020883","0.025845","11.38444","11.941406","0.019127","0.029953","36.466797","37.761719","0.75","3","1","0.333333","2921","0","0","0","553","92.166667","418","0","457","42","0","415","0","0","0","0","0.761667","46.378501",,,,,,,,,,,,,,,,,,,,,,,,,,,,
"2A","C4","2","4","true","depois","2026-09-23T20:29:22.041Z","180.003","10","1800","1800","0","0","0","0","0","7.185966","19.207246","975.801217","1752.450648","9.999833","0","1801","1801","0","0","100","100","38.388014","65.181017","1880.435944","0.063765","0.100225","82.738715","83.679688","0.231897","0.322401","154.334635","199.671875","0.004065","0.013686","15.948568","17.039063","0.007581","0.012595","2.926649","9.722656","0.039416","0.049148","15.318251","16.003906","0.034775","0.052433","11.46799","12.203125","0.021099","0.0297","11.475803","11.996094","0.020276","0.030854","37.618273","38.589844","2.444444","5","2.666667","3","9080","0","0","0","107","5.944444","102","0","1703","1698","0","5","0","0","0","0","0.946111","6.001105",,,,,,,,,,,,,,,,,,,,,,,,,,,,
"2A","C4","2","4","true","execucao",,,,"3601",,,,,,,,,,,,"0","3601","3601","0","0",,,,,,,,,,,,,,,,,,,,,,,,,,,,,,,,,,,,,,,"5",,,"18005","0","0","0","660",,"520","0","3361",,,,,,,,"0.933352","52.379606","marcador FALHA_INICIO","0.030854","true","1.7","0","0","3601","3601","0","0","0","0","3.704932","9","4","","0","0","660","35.003","true","0","0","0","0","","",""
"2A","C4","3","1","true","aquecimento","2026-09-23T20:40:22.859Z","60","10","601","601","0","0","0","0","0","7.169466","8.590261","868.878228","1260.400351","10.016667","0","600","600","0","0","100","100","28.39756","68.939567","2092.892885","0.056188","0.087808","57.694336","76.839844","0.226281","0.350422","161.147461","193.761719","0.003113","0.004923","3.818685","4.3125","0.006956","0.011016","2.274414","2.730469","0.034558","0.047474","12.88151","14","0.03074","0.042495","11.167969","11.792969","0.018417","0.026751","10.909831","11.316406","0.017888","0.030526","27.957357","34.425781","3.25","17","1","6.666667","2842","0","0","0","0","0","0","0","550","550","0","0","0","0","0","0","0.915141","0",,,,,,,,,,,,,,,,,,,,,,,,,,,,
"2A","C4","3","1","true","antes","2026-09-23T20:41:22.859Z","60","10","600","600","0","0","0","0","0","7.209033","8.371893","1014.377875","3312.226064","10","0","600","600","0","0","100","100","28.334022","68.800962","1646.700859","0.06247","0.086331","77.879557","78.253906","0.236994","0.300477","156.931966","186.851563","0.003626","0.004996","4.136068","5.011719","0.007075","0.009476","2.177734","2.632813","0.038401","0.053698","13.609701","14.480469","0.034098","0.050429","11.455729","12.285156","0.021247","0.031178","11.204427","11.867188","0.02049","0.02751","35.660807","37.003906","3","8","3.333333","3.666667","3000","0","0","0","0","0","0","0","600","600","0","0","0","0","0","0","1","0",,,,,,,,,,,,,,,,,,,,,,,,,,,,
"2A","C4","3","1","true","falha","2026-09-23T20:42:22.859Z","59.996","10","600","600","0","0","0","0","0","6.469231","3312.869688","3318.575683","3363.322806","10.000667","0","600","600","0","0","100","100","30.67553","56.688499","81.157923","0.065148","0.09427","79.66276","79.960938","0.242948","0.295966","146.305339","194.355469","0.011713","0.016402","13.308594","16.117188","0.00879","0.013051","2.726888","3.933594","0.042184","0.050068","14.740234","15.371094","0.035287","0.051893","11.514648","12.027344","0.020903","0.030054","11.069661","11.78125","0.01879","0.024927","37.410482","37.886719","1.25","5","1","1.666667","2972","0","0","0","537","89.5","410","0","456","50","0","406","0","0","0","0","0.76","46.372283",,,,,,,,,,,,,,,,,,,,,,,,,,,,
"2A","C4","3","1","true","depois","2026-09-23T20:43:22.855Z","180.004","10","1800","1800","0","0","0","0","0","7.187139","8.380731","652.944461","1215.664978","9.999778","0","1801","1801","0","0","100","100","28.356075","37.672997","1361.844063","0.064139","0.095526","82.099175","83.703125","0.228456","0.380781","152.649197","198.933594","0.004525","0.013829","15.500977","16.878906","0.007715","0.011698","3.131076","3.925781","0.039491","0.057693","14.990126","15.609375","0.034703","0.045916","11.418945","11.859375","0.021212","0.029193","11.576823","16.164063","0.020246","0.028975","38.071289","38.9375","3","12","2.333333","3","9028","0","0","0","123","6.833333","110","0","1704","1690","0","14","0","0","0","0","0.946667","6.001872",,,,,,,,,,,,,,,,,,,,,,,,,,,,
"2A","C4","3","1","true","execucao",,,,"3601",,,,,,,,,,,,"0","3601","3601","0","0",,,,,,,,,,,,,,,,,,,,,,,,,,,,,,,,,,,,,,,"17",,,"18005","0","0","0","660",,"520","0","3361",,,,,,,,"0.933352","52.374155","marcador FALHA_INICIO","0.030526","true","1.7","0","0","3601","3601","0","0","0","0","3.704996","9","4","","0","0","660","10.004","true","0","0","0","0","","",""
"2A","C4","4","3","true","aquecimento","2026-09-23T21:29:22.298Z","60","10","601","601","0","0","0","0","0","7.221533","8.67755","564.956149","865.553274","10.016667","0","600","600","0","0","100","100","28.450489","57.204449","1892.240047","0.053576","0.097988","65.588216","75.09375","0.23265","0.333766","141.107096","144.347656","0.00313","0.005516","3.797526","4.285156","0.006759","0.013028","1.986979","2.367188","0.032589","0.052424","13.010417","13.871094","0.028114","0.047024","10.938151","11.261719","0.017828","0.031291","10.747396","11.574219","0.018815","0.025862","26.573242","33.492188","2.5","4","1.666667","3","2865","0","0","0","0","0","0","0","554","554","0","0","0","0","0","0","0.921797","0",,,,,,,,,,,,,,,,,,,,,,,,,,,,
"2A","C4","4","3","true","antes","2026-09-23T21:30:22.298Z","60","10","600","600","0","0","0","0","0","7.214293","7.983496","583.925026","3362.84423","10","0","600","600","0","0","100","100","28.506994","57.036269","1218.272924","0.068906","0.093968","76.802409","77.777344","0.241866","0.386013","154.845052","196.09375","0.003584","0.005187","4.243815","4.710938","0.007831","0.010424","1.928385","2.210938","0.038613","0.05158","13.576172","14.359375","0.034318","0.050298","11.383789","11.691406","0.021694","0.032867","11.071289","11.675781","0.019813","0.027613","34.362956","35.5625","2.416667","5","2","2.666667","2999","0","0","0","0","0","0","0","600","600","0","0","0","0","0","0","1","0",,,,,,,,,,,,,,,,,,,,,,,,,,,,
"2A","C4","4","3","true","falha","2026-09-23T21:31:22.298Z","59.998","10","600","600","0","0","0","0","0","6.418884","3313.541157","3318.034321","3363.238625","10.000333","0","600","600","0","0","100","100","31.340122","58.520305","1250.119925","0.064618","0.08676","79.559896","80.410156","0.226552","0.318884","152.895833","196.09375","0.012909","0.017852","14.179036","17.699219","0.008357","0.011621","2.883789","3.777344","0.044188","0.072282","15.160156","19.289063","0.034698","0.041293","11.348958","12.511719","0.020209","0.027242","11.266276","12.046875","0.019908","0.028209","36.264974","37.183594","0.666667","3","0","0.666667","2982","0","0","0","545","90.833333","414","0","457","46","0","411","0","0","0","0","0.761667","46.37202",,,,,,,,,,,,,,,,,,,,,,,,,,,,
"2A","C4","4","3","true","depois","2026-09-23T21:32:22.296Z","180.002","10","1800","1800","0","0","0","0","0","7.281477","13.614003","623.849695","1320.345745","9.999889","0","1801","1801","0","0","100","100","28.590918","57.067156","1467.638016","0.064506","0.100427","81.56033","85.359375","0.235769","0.345126","151.068793","197.507813","0.004246","0.014024","14.310438","17.371094","0.007471","0.010645","3.192166","3.710938","0.03941","0.061709","15.152452","19.289063","0.035246","0.053766","11.367188","11.832031","0.021648","0.035401","11.374132","12.316406","0.020136","0.0312","37.134549","38.019531","2.25","5","3.333333","3","9019","0","0","0","115","6.388889","106","0","1703","1694","0","9","0","0","0","0","0.946111","6.000967",,,,,,,,,,,,,,,,,,,,,,,,,,,,
"2A","C4","4","3","true","execucao",,,,"3601",,,,,,,,,,,,"0","3601","3601","0","0",,,,,,,,,,,,,,,,,,,,,,,,,,,,,,,,,,,,,,,"5",,,"18005","0","0","0","660",,"520","0","3361",,,,,,,,"0.933352","52.372987","marcador FALHA_INICIO","0.0312","true","1.6","0","0","3601","3601","0","0","0","0","3.707109","9","4","","0","0","660","0.002","true","0","0","0","0","","",""
"2A","C4","5","2","true","aquecimento","2026-09-23T21:57:29.533Z","60","10","601","601","0","0","0","0","0","7.164318","9.419877","769.656334","975.280554","10.016667","0","600","600","0","0","100","100","28.441429","34.246528","2299.839973","0.056331","0.074895","67.973633","75.167969","0.211065","0.293788","149.025716","197.523438","0.003036","0.005236","3.889974","4.691406","0.006559","0.009806","1.683268","2.160156","0.0339","0.05392","12.650391","13.847656","0.030364","0.046718","10.725586","11.570313","0.017576","0.027862","11.169922","11.613281","0.018188","0.023798","26.408854","32.984375","1.75","5","0.333333","3","2850","0","0","0","0","0","0","0","581","581","0","0","0","0","0","0","0.966722","0",,,,,,,,,,,,,,,,,,,,,,,,,,,,
"2A","C4","5","2","true","antes","2026-09-23T21:58:29.533Z","60","10","600","600","0","0","0","0","0","7.16731","8.600169","1009.128879","3361.964507","10","0","600","600","0","0","100","100","28.376937","32.83056","1646.262884","0.065498","0.089586","77.137044","77.789063","0.243377","0.295908","148.724609","193.269531","0.003495","0.004599","4.27832","4.515625","0.008208","0.010069","2.017578","2.605469","0.039402","0.045899","13.338216","14.066406","0.035016","0.040708","11.06543","11.507813","0.022188","0.032236","11.260742","11.527344","0.019625","0.028003","35.341146","36.207031","2.5","4","2","1.666667","3000","0","0","0","0","0","0","0","600","600","0","0","0","0","0","0","1","0",,,,,,,,,,,,,,,,,,,,,,,,,,,,
"2A","C4","5","2","true","falha","2026-09-23T21:59:29.533Z","59.998","10","600","600","0","0","0","0","0","6.414676","3316.415342","3782.858111","4351.227055","10.000333","0","600","600","0","0","100","100","30.960202","48.744392","1210.288048","0.061402","0.081533","79.441406","80.34375","0.231919","0.293409","149.35026","192.730469","0.012088","0.01855","13.282552","17.007813","0.008365","0.012183","3.168945","4.691406","0.042277","0.055649","14.821615","15.433594","0.035403","0.048524","11.21224","11.890625","0.020876","0.028985","11.240885","11.980469","0.018285","0.02082","36.389648","37.671875","1.75","5","1.333333","2.666667","2997","0","0","0","581","96.833333","441","0","439","19","0","420","0","0","0","0","0.731667","46.372695",,,,,,,,,,,,,,,,,,,,,,,,,,,,
"2A","C4","5","2","true","depois","2026-09-23T22:00:29.531Z","180.002","10","1800","1800","0","0","0","0","0","7.200059","10.757267","731.695248","1219.533642","9.999889","0","1801","1801","0","0","100","100","28.512955","33.574104","1519.284964","0.064433","0.091623","80.837891","82.394531","0.23552","0.346993","147.612196","193.421875","0.004352","0.013397","15.522895","16.617188","0.007411","0.010248","2.902018","4.691406","0.038719","0.058749","14.965278","15.613281","0.034301","0.049871","11.338542","12.195313","0.021032","0.028205","11.262695","11.828125","0.019569","0.028604","37.115777","38.339844","2.388889","5","2.666667","2.333333","9003","0","0","0","79","4.388889","79","0","1721","1721","0","0","0","0","0","0","0.956111","6.00029",,,,,,,,,,,,,,,,,,,,,,,,,,,,
"2A","C4","5","2","true","execucao",,,,"3601",,,,,,,,,,,,"0","3601","3601","0","0",,,,,,,,,,,,,,,,,,,,,,,,,,,,,,,,,,,,,,,"5",,,"18005","0","0","0","660",,"520","0","3361",,,,,,,,"0.933352","52.372985","marcador FALHA_INICIO","0.028604","true","1.7","0","0","3601","3601","0","0","0","0","3.709056","9","4","","0","0","660","10.002","true","0","0","0","0","","",""
"2A","C4","6","3","true","aquecimento","2026-09-23T22:39:30.294Z","60","10","601","601","0","0","0","0","0","12.779442","19.655735","742.126279","1042.617658","10.016667","0","600","600","0","0","100","100","34.32703","44.294894","1973.503113","0.057872","0.093472","62.236003","77.140625","0.257539","0.534084","148.390625","183.542969","0.002969","0.005","4.137044","4.511719","0.007213","0.01075","1.952799","2.511719","0.03387","0.051854","12.783854","13.800781","0.029895","0.045473","10.950195","11.640625","0.018565","0.028507","10.825195","11.589844","0.019068","0.032002","29.554688","33.613281","1.916667","5","0","3","2806","0","0","0","0","0","0","0","572","572","0","0","0","0","0","0","0.951747","0",,,,,,,,,,,,,,,,,,,,,,,,,,,,
"2A","C4","6","3","true","antes","2026-09-23T22:40:30.294Z","60","10","600","600","0","0","0","0","0","7.356809","19.445138","837.090309","3312.043019","10","0","600","600","0","0","100","100","39.973974","43.216944","1472.106934","0.06475","0.071951","77.865234","78.15625","0.236725","0.299599","141.295573","141.851563","0.003704","0.004727","4.38444","4.980469","0.007332","0.010185","2.136393","2.511719","0.04064","0.054338","13.758789","14.304688","0.035033","0.046256","11.251953","11.703125","0.020833","0.030459","11.394206","15.527344","0.019222","0.023676","35.047201","36.832031","1.833333","3","2.666667","1","3000","0","0","0","0","0","0","0","600","600","0","0","0","0","0","0","1","0",,,,,,,,,,,,,,,,,,,,,,,,,,,,
"2A","C4","6","3","true","falha","2026-09-23T22:41:30.294Z","59.998","10","600","600","0","0","0","0","0","6.52393","3322.301285","3324.930514","3329.268431","10.000333","0","600","600","0","0","100","100","40.3409","52.569938","1109.239101","0.063334","0.084365","79.792643","80.683594","0.248741","0.325149","150.924479","178.609375","0.012719","0.021988","12.735677","16.191406","0.008229","0.013249","3.042969","3.726563","0.042987","0.055811","14.930664","16.039063","0.035353","0.044533","11.678711","15.722656","0.021083","0.036203","11.20931","11.925781","0.019445","0.027927","36.780924","37.734375","1.583333","5","0.666667","3","2972","0","0","0","572","95.333333","432","0","448","28","0","420","0","0","0","0","0.746667","46.37875",,,,,,,,,,,,,,,,,,,,,,,,,,,,
"2A","C4","6","3","true","depois","2026-09-23T22:42:30.292Z","180.002","10","1800","1800","0","0","0","0","0","7.290878","8.499892","925.632305","1738.869043","9.999889","0","1801","1801","0","0","100","100","39.87813","44.800043","1865.40699","0.064905","0.097325","81.187174","82.519531","0.230711","0.390557","145.825846","183.554688","0.00419","0.014091","14.392578","17.199219","0.007886","0.011198","3.110894","7.386719","0.040519","0.058744","15.20931","16.039063","0.034387","0.051917","11.436198","12.300781","0.021317","0.033846","11.34668","11.746094","0.019838","0.0306","37.965061","38.648438","2.25","5","1","2.333333","9029","0","0","0","88","4.888889","88","0","1712","1712","0","0","0","0","0","0","0.951111","5.999795",,,,,,,,,,,,,,,,,,,,,,,,,,,,
"2A","C4","6","3","true","execucao",,,,"3601",,,,,,,,,,,,"0","3601","3601","0","0",,,,,,,,,,,,,,,,,,,,,,,,,,,,,,,,,,,,,,,"5",,,"18005","0","0","0","660",,"520","0","3361",,,,,,,,"0.933352","52.378545","marcador FALHA_INICIO","0.032002","true","2.5","0","0","3601","3601","0","0","0","0","3.705311","9","4","","0","0","660","15.002","true","0","0","0","0","","",""
