"experimento","condicao","repeticao","posicao","valida","t_rel_s","fase","post_n","erro_pct","erro_503","erro_504","erro_conexao","lat_p50_ms","lat_p95_ms","fila_media","sagas_concluidas","sagas_confirmadas","cb_catalogo_estado_max","cb_catalogo_aberto_s","cb_gateway_estado_max","marcadores"
"2A","C0","1","4","true","-120","aquecimento","50","0","0","0","0","7.072689","7.540775","0","50","50","0","0","0",""
"2A","C0","1","4","true","-115","aquecimento","44","0","0","0","0","7.059784","8.362014","2","50","50","0","0","0",""
"2A","C0","1","4","true","-110","aquecimento","56","0","0","0","0","160.607121","744.225181","0","50","50","0","0","0",""
"2A","C0","1","4","true","-105","aquecimento","50","0","0","0","0","7.165348","52.286679","0","50","50","0","0","0",""
"2A","C0","1","4","true","-100","aquecimento","43","0","0","0","0","7.024251","92.956381","1","49","49","0","0","0",""
"2A","C0","1","4","true","-95","aquecimento","57","0","0","0","0","300.108194","674.527427","3","51","51","0","0","0",""
"2A","C0","1","4","true","-90","aquecimento","50","0","0","0","0","7.2422","123.074862","3","48","48","0","0","0",""
"2A","C0","1","4","true","-85","aquecimento","50","0","0","0","0","7.041368","7.623468","0","52","52","0","0","0",""
"2A","C0","1","4","true","-80","aquecimento","50","0","0","0","0","7.008658","7.595836","5","50","50","0","0","0",""
"2A","C0","1","4","true","-75","aquecimento","50","0","0","0","0","6.991797","7.611233","1","50","50","0","0","0",""
"2A","C0","1","4","true","-70","aquecimento","50","0","0","0","0","7.059848","7.564067","4","50","50","0","0","0",""
"2A","C0","1","4","true","-65","aquecimento","50","0","0","0","0","7.044601","7.635993","1","50","50","0","0","0",""
"2A","C0","1","4","true","-60","antes","50","0","0","0","0","7.103073","7.484926","3","50","50","0","0","0",""
"2A","C0","1","4","true","-55","antes","50","0","0","0","0","7.085097","7.660969","3","50","50","0","0","0",""
"2A","C0","1","4","true","-50","antes","50","0","0","0","0","7.10826","9.231154","3","50","50","0","0","0",""
"2A","C0","1","4","true","-45","antes","50","0","0","0","0","7.285183","7.766921","3","50","50","0","0","0",""
"2A","C0","1","4","true","-40","antes","50","0","0","0","0","7.075643","7.454797","3","50","50","0","0","0",""
"2A","C0","1","4","true","-35","antes","50","0","0","0","0","7.147127","11.919825","1","50","50","0","0","0",""
"2A","C0","1","4","true","-30","antes","37","0","0","0","0","7.03173","8.054894","2","44","44","0","0","0",""
"2A","C0","1","4","true","-25","antes","63","0","0","0","0","7.213599","1415.656337","1","56","56","0","0","0",""
"2A","C0","1","4","true","-20","antes","50","0","0","0","0","7.057351","7.551711","2","50","50","0","0","0",""
"2A","C0","1","4","true","-15","antes","50","0","0","0","0","7.034817","7.852131","5","50","50","0","0","0",""
"2A","C0","1","4","true","-10","antes","50","0","0","0","0","7.063784","7.428327","3","50","50","0","0","0",""
"2A","C0","1","4","true","-5","antes","42","0","0","0","0","7.039558","7.465918","0","50","50","0","0","0",""
"2A","C0","1","4","true","0","falha","38","0","0","0","0","2009.094147","2010.591212","5","30","30","0","0","0","inicio_falha"
"2A","C0","1","4","true","5","falha","50","0","0","0","0","2007.53059","2008.043517","0","50","50","0","0","0",""
"2A","C0","1","4","true","10","falha","50","0","0","0","0","2007.222487","2008.226071","0","50","50","0","0","0",""
"2A","C0","1","4","true","15","falha","50","0","0","0","0","2007.598913","2008.239015","5","50","50","0","0","0",""
"2A","C0","1","4","true","20","falha","50","0","0","0","0","2007.54778","2008.253297","5","50","50","0","0","0",""
"2A","C0","1","4","true","25","falha","50","0","0","0","0","2007.762947","2008.657353","0","50","50","0","0","0",""
"2A","C0","1","4","true","30","falha","50","0","0","0","0","2007.579122","2008.311133","5","50","50","0","0","0",""
"2A","C0","1","4","true","35","falha","43","0","0","0","0","2007.441661","2008.313897","3","50","50","0","0","0",""
"2A","C0","1","4","true","40","falha","57","0","0","0","0","2007.443461","3083.983566","2","50","50","0","0","0",""
"2A","C0","1","4","true","45","falha","50","0","0","0","0","2007.658761","2008.288095","2","50","50","0","0","0",""
"2A","C0","1","4","true","50","falha","50","0","0","0","0","2007.596338","2008.208512","3","50","50","0","0","0",""
"2A","C0","1","4","true","55","falha","70","0","0","0","0","2007.347006","2008.451246","3","50","50","0","0","0","fim_falha"
"2A","C0","1","4","true","60","depois","50","0","0","0","0","7.004841","7.563197","2","70","70","0","0","0",""
"2A","C0","1","4","true","65","depois","50","0","0","0","0","7.073087","8.027641","3","50","50","0","0","0",""
"2A","C0","1","4","true","70","depois","50","0","0","0","0","7.168459","7.71327","1","50","50","0","0","0",""
"2A","C0","1","4","true","75","depois","50","0","0","0","0","7.11361","7.854179","4","50","50","0","0","0",""
"2A","C0","1","4","true","80","depois","50","0","0","0","0","6.952621","7.464849","1","50","50","0","0","0",""
"2A","C0","1","4","true","85","depois","50","0","0","0","0","7.06073","7.666671","1","50","50","0","0","0",""
"2A","C0","1","4","true","90","depois","50","0","0","0","0","7.29722","1055.086801","4","50","50","0","0","0",""
"2A","C0","1","4","true","95","depois","50","0","0","0","0","6.985365","7.513127","0","50","50","0","0","0",""
"2A","C0","1","4","true","100","depois","50","0","0","0","0","7.019036","7.471003","0","50","50","0","0","0",""
"2A","C0","1","4","true","105","depois","50","0","0","0","0","7.033016","7.681997","2","50","50","0","0","0",""
"2A","C0","1","4","true","110","depois","50","0","0","0","0","7.073776","7.490048","3","50","50","0","0","0",""
"2A","C0","1","4","true","115","depois","50","0","0","0","0","7.048548","7.871371","2","50","50","0","0","0",""
"2A","C0","1","4","true","120","depois","50","0","0","0","0","7.011247","7.412326","2","50","50","0","0","0",""
"2A","C0","1","4","true","125","depois","50","0","0","0","0","7.101867","7.624439","3","50","50","0","0","0",""
"2A","C0","1","4","true","130","depois","50","0","0","0","0","7.145691","7.920833","2","50","50","0","0","0",""
"2A","C0","1","4","true","135","depois","50","0","0","0","0","7.099849","7.888295","4","50","50","0","0","0",""
"2A","C0","1","4","true","140","depois","50","0","0","0","0","7.075308","7.560557","3","50","50","0","0","0",""
"2A","C0","1","4","true","145","depois","50","0","0","0","0","7.051787","7.55961","2","50","50","0","0","0",""
"2A","C0","1","4","true","150","depois","50","0","0","0","0","7.286018","852.673228","3","50","50","0","0","0",""
"2A","C0","1","4","true","155","depois","50","0","0","0","0","7.213462","9.192196","0","50","50","0","0","0",""
"2A","C0","1","4","true","160","depois","50","0","0","0","0","9.277876","10.195018","0","50","50","0","0","0",""
"2A","C0","1","4","true","165","depois","50","0","0","0","0","10.675153","11.32209","0","50","50","0","0","0",""
"2A","C0","1","4","true","170","depois","50","0","0","0","0","7.095765","11.226385","0","50","50","0","0","0",""
"2A","C0","1","4","true","175","depois","50","0","0","0","0","7.404381","12.362779","5","50","50","0","0","0",""
"2A","C0","1","4","true","180","depois","50","0","0","0","0","7.039273","7.510272","5","50","50","0","0","0",""
"2A","C0","1","4","true","185","depois","50","0","0","0","0","13.17181","14.081093","0","50","50","0","0","0",""
"2A","C0","1","4","true","190","depois","50","0","0","0","0","14.086715","14.740762","0","50","50","0","0","0",""
"2A","C0","1","4","true","195","depois","50","0","0","0","0","15.098985","15.732317","4","50","50","0","0","0",""
"2A","C0","1","4","true","200","depois","50","0","0","0","0","7.176685","16.145047","4","50","50","0","0","0",""
"2A","C0","1","4","true","205","depois","43","0","0","0","0","8.193028","17.13316","0","50","50","0","0","0",""
"2A","C0","1","4","true","210","depois","57","0","0","0","0","7.286048","688.319618","0","50","50","0","0","0",""
"2A","C0","1","4","true","215","depois","50","0","0","0","0","7.090329","18.401566","2","50","50","0","0","0",""
"2A","C0","1","4","true","220","depois","50","0","0","0","0","18.702025","19.084835","1","50","50","0","0","0",""
"2A","C0","1","4","true","225","depois","50","0","0","0","0","18.867493","19.68634","0","50","50","0","0","0",""
"2A","C0","1","4","true","230","depois","50","0","0","0","0","18.903704","19.782541","0","50","50","0","0","0",""
"2A","C0","1","4","true","235","depois","43","0","0","0","0","18.999392","19.602166","5","50","50","0","0","0",""
"2A","C0","1","4","true","240","depois","0","","0","0","0","","","3","1","1","0","0","0",""
"2A","C0","1","4","true","245","depois","0","","0","0","0","","","0","0","0","0","0","0",""
"2A","C0","1","4","true","250","depois","0","","0","0","0","","","0","0","0","0","0","0",""
"2A","C0","2","2","true","-120","aquecimento","50","0","0","0","0","7.102458","7.617598","0","50","50","0","0","0",""
"2A","C0","2","2","true","-115","aquecimento","50","0","0","0","0","7.15366","7.728294","1","50","50","0","0","0",""
"2A","C0","2","2","true","-110","aquecimento","50","0","0","0","0","7.085219","7.64021","4","50","50","0","0","0",""
"2A","C0","2","2","true","-105","aquecimento","46","0","0","0","0","7.063143","7.945838","2","48","48","0","0","0",""
"2A","C0","2","2","true","-100","aquecimento","48","0","0","0","0","642.271979","931.991907","2","1","1","0","0","0",""
"2A","C0","2","2","true","-95","aquecimento","56","0","0","0","0","392.352407","770.525786","0","101","101","0","0","0",""
"2A","C0","2","2","true","-90","aquecimento","50","0","0","0","0","7.092434","7.430842","55","50","50","0","0","0",""
"2A","C0","2","2","true","-85","aquecimento","50","0","0","0","0","7.181618","8.12558","1","50","50","0","0","0",""
"2A","C0","2","2","true","-80","aquecimento","50","0","0","0","0","7.104143","7.51438","2","50","50","0","0","0",""
"2A","C0","2","2","true","-75","aquecimento","50","0","0","0","0","7.135023","7.951431","3","50","50","0","0","0",""
"2A","C0","2","2","true","-70","aquecimento","50","0","0","0","0","7.075797","7.424606","4","50","50","0","0","0",""
"2A","C0","2","2","true","-65","aquecimento","50","0","0","0","0","7.195768","7.595328","1","50","50","0","0","0",""
"2A","C0","2","2","true","-60","antes","50","0","0","0","0","7.168816","7.480598","3","50","50","0","0","0",""
"2A","C0","2","2","true","-55","antes","50","0","0","0","0","7.093286","7.605042","4","50","50","0","0","0",""
"2A","C0","2","2","true","-50","antes","50","0","0","0","0","7.275266","7.722612","1","50","50","0","0","0",""
"2A","C0","2","2","true","-45","antes","50","0","0","0","0","7.190666","1086.14315","3","50","50","0","0","0",""
"2A","C0","2","2","true","-40","antes","50","0","0","0","0","7.241746","7.527023","11","50","50","0","0","0",""
"2A","C0","2","2","true","-35","antes","50","0","0","0","0","7.104608","7.763309","2","50","50","0","0","0",""
"2A","C0","2","2","true","-30","antes","50","0","0","0","0","7.12392","7.77233","0","50","50","0","0","0",""
"2A","C0","2","2","true","-25","antes","50","0","0","0","0","7.08984","7.725102","5","50","50","0","0","0",""
"2A","C0","2","2","true","-20","antes","50","0","0","0","0","7.072347","7.721249","2","50","50","0","0","0",""
"2A","C0","2","2","true","-15","antes","50","0","0","0","0","7.14368","7.629055","3","50","50","0","0","0",""
"2A","C0","2","2","true","-10","antes","50","0","0","0","0","7.869579","8.532456","1","50","50","0","0","0",""
"2A","C0","2","2","true","-5","antes","47","0","0","0","0","9.050387","9.268584","3","50","50","0","0","0",""
"2A","C0","2","2","true","0","falha","33","0","0","0","0","2009.612658","2010.762667","4","30","30","0","0","0","inicio_falha"
"2A","C0","2","2","true","5","falha","50","0","0","0","0","2008.402863","2009.315263","1","50","50","0","0","0",""
"2A","C0","2","2","true","10","falha","50","0","0","0","0","2007.548229","2009.660572","1","50","50","0","0","0",""
"2A","C0","2","2","true","15","falha","50","0","0","0","0","2011.074154","2698.267087","4","50","50","0","0","0",""
"2A","C0","2","2","true","20","falha","50","0","0","0","0","2011.663266","2012.602763","4","50","50","0","0","0",""
"2A","C0","2","2","true","25","falha","50","0","0","0","0","2012.737735","2013.799975","4","50","50","0","0","0",""
"2A","C0","2","2","true","30","falha","50","0","0","0","0","2013.662481","2014.639192","4","50","50","0","0","0",""
"2A","C0","2","2","true","35","falha","50","0","0","0","0","2014.69726","2015.882688","4","50","50","0","0","0",""
"2A","C0","2","2","true","40","falha","50","0","0","0","0","2015.538017","2016.733891","3","50","50","0","0","0",""
"2A","C0","2","2","true","45","falha","50","0","0","0","0","2016.781494","2017.774231","2","50","50","0","0","0",""
"2A","C0","2","2","true","50","falha","50","0","0","0","0","2007.885962","2017.765908","3","50","50","0","0","0",""
"2A","C0","2","2","true","55","falha","70","0","0","0","0","2007.483382","2018.793296","2","50","50","0","0","0","fim_falha"
"2A","C0","2","2","true","60","depois","50","0","0","0","0","19.056296","789.634091","2","70","70","0","0","0",""
"2A","C0","2","2","true","65","depois","50","0","0","0","0","18.944759","19.818696","3","50","50","0","0","0",""
"2A","C0","2","2","true","70","depois","50","0","0","0","0","18.968554","19.547398","2","50","50","0","0","0",""
"2A","C0","2","2","true","75","depois","50","0","0","0","0","19.058157","19.493481","3","50","50","0","0","0",""
"2A","C0","2","2","true","80","depois","50","0","0","0","0","7.316689","19.275756","3","50","50","0","0","0",""
"2A","C0","2","2","true","85","depois","50","0","0","0","0","7.083201","7.676073","1","50","50","0","0","0",""
"2A","C0","2","2","true","90","depois","50","0","0","0","0","7.050273","7.756328","2","50","50","0","0","0",""
"2A","C0","2","2","true","95","depois","50","0","0","0","0","7.035305","7.70597","2","50","50","0","0","0",""
"2A","C0","2","2","true","100","depois","42","0","0","0","0","7.189277","7.906596","2","44","44","0","0","0",""
"2A","C0","2","2","true","105","depois","58","0","0","0","0","7.242943","854.09002","2","56","56","0","0","0",""
"2A","C0","2","2","true","110","depois","50","0","0","0","0","7.171935","7.642884","1","50","50","0","0","0",""
"2A","C0","2","2","true","115","depois","50","0","0","0","0","7.18812","7.965761","2","50","50","0","0","0",""
"2A","C0","2","2","true","120","depois","50","0","0","0","0","7.18077","8.356141","0","50","50","0","0","0",""
"2A","C0","2","2","true","125","depois","50","0","0","0","0","7.192506","7.682535","1","50","50","0","0","0",""
"2A","C0","2","2","true","130","depois","50","0","0","0","0","7.304319","7.832594","1","50","50","0","0","0",""
"2A","C0","2","2","true","135","depois","50","0","0","0","0","7.135091","7.805514","1","50","50","0","0","0",""
"2A","C0","2","2","true","140","depois","50","0","0","0","0","7.184567","8.010286","2","50","50","0","0","0",""
"2A","C0","2","2","true","145","depois","50","0","0","0","0","7.284198","974.476871","2","50","50","0","0","0",""
"2A","C0","2","2","true","150","depois","50","0","0","0","0","7.32657","8.254425","3","50","50","0","0","0",""
"2A","C0","2","2","true","155","depois","50","0","0","0","0","7.194455","7.770465","2","50","50","0","0","0",""
"2A","C0","2","2","true","160","depois","50","0","0","0","0","7.10699","7.483851","4","50","50","0","0","0",""
"2A","C0","2","2","true","165","depois","50","0","0","0","0","7.069913","7.497824","2","50","50","0","0","0",""
"2A","C0","2","2","true","170","depois","50","0","0","0","0","7.19556","7.623808","1","50","50","0","0","0",""
"2A","C0","2","2","true","175","depois","50","0","0","0","0","7.123175","7.6198","3","50","50","0","0","0",""
"2A","C0","2","2","true","180","depois","50","0","0","0","0","7.141211","7.655018","2","50","50","0","0","0",""
"2A","C0","2","2","true","185","depois","50","0","0","0","0","7.106834","7.723641","3","50","50","0","0","0",""
"2A","C0","2","2","true","190","depois","50","0","0","0","0","7.115976","7.912517","2","50","50","0","0","0",""
"2A","C0","2","2","true","195","depois","50","0","0","0","0","7.40912","1069.855608","5","44","44","0","0","0",""
"2A","C0","2","2","true","200","depois","50","0","0","0","0","7.130595","7.636657","4","56","56","0","0","0",""
"2A","C0","2","2","true","205","depois","50","0","0","0","0","7.092671","7.499027","0","50","50","0","0","0",""
"2A","C0","2","2","true","210","depois","50","0","0","0","0","7.144384","7.999833","2","50","50","0","0","0",""
"2A","C0","2","2","true","215","depois","50","0","0","0","0","7.060844","7.672854","2","50","50","0","0","0",""
"2A","C0","2","2","true","220","depois","50","0","0","0","0","7.197384","7.818124","0","50","50","0","0","0",""
"2A","C0","2","2","true","225","depois","50","0","0","0","0","7.102057","7.968934","3","50","50","0","0","0",""
"2A","C0","2","2","true","230","depois","50","0","0","0","0","7.13204","7.724753","3","50","50","0","0","0",""
"2A","C0","2","2","true","235","depois","48","0","0","0","0","7.106951","7.822779","1","50","50","0","0","0",""
"2A","C0","2","2","true","240","depois","0","","0","0","0","","","3","1","1","0","0","0",""
"2A","C0","2","2","true","245","depois","0","","0","0","0","","","0","0","0","0","0","0",""
"2A","C0","2","2","true","250","depois","0","","0","0","0","","","0","0","0","0","0","0",""
"2A","C0","3","2","true","-120","aquecimento","50","0","0","0","0","7.186095","7.713158","0","50","50","0","0","0",""
"2A","C0","3","2","true","-115","aquecimento","50","0","0","0","0","7.104983","7.46754","1","50","50","0","0","0",""
"2A","C0","3","2","true","-110","aquecimento","50","0","0","0","0","7.166846","8.033301","1","50","50","0","0","0",""
"2A","C0","3","2","true","-105","aquecimento","50","0","0","0","0","7.044144","7.387815","1","50","50","0","0","0",""
"2A","C0","3","2","true","-100","aquecimento","50","0","0","0","0","7.120983","7.625488","2","50","50","0","0","0",""
"2A","C0","3","2","true","-95","aquecimento","50","0","0","0","0","7.201477","7.610746","1","50","50","0","0","0",""
"2A","C0","3","2","true","-90","aquecimento","50","0","0","0","0","7.088232","7.515645","3","50","50","0","0","0",""
"2A","C0","3","2","true","-85","aquecimento","50","0","0","0","0","7.157231","7.639712","4","50","50","0","0","0",""
"2A","C0","3","2","true","-80","aquecimento","50","0","0","0","0","557.835053","1406.698317","1","48","48","0","0","0",""
"2A","C0","3","2","true","-75","aquecimento","50","0","0","0","0","7.174709","40.369137","2","52","52","0","0","0",""
"2A","C0","3","2","true","-70","aquecimento","50","0","0","0","0","386.994874","659.8671","2","36","36","0","0","0",""
"2A","C0","3","2","true","-65","aquecimento","50","0","0","0","0","7.238763","85.016217","4","64","64","0","0","0",""
"2A","C0","3","2","true","-60","antes","50","0","0","0","0","7.284943","507.324792","2","50","50","0","0","0",""
"2A","C0","3","2","true","-55","antes","50","0","0","0","0","7.106526","7.497062","2","50","50","0","0","0",""
"2A","C0","3","2","true","-50","antes","50","0","0","0","0","7.395866","8.032108","3","50","50","0","0","0",""
"2A","C0","3","2","true","-45","antes","50","0","0","0","0","7.164078","7.536807","2","50","50","0","0","0",""
"2A","C0","3","2","true","-40","antes","50","0","0","0","0","7.217222","7.800646","1","50","50","0","0","0",""
"2A","C0","3","2","true","-35","antes","50","0","0","0","0","7.157465","7.564927","2","50","50","0","0","0",""
"2A","C0","3","2","true","-30","antes","50","0","0","0","0","7.116078","7.726278","4","50","50","0","0","0",""
"2A","C0","3","2","true","-25","antes","50","0","0","0","0","7.167984","7.61148","2","50","50","0","0","0",""
"2A","C0","3","2","true","-20","antes","50","0","0","0","0","7.304004","903.667361","2","50","50","0","0","0",""
"2A","C0","3","2","true","-15","antes","50","0","0","0","0","7.193111","7.536534","0","50","50","0","0","0",""
"2A","C0","3","2","true","-10","antes","50","0","0","0","0","7.202837","7.768742","5","50","50","0","0","0",""
"2A","C0","3","2","true","-5","antes","47","0","0","0","0","7.111096","7.616864","0","50","50","0","0","0",""
"2A","C0","3","2","true","0","falha","33","0","0","0","0","2009.171485","2011.675611","0","30","30","0","0","0","inicio_falha"
"2A","C0","3","2","true","5","falha","50","0","0","0","0","2007.818654","2008.354789","0","50","50","0","0","0",""
"2A","C0","3","2","true","10","falha","50","0","0","0","0","2007.321844","2008.381006","2","50","50","0","0","0",""
"2A","C0","3","2","true","15","falha","50","0","0","0","0","2007.621741","2008.625424","3","50","50","0","0","0",""
"2A","C0","3","2","true","20","falha","50","0","0","0","0","2007.654074","2008.310604","4","50","50","0","0","0",""
"2A","C0","3","2","true","25","falha","50","0","0","0","0","2007.570043","2008.513079","2","50","50","0","0","0",""
"2A","C0","3","2","true","30","falha","50","0","0","0","0","2007.726871","2008.539316","4","50","50","0","0","0",""
"2A","C0","3","2","true","35","falha","50","0","0","0","0","2008.118081","2859.003208","4","50","50","0","0","0",""
"2A","C0","3","2","true","40","falha","50","0","0","0","0","2007.330985","2008.146334","0","50","50","0","0","0",""
"2A","C0","3","2","true","45","falha","50","0","0","0","0","2007.644466","2008.26629","0","50","50","0","0","0",""
"2A","C0","3","2","true","50","falha","50","0","0","0","0","2007.76919","2008.251577","0","50","50","0","0","0",""
"2A","C0","3","2","true","55","falha","70","0","0","0","0","2007.376146","2008.408765","5","50","50","0","0","0","fim_falha"
"2A","C0","3","2","true","60","depois","50","0","0","0","0","7.163423","8.088079","2","70","70","0","0","0",""
"2A","C0","3","2","true","65","depois","50","0","0","0","0","7.173767","7.503029","2","50","50","0","0","0",""
"2A","C0","3","2","true","70","depois","50","0","0","0","0","7.226703","8.319748","1","50","50","0","0","0",""
"2A","C0","3","2","true","75","depois","50","0","0","0","0","7.178814","7.615213","4","50","50","0","0","0",""
"2A","C0","3","2","true","80","depois","50","0","0","0","0","7.109893","7.78231","1","50","50","0","0","0",""
"2A","C0","3","2","true","85","depois","42","0","0","0","0","7.268028","7.637669","1","45","45","0","0","0",""
"2A","C0","3","2","true","90","depois","58","0","0","0","0","7.240406","820.993403","2","55","55","0","0","0",""
"2A","C0","3","2","true","95","depois","50","0","0","0","0","7.135593","7.562987","2","50","50","0","0","0",""
"2A","C0","3","2","true","100","depois","50","0","0","0","0","7.176918","7.93498","3","50","50","0","0","0",""
"2A","C0","3","2","true","105","depois","50","0","0","0","0","7.178247","7.563016","3","50","50","0","0","0",""
"2A","C0","3","2","true","110","depois","50","0","0","0","0","7.235584","7.909928","2","50","50","0","0","0",""
"2A","C0","3","2","true","115","depois","50","0","0","0","0","7.184561","7.669423","0","50","50","0","0","0",""
"2A","C0","3","2","true","120","depois","50","0","0","0","0","7.187578","7.562452","5","50","50","0","0","0",""
"2A","C0","3","2","true","125","depois","50","0","0","0","0","7.132712","7.628518","4","50","50","0","0","0",""
"2A","C0","3","2","true","130","depois","50","0","0","0","0","7.258932","8.254879","1","50","50","0","0","0",""
"2A","C0","3","2","true","135","depois","50","0","0","0","0","7.226741","7.8906","3","50","50","0","0","0",""
"2A","C0","3","2","true","140","depois","50","0","0","0","0","7.147526","7.574616","0","50","50","0","0","0",""
"2A","C0","3","2","true","145","depois","50","0","0","0","0","7.146396","7.560477","1","50","50","0","0","0",""
"2A","C0","3","2","true","150","depois","50","0","0","0","0","7.207508","8.590735","4","50","50","0","0","0",""
"2A","C0","3","2","true","155","depois","50","0","0","0","0","7.328364","899.376001","1","50","50","0","0","0",""
"2A","C0","3","2","true","160","depois","50","0","0","0","0","7.179323","7.638843","0","50","50","0","0","0",""
"2A","C0","3","2","true","165","depois","50","0","0","0","0","7.151674","7.57512","0","50","50","0","0","0",""
"2A","C0","3","2","true","170","depois","50","0","0","0","0","7.178334","7.613063","3","50","50","0","0","0",""
"2A","C0","3","2","true","175","depois","50","0","0","0","0","7.179449","7.666317","2","50","50","0","0","0",""
"2A","C0","3","2","true","180","depois","50","0","0","0","0","7.153494","7.666512","5","50","50","0","0","0",""
"2A","C0","3","2","true","185","depois","50","0","0","0","0","7.168489","7.575941","0","50","50","0","0","0",""
"2A","C0","3","2","true","190","depois","50","0","0","0","0","7.21516","8.182547","3","50","50","0","0","0",""
"2A","C0","3","2","true","195","depois","50","0","0","0","0","7.105405","7.665479","2","50","50","0","0","0",""
"2A","C0","3","2","true","200","depois","50","0","0","0","0","7.129757","7.593427","2","50","50","0","0","0",""
"2A","C0","3","2","true","205","depois","50","0","0","0","0","7.211261","7.615127","3","50","50","0","0","0",""
"2A","C0","3","2","true","210","depois","50","0","0","0","0","7.08898","7.82213","2","50","50","0","0","0",""
"2A","C0","3","2","true","215","depois","50","0","0","0","0","7.093972","7.478817","1","50","50","0","0","0",""
"2A","C0","3","2","true","220","depois","50","0","0","0","0","7.137737","7.536448","2","50","50","0","0","0",""
"2A","C0","3","2","true","225","depois","50","0","0","0","0","7.430982","1004.142287","3","37","37","0","0","0",""
"2A","C0","3","2","true","230","depois","50","0","0","0","0","7.12396","7.946506","0","63","63","0","0","0",""
"2A","C0","3","2","true","235","depois","48","0","0","0","0","7.091562","7.583534","0","50","50","0","0","0",""
"2A","C0","3","2","true","240","depois","0","","0","0","0","","","0","1","1","0","0","0",""
"2A","C0","3","2","true","245","depois","0","","0","0","0","","","0","0","0","0","0","0",""
"2A","C0","3","2","true","250","depois","0","","0","0","0","","","0","0","0","0","0","0",""
"2A","C0","4","2","true","-120","aquecimento","50","0","0","0","0","7.139672","8.211247","0","50","50","0","0","0",""
"2A","C0","4","2","true","-115","aquecimento","50","0","0","0","0","12.233029","13.353518","1","50","50","0","0","0",""
"2A","C0","4","2","true","-110","aquecimento","50","0","0","0","0","13.191827","14.102608","1","50","50","0","0","0",""
"2A","C0","4","2","true","-105","aquecimento","50","0","0","0","0","7.091605","7.829511","4","50","50","0","0","0",""
"2A","C0","4","2","true","-100","aquecimento","50","0","0","0","0","13.813925","15.112406","4","50","50","0","0","0",""
"2A","C0","4","2","true","-95","aquecimento","50","0","0","0","0","7.134092","15.26254","1","50","50","0","0","0",""
"2A","C0","4","2","true","-90","aquecimento","50","0","0","0","0","16.081222","18.824864","1","50","50","0","0","0",""
"2A","C0","4","2","true","-85","aquecimento","47","0","0","0","0","17.010113","17.664122","1","47","47","0","0","0",""
"2A","C0","4","2","true","-80","aquecimento","53","0","0","0","0","10.853215","1639.041518","1","53","53","0","0","0",""
"2A","C0","4","2","true","-75","aquecimento","50","0","0","0","0","7.10543","7.400244","0","50","50","0","0","0",""
"2A","C0","4","2","true","-70","aquecimento","50","0","0","0","0","18.915692","19.352525","0","50","50","0","0","0",""
"2A","C0","4","2","true","-65","aquecimento","50","0","0","0","0","18.956397","19.475983","0","50","50","0","0","0",""
"2A","C0","4","2","true","-60","antes","50","0","0","0","0","19.00381","19.590892","3","50","50","0","0","0",""
"2A","C0","4","2","true","-55","antes","50","0","0","0","0","19.04249","19.528672","0","50","50","0","0","0",""
"2A","C0","4","2","true","-50","antes","50","0","0","0","0","7.399606","19.171511","1","50","50","0","0","0",""
"2A","C0","4","2","true","-45","antes","50","0","0","0","0","7.612912","20.108218","1","50","50","0","0","0",""
"2A","C0","4","2","true","-40","antes","50","0","0","0","0","7.125161","19.54749","1","50","50","0","0","0",""
"2A","C0","4","2","true","-35","antes","50","0","0","0","0","7.118821","7.523863","4","50","50","0","0","0",""
"2A","C0","4","2","true","-30","antes","50","0","0","0","0","7.26051","1292.920465","1","50","50","0","0","0",""
"2A","C0","4","2","true","-25","antes","50","0","0","0","0","7.077471","7.450676","10","50","50","0","0","0",""
"2A","C0","4","2","true","-20","antes","50","0","0","0","0","7.058316","7.972513","3","50","50","0","0","0",""
"2A","C0","4","2","true","-15","antes","50","0","0","0","0","7.440828","12.617473","3","50","50","0","0","0",""
"2A","C0","4","2","true","-10","antes","50","0","0","0","0","7.115317","8.121357","0","50","50","0","0","0",""
"2A","C0","4","2","true","-5","antes","49","0","0","0","0","6.99275","7.674929","3","50","50","0","0","0",""
"2A","C0","4","2","true","0","falha","31","0","0","0","0","2009.400036","2011.756333","3","30","30","0","0","0","inicio_falha"
"2A","C0","4","2","true","5","falha","50","0","0","0","0","2008.044012","2008.942121","0","50","50","0","0","0",""
"2A","C0","4","2","true","10","falha","50","0","0","0","0","2007.262144","2008.798693","4","50","50","0","0","0",""
"2A","C0","4","2","true","15","falha","50","0","0","0","0","2007.701826","2008.432636","1","50","50","0","0","0",""
"2A","C0","4","2","true","20","falha","50","0","0","0","0","2007.761595","2008.294717","1","50","50","0","0","0",""
"2A","C0","4","2","true","25","falha","50","0","0","0","0","2007.807094","2008.356886","2","50","50","0","0","0",""
"2A","C0","4","2","true","30","falha","50","0","0","0","0","2007.762942","2008.415239","0","50","50","0","0","0",""
"2A","C0","4","2","true","35","falha","50","0","0","0","0","2007.841802","2008.574239","1","50","50","0","0","0",""
"2A","C0","4","2","true","40","falha","50","0","0","0","0","2007.317792","2008.313267","4","50","50","0","0","0",""
"2A","C0","4","2","true","45","falha","43","0","0","0","0","2007.554016","2008.082349","4","43","43","0","0","0",""
"2A","C0","4","2","true","50","falha","20","0","0","0","0","3168.497275","3479.631609","3","1","1","0","0","0",""
"2A","C0","4","2","true","55","falha","100","0","0","0","0","2026.934981","5893.015075","22","99","99","0","0","0","fim_falha"
"2A","C0","4","2","true","60","depois","50","0","0","0","0","7.427137","232.2135","1","70","70","0","0","0",""
"2A","C0","4","2","true","65","depois","50","0","0","0","0","7.187509","7.561343","0","50","50","0","0","0",""
"2A","C0","4","2","true","70","depois","50","0","0","0","0","7.345646","8.373051","0","50","50","0","0","0",""
"2A","C0","4","2","true","75","depois","50","0","0","0","0","7.091352","7.858662","0","50","50","0","0","0",""
"2A","C0","4","2","true","80","depois","50","0","0","0","0","7.155316","8.204292","5","50","50","0","0","0",""
"2A","C0","4","2","true","85","depois","50","0","0","0","0","7.08106","7.410576","1","50","50","0","0","0",""
"2A","C0","4","2","true","90","depois","50","0","0","0","0","7.105548","7.986608","2","50","50","0","0","0",""
"2A","C0","4","2","true","95","depois","50","0","0","0","0","7.041329","7.62355","2","50","50","0","0","0",""
"2A","C0","4","2","true","100","depois","50","0","0","0","0","7.130927","7.635497","0","50","50","0","0","0",""
"2A","C0","4","2","true","105","depois","50","0","0","0","0","7.099301","7.68022","0","50","50","0","0","0",""
"2A","C0","4","2","true","110","depois","50","0","0","0","0","7.495035","1422.267742","5","50","50","0","0","0",""
"2A","C0","4","2","true","115","depois","50","0","0","0","0","7.120479","7.515866","1","50","50","0","0","0",""
"2A","C0","4","2","true","120","depois","50","0","0","0","0","7.11453","7.867459","2","50","50","0","0","0",""
"2A","C0","4","2","true","125","depois","50","0","0","0","0","7.140721","7.733933","1","50","50","0","0","0",""
"2A","C0","4","2","true","130","depois","50","0","0","0","0","7.373623","7.982575","1","50","50","0","0","0",""
"2A","C0","4","2","true","135","depois","50","0","0","0","0","7.134271","7.701719","2","50","50","0","0","0",""
"2A","C0","4","2","true","140","depois","50","0","0","0","0","7.229414","8.538485","3","50","50","0","0","0",""
"2A","C0","4","2","true","145","depois","50","0","0","0","0","7.127648","7.608273","3","50","50","0","0","0",""
"2A","C0","4","2","true","150","depois","50","0","0","0","0","7.229704","8.674519","3","50","50","0","0","0",""
"2A","C0","4","2","true","155","depois","50","0","0","0","0","7.16791","140.499597","2","50","50","0","0","0",""
"2A","C0","4","2","true","160","depois","50","0","0","0","0","7.091864","7.631509","5","50","50","0","0","0",""
"2A","C0","4","2","true","165","depois","48","0","0","0","0","7.099008","7.554503","2","49","49","0","0","0",""
"2A","C0","4","2","true","170","depois","52","0","0","0","0","7.201835","879.607915","1","51","51","0","0","0",""
"2A","C0","4","2","true","175","depois","51","0","0","0","0","7.099086","7.33348","3","50","50","0","0","0",""
"2A","C0","4","2","true","180","depois","49","0","0","0","0","7.131295","7.571829","2","50","50","0","0","0",""
"2A","C0","4","2","true","185","depois","50","0","0","0","0","7.121491","7.971963","3","50","50","0","0","0",""
"2A","C0","4","2","true","190","depois","51","0","0","0","0","7.163517","8.079407","2","50","50","0","0","0",""
"2A","C0","4","2","true","195","depois","50","0","0","0","0","7.156083","7.657344","4","50","50","0","0","0",""
"2A","C0","4","2","true","200","depois","50","0","0","0","0","7.123774","7.967329","1","50","50","0","0","0",""
"2A","C0","4","2","true","205","depois","50","0","0","0","0","7.116296","7.501732","1","50","50","0","0","0",""
"2A","C0","4","2","true","210","depois","49","0","0","0","0","7.269038","947.052583","1","40","40","0","0","0",""
"2A","C0","4","2","true","215","depois","51","0","0","0","0","7.133797","7.732648","4","60","60","0","0","0",""
"2A","C0","4","2","true","220","depois","50","0","0","0","0","7.106312","8.230282","4","50","50","0","0","0",""
"2A","C0","4","2","true","225","depois","50","0","0","0","0","7.102152","7.443623","1","50","50","0","0","0",""
"2A","C0","4","2","true","230","depois","50","0","0","0","0","7.138919","7.792317","0","50","50","0","0","0",""
"2A","C0","4","2","true","235","depois","49","0","0","0","0","7.104608","7.671845","5","50","50","0","0","0",""
"2A","C0","4","2","true","240","depois","0","","0","0","0","","","5","1","1","0","0","0",""
"2A","C0","4","2","true","245","depois","0","","0","0","0","","","0","0","0","0","0","0",""
"2A","C0","4","2","true","250","depois","0","","0","0","0","","","0","0","0","0","0","0",""
"2A","C0","4","2","true","255","depois","0","","0","0","0","","","","0","0","0","0","0",""
"2A","C0","5","5","true","-120","aquecimento","50","0","0","0","0","7.239588","7.777538","0","50","50","0","0","0",""
"2A","C0","5","5","true","-115","aquecimento","50","0","0","0","0","7.198036","7.483863","1","50","50","0","0","0",""
"2A","C0","5","5","true","-110","aquecimento","38","0","0","0","0","7.283512","650.663093","2","43","43","0","0","0",""
"2A","C0","5","5","true","-105","aquecimento","62","0","0","0","0","7.401338","1070.637133","1","57","57","0","0","0",""
"2A","C0","5","5","true","-100","aquecimento","50","0","0","0","0","7.209263","7.989317","0","50","50","0","0","0",""
"2A","C0","5","5","true","-95","aquecimento","50","0","0","0","0","7.145715","7.593601","1","50","50","0","0","0",""
"2A","C0","5","5","true","-90","aquecimento","50","0","0","0","0","7.17711","7.784473","1","50","50","0","0","0",""
"2A","C0","5","5","true","-85","aquecimento","50","0","0","0","0","7.200674","7.514946","2","50","50","0","0","0",""
"2A","C0","5","5","true","-80","aquecimento","50","0","0","0","0","7.177452","7.849571","3","50","50","0","0","0",""
"2A","C0","5","5","true","-75","aquecimento","50","0","0","0","0","7.098931","7.403383","1","50","50","0","0","0",""
"2A","C0","5","5","true","-70","aquecimento","50","0","0","0","0","7.124529","7.633297","1","50","50","0","0","0",""
"2A","C0","5","5","true","-65","aquecimento","50","0","0","0","0","7.163572","7.589029","4","50","50","0","0","0",""
"2A","C0","5","5","true","-60","antes","50","0","0","0","0","7.415586","1009.57746","3","50","50","0","0","0",""
"2A","C0","5","5","true","-55","antes","50","0","0","0","0","7.123426","7.497637","2","50","50","0","0","0",""
"2A","C0","5","5","true","-50","antes","50","0","0","0","0","7.337288","8.265082","3","50","50","0","0","0",""
"2A","C0","5","5","true","-45","antes","50","0","0","0","0","7.204744","7.848564","2","50","50","0","0","0",""
"2A","C0","5","5","true","-40","antes","50","0","0","0","0","7.236265","7.780501","4","50","50","0","0","0",""
"2A","C0","5","5","true","-35","antes","50","0","0","0","0","7.159338","7.691293","1","50","50","0","0","0",""
"2A","C0","5","5","true","-30","antes","50","0","0","0","0","7.140641","8.084335","4","50","50","0","0","0",""
"2A","C0","5","5","true","-25","antes","50","0","0","0","0","7.105225","7.680956","4","50","50","0","0","0",""
"2A","C0","5","5","true","-20","antes","50","0","0","0","0","7.159742","7.747345","0","50","50","0","0","0",""
"2A","C0","5","5","true","-15","antes","50","0","0","0","0","7.160167","7.672508","2","50","50","0","0","0",""
"2A","C0","5","5","true","-10","antes","50","0","0","0","0","7.203299","7.8875","3","50","50","0","0","0",""
"2A","C0","5","5","true","-5","antes","40","0","0","0","0","7.12397","7.449363","3","50","50","0","0","0",""
"2A","C0","5","5","true","0","falha","40","0","0","0","0","2008.657756","2010.299699","0","30","30","0","0","0","inicio_falha"
"2A","C0","5","5","true","5","falha","50","0","0","0","0","2007.30527","2008.381445","0","50","50","0","0","0",""
"2A","C0","5","5","true","10","falha","50","0","0","0","0","2007.791495","2008.425691","3","50","50","0","0","0",""
"2A","C0","5","5","true","15","falha","50","0","0","0","0","2007.733447","2008.294108","5","50","50","0","0","0",""
"2A","C0","5","5","true","20","falha","50","0","0","0","0","2007.775127","2008.575934","4","50","50","0","0","0",""
"2A","C0","5","5","true","25","falha","50","0","0","0","0","2007.654949","2008.320105","1","50","50","0","0","0",""
"2A","C0","5","5","true","30","falha","50","0","0","0","0","2007.808369","2008.365589","2","50","50","0","0","0",""
"2A","C0","5","5","true","35","falha","50","0","0","0","0","2007.202802","2008.439691","1","50","50","0","0","0",""
"2A","C0","5","5","true","40","falha","50","0","0","0","0","2007.734192","2008.282332","4","50","50","0","0","0",""
"2A","C0","5","5","true","45","falha","50","0","0","0","0","2008.065138","3017.615509","3","39","39","0","0","0",""
"2A","C0","5","5","true","50","falha","50","0","0","0","0","2007.74907","2008.741918","3","61","61","0","0","0",""
"2A","C0","5","5","true","55","falha","70","0","0","0","0","2007.271132","2008.30124","2","50","50","0","0","0","fim_falha"
"2A","C0","5","5","true","60","depois","50","0","0","0","0","7.188641","7.762186","3","70","70","0","0","0",""
"2A","C0","5","5","true","65","depois","50","0","0","0","0","7.261632","8.126172","2","50","50","0","0","0",""
"2A","C0","5","5","true","70","depois","50","0","0","0","0","7.257427","8.43214","1","50","50","0","0","0",""
"2A","C0","5","5","true","75","depois","50","0","0","0","0","7.168274","7.742899","1","50","50","0","0","0",""
"2A","C0","5","5","true","80","depois","50","0","0","0","0","7.161954","7.704949","4","50","50","0","0","0",""
"2A","C0","5","5","true","85","depois","50","0","0","0","0","7.135948","7.678472","0","50","50","0","0","0",""
"2A","C0","5","5","true","90","depois","50","0","0","0","0","7.134766","7.772157","1","50","50","0","0","0",""
"2A","C0","5","5","true","95","depois","50","0","0","0","0","7.099076","7.570578","4","50","50","0","0","0",""
"2A","C0","5","5","true","100","depois","50","0","0","0","0","7.244637","986.583117","2","50","50","0","0","0",""
"2A","C0","5","5","true","105","depois","50","0","0","0","0","7.172354","7.611547","0","50","50","0","0","0",""
"2A","C0","5","5","true","110","depois","50","0","0","0","0","7.166992","7.999916","0","50","50","0","0","0",""
"2A","C0","5","5","true","115","depois","50","0","0","0","0","7.165957","7.79905","5","50","50","0","0","0",""
"2A","C0","5","5","true","120","depois","50","0","0","0","0","7.238798","8.253199","4","50","50","0","0","0",""
"2A","C0","5","5","true","125","depois","50","0","0","0","0","7.309063","7.524999","0","50","50","0","0","0",""
"2A","C0","5","5","true","130","depois","50","0","0","0","0","7.423642","8.368031","3","50","50","0","0","0",""
"2A","C0","5","5","true","135","depois","50","0","0","0","0","7.313072","7.631978","2","50","50","0","0","0",""
"2A","C0","5","5","true","140","depois","50","0","0","0","0","7.217812","7.811185","3","50","50","0","0","0",""
"2A","C0","5","5","true","145","depois","50","0","0","0","0","7.235861","7.9328","2","50","50","0","0","0",""
"2A","C0","5","5","true","150","depois","50","0","0","0","0","7.436599","8.382175","3","50","50","0","0","0",""
"2A","C0","5","5","true","155","depois","49","0","0","0","0","7.204041","7.688145","5","50","50","0","0","0",""
"2A","C0","5","5","true","160","depois","51","0","0","0","0","7.421448","1308.469504","0","50","50","0","0","0",""
"2A","C0","5","5","true","165","depois","50","0","0","0","0","7.139569","7.598088","5","50","50","0","0","0",""
"2A","C0","5","5","true","170","depois","50","0","0","0","0","7.308787","9.038921","5","50","50","0","0","0",""
"2A","C0","5","5","true","175","depois","50","0","0","0","0","7.329123","7.813138","5","50","50","0","0","0",""
"2A","C0","5","5","true","180","depois","50","0","0","0","0","7.238722","7.790422","1","50","50","0","0","0",""
"2A","C0","5","5","true","185","depois","50","0","0","0","0","7.197753","7.506614","2","50","50","0","0","0",""
"2A","C0","5","5","true","190","depois","50","0","0","0","0","7.40796","8.41165","2","50","50","0","0","0",""
"2A","C0","5","5","true","195","depois","50","0","0","0","0","7.223578","7.812166","3","50","50","0","0","0",""
"2A","C0","5","5","true","200","depois","50","0","0","0","0","7.257975","7.913159","2","50","50","0","0","0",""
"2A","C0","5","5","true","205","depois","35","0","0","0","0","7.177972","7.551375","2","44","44","0","0","0",""
"2A","C0","5","5","true","210","depois","65","0","0","0","0","7.359028","1146.253749","1","56","56","0","0","0",""
"2A","C0","5","5","true","215","depois","50","0","0","0","0","7.255875","7.565877","2","50","50","0","0","0",""
"2A","C0","5","5","true","220","depois","50","0","0","0","0","7.197576","8.447742","3","50","50","0","0","0",""
"2A","C0","5","5","true","225","depois","50","0","0","0","0","7.179883","7.53088","2","50","50","0","0","0",""
"2A","C0","5","5","true","230","depois","50","0","0","0","0","7.272617","7.836749","2","50","50","0","0","0",""
"2A","C0","5","5","true","235","depois","41","0","0","0","0","7.127873","7.583038","3","50","50","0","0","0",""
"2A","C0","5","5","true","240","depois","0","","0","0","0","","","1","1","1","0","0","0",""
"2A","C0","5","5","true","245","depois","0","","0","0","0","","","0","0","0","0","0","0",""
"2A","C0","5","5","true","250","depois","0","","0","0","0","","","0","0","0","0","0","0",""
"2A","C0","5","5","true","255","depois","0","","0","0","0","","","","0","0","0","0","0",""
"2A","C0","6","1","true","-120","aquecimento","50","0","0","0","0","7.193564","7.630917","0","50","50","0","0","0",""
"2A","C0","6","1","true","-115","aquecimento","50","0","0","0","0","7.204674","7.719346","0","50","50","0","0","0",""
"2A","C0","6","1","true","-110","aquecimento","50","0","0","0","0","7.22502","8.509694","0","50","50","0","0","0",""
"2A","C0","6","1","true","-105","aquecimento","50","0","0","0","0","7.19298","7.859166","5","50","50","0","0","0",""
"2A","C0","6","1","true","-100","aquecimento","50","0","0","0","0","7.446642","8.159622","0","50","50","0","0","0",""
"2A","C0","6","1","true","-95","aquecimento","50","0","0","0","0","8.432757","8.960781","3","50","50","0","0","0",""
"2A","C0","6","1","true","-90","aquecimento","50","0","0","0","0","9.280583","10.023118","3","50","50","0","0","0",""
"2A","C0","6","1","true","-85","aquecimento","50","0","0","0","0","10.742676","11.114014","3","50","50","0","0","0",""
"2A","C0","6","1","true","-80","aquecimento","50","0","0","0","0","7.195146","7.675634","3","50","50","0","0","0",""
"2A","C0","6","1","true","-75","aquecimento","50","0","0","0","0","7.141577","7.828233","1","50","50","0","0","0",""
"2A","C0","6","1","true","-70","aquecimento","50","0","0","0","0","12.315147","12.919702","4","50","50","0","0","0",""
"2A","C0","6","1","true","-65","aquecimento","50","0","0","0","0","7.400776","927.872187","2","50","50","0","0","0",""
"2A","C0","6","1","true","-60","antes","50","0","0","0","0","7.328438","14.898612","2","50","50","0","0","0",""
"2A","C0","6","1","true","-55","antes","50","0","0","0","0","14.985687","16.034348","2","50","50","0","0","0",""
"2A","C0","6","1","true","-50","antes","50","0","0","0","0","7.229954","7.950215","2","50","50","0","0","0",""
"2A","C0","6","1","true","-45","antes","50","0","0","0","0","16.615935","17.310537","2","50","50","0","0","0",""
"2A","C0","6","1","true","-40","antes","50","0","0","0","0","17.722279","18.042238","1","50","50","0","0","0",""
"2A","C0","6","1","true","-35","antes","50","0","0","0","0","18.634864","19.054845","1","50","50","0","0","0",""
"2A","C0","6","1","true","-30","antes","50","0","0","0","0","18.973023","19.319252","1","50","50","0","0","0",""
"2A","C0","6","1","true","-25","antes","50","0","0","0","0","18.983498","19.420619","0","50","50","0","0","0",""
"2A","C0","6","1","true","-20","antes","50","0","0","0","0","7.23343","18.190305","4","50","50","0","0","0",""
"2A","C0","6","1","true","-15","antes","50","0","0","0","0","8.382251","19.26825","1","50","50","0","0","0",""
"2A","C0","6","1","true","-10","antes","50","0","0","0","0","7.438468","905.777916","1","50","50","0","0","0",""
"2A","C0","6","1","true","-5","antes","40","0","0","0","0","7.404882","19.663287","1","50","50","0","0","0",""
"2A","C0","6","1","true","0","falha","40","0","0","0","0","2019.003129","2021.787332","0","30","30","0","0","0","inicio_falha"
"2A","C0","6","1","true","5","falha","50","0","0","0","0","2019.553818","2020.335695","0","50","50","0","0","0",""
"2A","C0","6","1","true","10","falha","50","0","0","0","0","2019.668665","2020.577133","5","50","50","0","0","0",""
"2A","C0","6","1","true","15","falha","50","0","0","0","0","2007.631566","2008.902599","1","50","50","0","0","0",""
"2A","C0","6","1","true","20","falha","50","0","0","0","0","2007.775047","2008.434025","1","50","50","0","0","0",""
"2A","C0","6","1","true","25","falha","50","0","0","0","0","2007.625964","2008.736976","4","50","50","0","0","0",""
"2A","C0","6","1","true","30","falha","50","0","0","0","0","2007.198332","2008.177248","2","50","50","0","0","0",""
"2A","C0","6","1","true","35","falha","50","0","0","0","0","2007.660619","2008.287221","2","50","50","0","0","0",""
"2A","C0","6","1","true","40","falha","50","0","0","0","0","2007.912669","2835.224421","1","50","50","0","0","0",""
"2A","C0","6","1","true","45","falha","50","0","0","0","0","2007.815658","2008.413633","14","50","50","0","0","0",""
"2A","C0","6","1","true","50","falha","50","0","0","0","0","2007.589989","2008.279556","1","50","50","0","0","0",""
"2A","C0","6","1","true","55","falha","70","0","0","0","0","2007.315995","2008.415442","4","50","50","0","0","0","fim_falha"
"2A","C0","6","1","true","60","depois","50","0","0","0","0","7.193706","7.575064","2","70","70","0","0","0",""
"2A","C0","6","1","true","65","depois","50","0","0","0","0","7.209682","8.026904","1","50","50","0","0","0",""
"2A","C0","6","1","true","70","depois","50","0","0","0","0","7.305352","7.820817","2","50","50","0","0","0",""
"2A","C0","6","1","true","75","depois","50","0","0","0","0","7.198599","7.542099","3","50","50","0","0","0",""
"2A","C0","6","1","true","80","depois","50","0","0","0","0","7.156791","7.398938","0","50","50","0","0","0",""
"2A","C0","6","1","true","85","depois","50","0","0","0","0","7.108208","7.702117","1","50","50","0","0","0",""
"2A","C0","6","1","true","90","depois","50","0","0","0","0","7.119359","8.095524","2","50","50","0","0","0",""
"2A","C0","6","1","true","95","depois","50","0","0","0","0","7.196553","1014.424494","5","37","37","0","0","0",""
"2A","C0","6","1","true","100","depois","50","0","0","0","0","7.171633","7.649526","4","63","63","0","0","0",""
"2A","C0","6","1","true","105","depois","50","0","0","0","0","7.137997","7.726151","0","50","50","0","0","0",""
"2A","C0","6","1","true","110","depois","50","0","0","0","0","7.164334","7.678699","2","50","50","0","0","0",""
"2A","C0","6","1","true","115","depois","50","0","0","0","0","7.208672","7.867441","3","50","50","0","0","0",""
"2A","C0","6","1","true","120","depois","50","0","0","0","0","7.191285","7.585902","1","50","50","0","0","0",""
"2A","C0","6","1","true","125","depois","50","0","0","0","0","7.215408","7.952456","2","50","50","0","0","0",""
"2A","C0","6","1","true","130","depois","50","0","0","0","0","7.282862","7.845134","2","50","50","0","0","0",""
"2A","C0","6","1","true","135","depois","50","0","0","0","0","7.267303","7.899293","3","50","50","0","0","0",""
"2A","C0","6","1","true","140","depois","50","0","0","0","0","7.210957","7.690326","1","50","50","0","0","0",""
"2A","C0","6","1","true","145","depois","50","0","0","0","0","7.195866","8.392485","2","50","50","0","0","0",""
"2A","C0","6","1","true","150","depois","50","0","0","0","0","7.292546","883.959454","5","50","50","0","0","0",""
"2A","C0","6","1","true","155","depois","50","0","0","0","0","7.182723","7.716912","2","50","50","0","0","0",""
"2A","C0","6","1","true","160","depois","50","0","0","0","0","7.229679","7.838276","2","50","50","0","0","0",""
"2A","C0","6","1","true","165","depois","50","0","0","0","0","7.180422","7.838108","5","50","50","0","0","0",""
"2A","C0","6","1","true","170","depois","50","0","0","0","0","7.147466","7.414178","2","50","50","0","0","0",""
"2A","C0","6","1","true","175","depois","50","0","0","0","0","7.141615","7.892809","3","50","50","0","0","0",""
"2A","C0","6","1","true","180","depois","50","0","0","0","0","7.201352","7.599059","1","50","50","0","0","0",""
"2A","C0","6","1","true","185","depois","50","0","0","0","0","7.244561","7.942467","4","50","50","0","0","0",""
"2A","C0","6","1","true","190","depois","46","0","0","0","0","7.287389","8.001677","4","50","50","0","0","0",""
"2A","C0","6","1","true","195","depois","54","0","0","0","0","7.233947","974.045945","2","50","50","0","0","0",""
"2A","C0","6","1","true","200","depois","50","0","0","0","0","7.166323","7.62553","4","50","50","0","0","0",""
"2A","C0","6","1","true","205","depois","50","0","0","0","0","7.251463","8.007326","2","50","50","0","0","0",""
"2A","C0","6","1","true","210","depois","50","0","0","0","0","7.246524","7.817555","0","50","50","0","0","0",""
"2A","C0","6","1","true","215","depois","50","0","0","0","0","7.183403","7.688725","3","50","50","0","0","0",""
"2A","C0","6","1","true","220","depois","50","0","0","0","0","7.204378","7.795801","2","50","50","0","0","0",""
"2A","C0","6","1","true","225","depois","50","0","0","0","0","7.138892","7.876545","3","50","50","0","0","0",""
"2A","C0","6","1","true","230","depois","50","0","0","0","0","7.204995","7.691819","2","50","50","0","0","0",""
"2A","C0","6","1","true","235","depois","41","0","0","0","0","7.148838","7.637365","3","50","50","0","0","0",""
"2A","C0","6","1","true","240","depois","0","","0","0","0","","","2","1","1","0","0","0",""
"2A","C0","6","1","true","245","depois","0","","0","0","0","","","0","0","0","0","0","0",""
"2A","C0","6","1","true","250","depois","0","","0","0","0","","","0","0","0","0","0","0",""
"2A","C1","1","3","true","-120","aquecimento","50","0","0","0","0","7.027004","7.689399","0","50","50","0","0","0",""
"2A","C1","1","3","true","-115","aquecimento","50","0","0","0","0","6.955127","7.250558","0","50","50","0","0","0",""
"2A","C1","1","3","true","-110","aquecimento","50","0","0","0","0","6.902966","7.265019","1","50","50","0","0","0",""
"2A","C1","1","3","true","-105","aquecimento","50","0","0","0","0","6.918273","7.210074","4","50","50","0","0","0",""
"2A","C1","1","3","true","-100","aquecimento","50","0","0","0","0","6.874305","7.806453","1","50","50","0","0","0",""
"2A","C1","1","3","true","-95","aquecimento","50","0","0","0","0","6.906656","7.602533","1","50","50","0","0","0",""
"2A","C1","1","3","true","-90","aquecimento","50","0","0","0","0","6.892344","7.346578","4","50","50","0","0","0",""
"2A","C1","1","3","true","-85","aquecimento","50","0","0","0","0","6.84331","7.395846","0","50","50","0","0","0",""
"2A","C1","1","3","true","-80","aquecimento","50","0","0","0","0","6.854071","7.809389","0","50","50","0","0","0",""
"2A","C1","1","3","true","-75","aquecimento","50","0","0","0","0","6.90809","7.245382","5","50","50","0","0","0",""
"2A","C1","1","3","true","-70","aquecimento","50","0","0","0","0","7.042333","600.413499","1","50","50","0","0","0",""
"2A","C1","1","3","true","-65","aquecimento","50","0","0","0","0","7.088531","906.285906","0","50","50","0","0","0",""
"2A","C1","1","3","true","-60","antes","50","0","0","0","0","6.959078","7.391584","1","50","50","0","0","0",""
"2A","C1","1","3","true","-55","antes","50","0","0","0","0","6.929306","7.345554","1","50","50","0","0","0",""
"2A","C1","1","3","true","-50","antes","50","0","0","0","0","6.982801","7.726796","0","50","50","0","0","0",""
"2A","C1","1","3","true","-45","antes","50","0","0","0","0","7.00551","7.391225","5","50","50","0","0","0",""
"2A","C1","1","3","true","-40","antes","50","0","0","0","0","6.932377","7.289008","5","50","50","0","0","0",""
"2A","C1","1","3","true","-35","antes","50","0","0","0","0","6.972994","7.56861","0","50","50","0","0","0",""
"2A","C1","1","3","true","-30","antes","50","0","0","0","0","6.980826","7.573429","5","50","50","0","0","0",""
"2A","C1","1","3","true","-25","antes","50","0","0","0","0","6.979293","7.419692","5","50","50","0","0","0",""
"2A","C1","1","3","true","-20","antes","50","0","0","0","0","6.966896","7.7784","5","50","50","0","0","0",""
"2A","C1","1","3","true","-15","antes","50","0","0","0","0","6.963075","7.566599","0","50","50","0","0","0",""
"2A","C1","1","3","true","-10","antes","50","0","0","0","0","6.968079","7.656144","3","50","50","0","0","0",""
"2A","C1","1","3","true","-5","antes","41","0","0","0","0","10.18957","1534.087428","3","50","50","0","0","0",""
"2A","C1","1","3","true","0","falha","49","100","49","0","0","1001.120326","1002.311489","4","0","0","0","0","0","inicio_falha"
"2A","C1","1","3","true","5","falha","50","100","50","0","0","1000.971229","1002.254227","0","0","0","0","0","0",""
"2A","C1","1","3","true","10","falha","50","100","50","0","0","1001.10477","1002.139708","0","0","0","0","0","0",""
"2A","C1","1","3","true","15","falha","50","100","50","0","0","1001.140905","1002.268399","0","0","0","0","0","0",""
"2A","C1","1","3","true","20","falha","50","100","50","0","0","1001.104716","1002.13358","0","0","0","0","0","0",""
"2A","C1","1","3","true","25","falha","50","100","50","0","0","1001.08516","1002.144286","0","0","0","0","0","0",""
"2A","C1","1","3","true","30","falha","50","100","50","0","0","1001.04266","1002.217481","0","0","0","0","0","0",""
"2A","C1","1","3","true","35","falha","50","100","50","0","0","1000.971667","1002.264445","0","0","0","0","0","0",""
"2A","C1","1","3","true","40","falha","50","100","50","0","0","1001.143391","1002.254989","0","0","0","0","0","0",""
"2A","C1","1","3","true","45","falha","50","100","50","0","0","1001.131206","1002.220621","0","0","0","0","0","0",""
"2A","C1","1","3","true","50","falha","50","100","50","0","0","1001.002383","1002.047384","0","0","0","0","0","0",""
"2A","C1","1","3","true","55","falha","60","70","42","0","0","1000.876759","1002.04811","0","0","0","0","0","0","fim_falha"
"2A","C1","1","3","true","60","depois","50","0","0","0","0","7.373301","7.85868","0","59","59","0","0","0",""
"2A","C1","1","3","true","65","depois","50","0","0","0","0","6.983693","7.659088","0","50","50","0","0","0",""
"2A","C1","1","3","true","70","depois","50","0","0","0","0","7.020223","7.560141","5","50","50","0","0","0",""
"2A","C1","1","3","true","75","depois","50","0","0","0","0","6.94232","7.509626","0","50","50","0","0","0",""
"2A","C1","1","3","true","80","depois","50","0","0","0","0","6.856113","7.426528","5","50","50","0","0","0",""
"2A","C1","1","3","true","85","depois","50","0","0","0","0","6.925424","7.796511","3","50","50","0","0","0",""
"2A","C1","1","3","true","90","depois","50","0","0","0","0","6.881235","7.39652","2","50","50","0","0","0",""
"2A","C1","1","3","true","95","depois","50","0","0","0","0","6.919819","7.514886","3","50","50","0","0","0",""
"2A","C1","1","3","true","100","depois","50","0","0","0","0","7.231366","1389.174469","1","36","36","0","0","0",""
"2A","C1","1","3","true","105","depois","50","0","0","0","0","6.906738","9.415873","2","64","64","0","0","0",""
"2A","C1","1","3","true","110","depois","50","0","0","0","0","6.958272","7.220762","0","50","50","0","0","0",""
"2A","C1","1","3","true","115","depois","50","0","0","0","0","6.989454","7.417937","0","50","50","0","0","0",""
"2A","C1","1","3","true","120","depois","50","0","0","0","0","6.958321","7.870634","5","50","50","0","0","0",""
"2A","C1","1","3","true","125","depois","50","0","0","0","0","6.904867","7.200632","0","50","50","0","0","0",""
"2A","C1","1","3","true","130","depois","50","0","0","0","0","6.964607","7.742442","5","50","50","0","0","0",""
"2A","C1","1","3","true","135","depois","50","0","0","0","0","7.015765","7.765736","0","50","50","0","0","0",""
"2A","C1","1","3","true","140","depois","50","0","0","0","0","6.900479","7.437945","5","50","50","0","0","0",""
"2A","C1","1","3","true","145","depois","50","0","0","0","0","6.968908","7.288554","0","50","50","0","0","0",""
"2A","C1","1","3","true","150","depois","50","0","0","0","0","6.932717","7.995705","0","50","50","0","0","0",""
"2A","C1","1","3","true","155","depois","50","0","0","0","0","6.965267","7.65087","5","50","50","0","0","0",""
"2A","C1","1","3","true","160","depois","50","0","0","0","0","7.063468","1231.917563","0","48","48","0","0","0",""
"2A","C1","1","3","true","165","depois","50","0","0","0","0","7.022657","7.41115","0","52","52","0","0","0",""
"2A","C1","1","3","true","170","depois","50","0","0","0","0","6.936768","7.209408","0","50","50","0","0","0",""
"2A","C1","1","3","true","175","depois","50","0","0","0","0","6.933559","7.270181","5","50","50","0","0","0",""
"2A","C1","1","3","true","180","depois","50","0","0","0","0","6.935632","7.376257","4","50","50","0","0","0",""
"2A","C1","1","3","true","185","depois","50","0","0","0","0","6.943631","7.20433","0","50","50","0","0","0",""
"2A","C1","1","3","true","190","depois","50","0","0","0","0","7.001598","7.819219","0","50","50","0","0","0",""
"2A","C1","1","3","true","195","depois","50","0","0","0","0","6.967959","7.501062","5","50","50","0","0","0",""
"2A","C1","1","3","true","200","depois","50","0","0","0","0","6.91569","7.171534","4","50","50","0","0","0",""
"2A","C1","1","3","true","205","depois","50","0","0","0","0","7.109136","1045.428159","1","41","41","0","0","0",""
"2A","C1","1","3","true","210","depois","50","0","0","0","0","6.963212","7.242321","2","59","59","0","0","0",""
"2A","C1","1","3","true","215","depois","50","0","0","0","0","6.956047","7.339493","2","50","50","0","0","0",""
"2A","C1","1","3","true","220","depois","50","0","0","0","0","6.927883","7.129039","3","50","50","0","0","0",""
"2A","C1","1","3","true","225","depois","50","0","0","0","0","6.952201","7.361705","3","50","50","0","0","0",""
"2A","C1","1","3","true","230","depois","50","0","0","0","0","6.930182","7.266775","2","50","50","0","0","0",""
"2A","C1","1","3","true","235","depois","42","0","0","0","0","6.987461","7.385086","2","50","50","0","0","0",""
"2A","C1","1","3","true","240","depois","0","","0","0","0","","","3","1","1","0","0","0",""
"2A","C1","1","3","true","245","depois","0","","0","0","0","","","0","0","0","0","0","0",""
"2A","C1","1","3","true","250","depois","0","","0","0","0","","","0","0","0","0","0","0",""
"2A","C1","2","5","true","-120","aquecimento","50","0","0","0","0","7.150428","7.566183","0","50","50","0","0","0",""
"2A","C1","2","5","true","-115","aquecimento","50","0","0","0","0","7.066625","7.631874","1","50","50","0","0","0",""
"2A","C1","2","5","true","-110","aquecimento","50","0","0","0","0","7.050656","8.413024","4","50","50","0","0","0",""
"2A","C1","2","5","true","-105","aquecimento","49","0","0","0","0","7.04126","7.381577","2","50","50","0","0","0",""
"2A","C1","2","5","true","-100","aquecimento","51","0","0","0","0","518.767751","856.071613","0","2","2","0","0","0",""
"2A","C1","2","5","true","-95","aquecimento","50","0","0","0","0","7.256277","76.614821","0","98","98","0","0","0",""
"2A","C1","2","5","true","-90","aquecimento","50","0","0","0","0","7.076595","82.93011","3","50","50","0","0","0",""
"2A","C1","2","5","true","-85","aquecimento","49","0","0","0","0","7.039103","55.56019","4","50","50","0","0","0",""
"2A","C1","2","5","true","-80","aquecimento","51","0","0","0","0","7.058425","82.061848","3","50","50","0","0","0",""
"2A","C1","2","5","true","-75","aquecimento","50","0","0","0","0","7.090402","52.768165","0","50","50","0","0","0",""
"2A","C1","2","5","true","-70","aquecimento","50","0","0","0","0","7.108375","153.251801","1","50","50","0","0","0",""
"2A","C1","2","5","true","-65","aquecimento","50","0","0","0","0","7.079075","7.418331","5","50","50","0","0","0",""
"2A","C1","2","5","true","-60","antes","50","0","0","0","0","7.095161","7.374177","1","50","50","0","0","0",""
"2A","C1","2","5","true","-55","antes","50","0","0","0","0","7.03952","7.951081","2","50","50","0","0","0",""
"2A","C1","2","5","true","-50","antes","50","0","0","0","0","7.11859","9.452404","3","50","50","0","0","0",""
"2A","C1","2","5","true","-45","antes","50","0","0","0","0","7.13053","7.472091","0","50","50","0","0","0",""
"2A","C1","2","5","true","-40","antes","50","0","0","0","0","7.109729","7.471165","4","50","50","0","0","0",""
"2A","C1","2","5","true","-35","antes","50","0","0","0","0","7.098399","7.54602","1","50","50","0","0","0",""
"2A","C1","2","5","true","-30","antes","50","0","0","0","0","7.118941","7.55098","2","50","50","0","0","0",""
"2A","C1","2","5","true","-25","antes","50","0","0","0","0","7.21417","1071.90428","3","36","36","0","0","0",""
"2A","C1","2","5","true","-20","antes","50","0","0","0","0","7.065986","8.853675","1","64","64","0","0","0",""
"2A","C1","2","5","true","-15","antes","50","0","0","0","0","7.040454","7.414088","1","50","50","0","0","0",""
"2A","C1","2","5","true","-10","antes","50","0","0","0","0","7.091513","7.332423","2","50","50","0","0","0",""
"2A","C1","2","5","true","-5","antes","48","0","0","0","0","7.056967","7.310516","2","50","50","0","0","0",""
"2A","C1","2","5","true","0","falha","42","100","42","0","0","1001.261818","1002.28349","0","0","0","0","0","0","inicio_falha"
"2A","C1","2","5","true","5","falha","50","100","50","0","0","1001.22906","1002.28558","0","0","0","0","0","0",""
"2A","C1","2","5","true","10","falha","50","100","50","0","0","1001.130857","1002.282993","0","0","0","0","0","0",""
"2A","C1","2","5","true","15","falha","50","100","50","0","0","1001.235531","1002.236971","0","0","0","0","0","0",""
"2A","C1","2","5","true","20","falha","50","100","50","0","0","1001.280226","1002.244404","0","0","0","0","0","0",""
"2A","C1","2","5","true","25","falha","50","100","50","0","0","1001.174929","1002.233067","0","0","0","0","0","0",""
"2A","C1","2","5","true","30","falha","50","100","50","0","0","1001.175925","1002.296201","0","0","0","0","0","0",""
"2A","C1","2","5","true","35","falha","50","100","50","0","0","1001.103778","1002.093065","0","0","0","0","0","0",""
"2A","C1","2","5","true","40","falha","50","100","50","0","0","1001.092519","1002.076311","0","0","0","0","0","0",""
"2A","C1","2","5","true","45","falha","50","100","50","0","0","1001.20178","1002.384595","0","0","0","0","0","0",""
"2A","C1","2","5","true","50","falha","50","100","50","0","0","1001.241103","1002.463995","0","0","0","0","0","0",""
"2A","C1","2","5","true","55","falha","60","81.666667","49","0","0","1001.133838","1002.142067","0","0","0","0","0","0","fim_falha"
"2A","C1","2","5","true","60","depois","50","0","0","0","0","7.274758","8.12887","0","59","59","0","0","0",""
"2A","C1","2","5","true","65","depois","50","0","0","0","0","7.226934","8.328697","0","50","50","0","0","0",""
"2A","C1","2","5","true","70","depois","50","0","0","0","0","7.170927","7.813072","1","50","50","0","0","0",""
"2A","C1","2","5","true","75","depois","50","0","0","0","0","7.098978","7.505225","2","50","50","0","0","0",""
"2A","C1","2","5","true","80","depois","50","0","0","0","0","7.114729","7.86033","4","50","50","0","0","0",""
"2A","C1","2","5","true","85","depois","50","0","0","0","0","7.092208","7.443384","2","50","50","0","0","0",""
"2A","C1","2","5","true","90","depois","50","0","0","0","0","7.06445","7.831511","2","50","50","0","0","0",""
"2A","C1","2","5","true","95","depois","50","0","0","0","0","7.037323","7.328425","0","50","50","0","0","0",""
"2A","C1","2","5","true","100","depois","50","0","0","0","0","7.098164","7.401917","3","50","50","0","0","0",""
"2A","C1","2","5","true","105","depois","50","0","0","0","0","7.039217","7.467795","2","50","50","0","0","0",""
"2A","C1","2","5","true","110","depois","34","0","0","0","0","7.064377","7.590071","3","36","36","0","0","0",""
"2A","C1","2","5","true","115","depois","66","0","0","0","0","7.230339","1438.785317","14","64","64","0","0","0",""
"2A","C1","2","5","true","120","depois","50","0","0","0","0","7.053243","8.069286","3","50","50","0","0","0",""
"2A","C1","2","5","true","125","depois","50","0","0","0","0","7.076949","7.49737","3","50","50","0","0","0",""
"2A","C1","2","5","true","130","depois","50","0","0","0","0","7.161063","8.540954","2","50","50","0","0","0",""
"2A","C1","2","5","true","135","depois","50","0","0","0","0","7.166194","7.418298","1","50","50","0","0","0",""
"2A","C1","2","5","true","140","depois","50","0","0","0","0","7.064462","7.811168","4","50","50","0","0","0",""
"2A","C1","2","5","true","145","depois","50","0","0","0","0","7.044124","7.432819","2","50","50","0","0","0",""
"2A","C1","2","5","true","150","depois","50","0","0","0","0","7.115951","8.983163","0","50","50","0","0","0",""
"2A","C1","2","5","true","155","depois","50","0","0","0","0","7.125036","7.47595","4","50","50","0","0","0",""
"2A","C1","2","5","true","160","depois","50","0","0","0","0","7.112039","7.696976","1","50","50","0","0","0",""
"2A","C1","2","5","true","165","depois","50","0","0","0","0","7.247413","964.605161","4","50","50","0","0","0",""
"2A","C1","2","5","true","170","depois","50","0","0","0","0","7.124418","7.450868","1","50","50","0","0","0",""
"2A","C1","2","5","true","175","depois","50","0","0","0","0","7.101412","7.423012","4","50","50","0","0","0",""
"2A","C1","2","5","true","180","depois","50","0","0","0","0","7.117488","8.002693","3","50","50","0","0","0",""
"2A","C1","2","5","true","185","depois","50","0","0","0","0","7.089324","7.538857","1","50","50","0","0","0",""
"2A","C1","2","5","true","190","depois","50","0","0","0","0","7.267625","8.449937","4","50","50","0","0","0",""
"2A","C1","2","5","true","195","depois","50","0","0","0","0","7.169843","7.736535","4","50","50","0","0","0",""
"2A","C1","2","5","true","200","depois","50","0","0","0","0","7.111966","7.51239","1","50","50","0","0","0",""
"2A","C1","2","5","true","205","depois","50","0","0","0","0","7.144388","7.932848","3","50","50","0","0","0",""
"2A","C1","2","5","true","210","depois","50","0","0","0","0","7.078045","7.396596","1","50","50","0","0","0",""
"2A","C1","2","5","true","215","depois","50","0","0","0","0","7.07899","7.566836","2","50","50","0","0","0",""
"2A","C1","2","5","true","220","depois","50","0","0","0","0","7.096212","7.822817","4","50","50","0","0","0",""
"2A","C1","2","5","true","225","depois","50","0","0","0","0","7.111736","7.501442","2","50","50","0","0","0",""
"2A","C1","2","5","true","230","depois","50","0","0","0","0","7.048996","7.714077","3","50","50","0","0","0",""
"2A","C1","2","5","true","235","depois","48","0","0","0","0","7.052596","7.533851","1","50","50","0","0","0",""
"2A","C1","2","5","true","240","depois","0","","0","0","0","","","0","0","0","0","0","0",""
"2A","C1","2","5","true","245","depois","0","","0","0","0","","","0","0","0","0","0","0",""
"2A","C1","2","5","true","250","depois","0","","0","0","0","","","0","0","0","0","0","0",""
"2A","C1","3","3","true","-120","aquecimento","50","0","0","0","0","7.268035","7.978525","0","50","50","0","0","0",""
"2A","C1","3","3","true","-115","aquecimento","50","0","0","0","0","7.317016","7.753138","1","50","50","0","0","0",""
"2A","C1","3","3","true","-110","aquecimento","50","0","0","0","0","7.252202","8.032181","2","50","50","0","0","0",""
"2A","C1","3","3","true","-105","aquecimento","50","0","0","0","0","7.144748","7.50545","1","50","50","0","0","0",""
"2A","C1","3","3","true","-100","aquecimento","50","0","0","0","0","7.176094","7.559472","5","50","50","0","0","0",""
"2A","C1","3","3","true","-95","aquecimento","50","0","0","0","0","7.222595","7.600373","3","50","50","0","0","0",""
"2A","C1","3","3","true","-90","aquecimento","50","0","0","0","0","7.21692","7.561059","1","50","50","0","0","0",""
"2A","C1","3","3","true","-85","aquecimento","50","0","0","0","0","10.15507","964.40292","3","50","50","0","0","0",""
"2A","C1","3","3","true","-80","aquecimento","50","0","0","0","0","7.206181","7.924175","0","50","50","0","0","0",""
"2A","C1","3","3","true","-75","aquecimento","50","0","0","0","0","7.155994","7.467757","1","50","50","0","0","0",""
"2A","C1","3","3","true","-70","aquecimento","50","0","0","0","0","7.190849","8.133938","4","50","50","0","0","0",""
"2A","C1","3","3","true","-65","aquecimento","50","0","0","0","0","7.240975","7.503612","3","50","50","0","0","0",""
"2A","C1","3","3","true","-60","antes","50","0","0","0","0","7.258738","8.212924","2","50","50","0","0","0",""
"2A","C1","3","3","true","-55","antes","50","0","0","0","0","7.253605","7.889752","3","50","50","0","0","0",""
"2A","C1","3","3","true","-50","antes","50","0","0","0","0","7.414724","8.256799","2","50","50","0","0","0",""
"2A","C1","3","3","true","-45","antes","50","0","0","0","0","7.281781","7.630409","1","50","50","0","0","0",""
"2A","C1","3","3","true","-40","antes","50","0","0","0","0","7.258676","7.77836","2","50","50","0","0","0",""
"2A","C1","3","3","true","-35","antes","50","0","0","0","0","7.303108","7.617624","3","50","50","0","0","0",""
"2A","C1","3","3","true","-30","antes","45","0","0","0","0","7.223738","7.843838","4","50","50","0","0","0",""
"2A","C1","3","3","true","-25","antes","55","0","0","0","0","7.672932","1611.001687","2","50","50","0","0","0",""
"2A","C1","3","3","true","-20","antes","50","0","0","0","0","7.217851","7.651052","1","50","50","0","0","0",""
"2A","C1","3","3","true","-15","antes","50","0","0","0","0","7.328809","7.884719","0","50","50","0","0","0",""
"2A","C1","3","3","true","-10","antes","50","0","0","0","0","7.236877","7.869611","3","50","50","0","0","0",""
"2A","C1","3","3","true","-5","antes","41","0","0","0","0","7.174786","7.598773","3","50","50","0","0","0",""
"2A","C1","3","3","true","0","falha","49","100","49","0","0","1001.268056","1001.876205","0","0","0","0","0","0","inicio_falha"
"2A","C1","3","3","true","5","falha","50","100","50","0","0","1001.224783","1002.074281","0","0","0","0","0","0",""
"2A","C1","3","3","true","10","falha","50","100","50","0","0","1001.173491","1001.987121","0","0","0","0","0","0",""
"2A","C1","3","3","true","15","falha","50","100","50","0","0","1001.222771","1002.144391","0","0","0","0","0","0",""
"2A","C1","3","3","true","20","falha","50","100","50","0","0","1001.192867","1001.949139","0","0","0","0","0","0",""
"2A","C1","3","3","true","25","falha","50","100","50","0","0","1001.261496","1002.251608","0","0","0","0","0","0",""
"2A","C1","3","3","true","30","falha","50","100","50","0","0","1001.186612","1002.145762","0","0","0","0","0","0",""
"2A","C1","3","3","true","35","falha","50","100","50","0","0","1001.297725","1002.074204","0","0","0","0","0","0",""
"2A","C1","3","3","true","40","falha","50","100","50","0","0","1001.176077","1001.722839","0","0","0","0","0","0",""
"2A","C1","3","3","true","45","falha","50","100","50","0","0","1001.220147","1001.907081","0","0","0","0","0","0",""
"2A","C1","3","3","true","50","falha","50","100","50","0","0","1001.24836","1002.32843","0","0","0","0","0","0",""
"2A","C1","3","3","true","55","falha","60","70","42","0","0","1001.05706","1001.938402","0","0","0","0","0","0","fim_falha"
"2A","C1","3","3","true","60","depois","50","0","0","0","0","7.355995","8.155534","0","59","59","0","0","0",""
"2A","C1","3","3","true","65","depois","50","0","0","0","0","7.315233","7.739881","0","50","50","0","0","0",""
"2A","C1","3","3","true","70","depois","50","0","0","0","0","7.285087","8.348793","3","50","50","0","0","0",""
"2A","C1","3","3","true","75","depois","50","0","0","0","0","7.249243","7.865219","2","50","50","0","0","0",""
"2A","C1","3","3","true","80","depois","50","0","0","0","0","7.360981","590.200298","4","50","50","0","0","0",""
"2A","C1","3","3","true","85","depois","48","0","0","0","0","7.291463","7.764155","4","50","50","0","0","0",""
"2A","C1","3","3","true","90","depois","52","0","0","0","0","7.309399","504.373516","1","50","50","0","0","0",""
"2A","C1","3","3","true","95","depois","50","0","0","0","0","7.145989","7.609646","2","50","50","0","0","0",""
"2A","C1","3","3","true","100","depois","50","0","0","0","0","7.207095","8.134014","3","50","50","0","0","0",""
"2A","C1","3","3","true","105","depois","50","0","0","0","0","7.260336","7.907896","4","50","50","0","0","0",""
"2A","C1","3","3","true","110","depois","50","0","0","0","0","7.332382","8.811911","1","50","50","0","0","0",""
"2A","C1","3","3","true","115","depois","50","0","0","0","0","7.303184","7.795729","4","50","50","0","0","0",""
"2A","C1","3","3","true","120","depois","50","0","0","0","0","7.30544","8.407108","1","50","50","0","0","0",""
"2A","C1","3","3","true","125","depois","50","0","0","0","0","8.201865","9.062548","3","50","50","0","0","0",""
"2A","C1","3","3","true","130","depois","50","0","0","0","0","10.258989","576.193704","2","50","50","0","0","0",""
"2A","C1","3","3","true","135","depois","50","0","0","0","0","7.65645","11.295091","2","50","50","0","0","0",""
"2A","C1","3","3","true","140","depois","50","0","0","0","0","7.271467","12.262591","3","50","50","0","0","0",""
"2A","C1","3","3","true","145","depois","50","0","0","0","0","12.860107","13.418091","2","50","50","0","0","0",""
"2A","C1","3","3","true","150","depois","50","0","0","0","0","7.591774","13.206237","1","50","50","0","0","0",""
"2A","C1","3","3","true","155","depois","50","0","0","0","0","7.268226","7.74838","3","50","50","0","0","0",""
"2A","C1","3","3","true","160","depois","50","0","0","0","0","7.534185","14.493907","3","50","50","0","0","0",""
"2A","C1","3","3","true","165","depois","50","0","0","0","0","7.29509","7.613192","3","50","50","0","0","0",""
"2A","C1","3","3","true","170","depois","50","0","0","0","0","7.152517","7.581904","2","50","50","0","0","0",""
"2A","C1","3","3","true","175","depois","50","0","0","0","0","7.191388","7.883478","3","50","50","0","0","0",""
"2A","C1","3","3","true","180","depois","50","0","0","0","0","7.12714","7.712494","1","50","50","0","0","0",""
"2A","C1","3","3","true","185","depois","50","0","0","0","0","7.190972","7.584542","4","50","50","0","0","0",""
"2A","C1","3","3","true","190","depois","50","0","0","0","0","15.504004","18.215173","1","50","50","0","0","0",""
"2A","C1","3","3","true","195","depois","50","0","0","0","0","18.160774","19.063057","0","50","50","0","0","0",""
"2A","C1","3","3","true","200","depois","50","0","0","0","0","18.940127","19.374426","2","50","50","0","0","0",""
"2A","C1","3","3","true","205","depois","23","0","0","0","0","2330.160303","2914.468609","3","17","17","0","0","0",""
"2A","C1","3","3","true","210","depois","39","0","0","0","0","2813.562297","3360.461981","21","0","0","0","0","0",""
"2A","C1","3","3","true","215","depois","88","0","0","0","0","11.398371","3485.250685","25","133","133","0","0","0",""
"2A","C1","3","3","true","220","depois","50","0","0","0","0","7.251307","7.82128","2","50","50","0","0","0",""
"2A","C1","3","3","true","225","depois","50","0","0","0","0","7.271702","7.795703","1","50","50","0","0","0",""
"2A","C1","3","3","true","230","depois","50","0","0","0","0","7.308101","7.75541","3","50","50","0","0","0",""
"2A","C1","3","3","true","235","depois","41","0","0","0","0","7.256378","7.675989","0","50","50","0","0","0",""
"2A","C1","3","3","true","240","depois","0","","0","0","0","","","0","0","0","0","0","0",""
"2A","C1","3","3","true","245","depois","0","","0","0","0","","","0","0","0","0","0","0",""
"2A","C1","3","3","true","250","depois","0","","0","0","0","","","0","0","0","0","0","0",""
"2A","C1","4","4","true","-120","aquecimento","50","0","0","0","0","7.262955","7.634928","0","50","50","0","0","0",""
"2A","C1","4","4","true","-115","aquecimento","45","0","0","0","0","569.638805","840.534591","0","6","6","0","0","0",""
"2A","C1","4","4","true","-110","aquecimento","55","0","0","0","0","590.747431","970.391978","43","74","74","0","0","0",""
"2A","C1","4","4","true","-105","aquecimento","50","0","0","0","0","7.242602","8.564591","43","70","70","0","0","0",""
"2A","C1","4","4","true","-100","aquecimento","50","0","0","0","0","7.136459","7.650144","1","50","50","0","0","0",""
"2A","C1","4","4","true","-95","aquecimento","50","0","0","0","0","7.195308","7.498955","5","50","50","0","0","0",""
"2A","C1","4","4","true","-90","aquecimento","50","0","0","0","0","7.110775","7.662637","2","50","50","0","0","0",""
"2A","C1","4","4","true","-85","aquecimento","50","0","0","0","0","7.176775","7.755957","3","50","50","0","0","0",""
"2A","C1","4","4","true","-80","aquecimento","50","0","0","0","0","7.075465","7.781156","4","50","50","0","0","0",""
"2A","C1","4","4","true","-75","aquecimento","50","0","0","0","0","7.156378","7.761063","1","50","50","0","0","0",""
"2A","C1","4","4","true","-70","aquecimento","50","0","0","0","0","7.225822","7.571693","3","50","50","0","0","0",""
"2A","C1","4","4","true","-65","aquecimento","50","0","0","0","0","7.087485","7.600693","2","50","50","0","0","0",""
"2A","C1","4","4","true","-60","antes","45","0","0","0","0","7.160098","7.666067","2","46","46","0","0","0",""
"2A","C1","4","4","true","-55","antes","55","0","0","0","0","173.243841","1265.52986","4","54","54","0","0","0",""
"2A","C1","4","4","true","-50","antes","50","0","0","0","0","7.269594","8.350217","12","50","50","0","0","0",""
"2A","C1","4","4","true","-45","antes","50","0","0","0","0","7.160605","7.681294","0","50","50","0","0","0",""
"2A","C1","4","4","true","-40","antes","50","0","0","0","0","7.24486","8.412132","5","50","50","0","0","0",""
"2A","C1","4","4","true","-35","antes","50","0","0","0","0","7.259486","7.640485","4","50","50","0","0","0",""
"2A","C1","4","4","true","-30","antes","50","0","0","0","0","7.080678","7.800212","1","50","50","0","0","0",""
"2A","C1","4","4","true","-25","antes","50","0","0","0","0","7.231777","7.814175","4","50","50","0","0","0",""
"2A","C1","4","4","true","-20","antes","50","0","0","0","0","7.156545","7.812729","1","50","50","0","0","0",""
"2A","C1","4","4","true","-15","antes","50","0","0","0","0","7.217541","7.665675","1","50","50","0","0","0",""
"2A","C1","4","4","true","-10","antes","50","0","0","0","0","7.226233","8.076302","4","50","50","0","0","0",""
"2A","C1","4","4","true","-5","antes","48","0","0","0","0","7.157662","7.686859","4","50","50","0","0","0",""
"2A","C1","4","4","true","0","falha","42","100","42","0","0","1001.06929","1002.119579","2","0","0","0","0","0","inicio_falha"
"2A","C1","4","4","true","5","falha","50","100","50","0","0","1001.168748","1002.297022","0","0","0","0","0","0",""
"2A","C1","4","4","true","10","falha","50","100","50","0","0","1001.045549","1002.44991","0","0","0","0","0","0",""
"2A","C1","4","4","true","15","falha","50","100","50","0","0","1001.222158","1002.244438","0","0","0","0","0","0",""
"2A","C1","4","4","true","20","falha","50","100","50","0","0","1001.264359","1002.461689","0","0","0","0","0","0",""
"2A","C1","4","4","true","25","falha","50","100","50","0","0","1001.108764","1002.348723","0","0","0","0","0","0",""
"2A","C1","4","4","true","30","falha","50","100","50","0","0","1001.113944","1002.182094","0","0","0","0","0","0",""
"2A","C1","4","4","true","35","falha","50","100","50","0","0","1001.190296","1002.408432","0","0","0","0","0","0",""
"2A","C1","4","4","true","40","falha","50","100","50","0","0","1001.126792","1002.481006","0","0","0","0","0","0",""
"2A","C1","4","4","true","45","falha","50","100","50","0","0","1001.164565","1002.355822","0","0","0","0","0","0",""
"2A","C1","4","4","true","50","falha","50","100","50","0","0","1001.2022","1002.279579","0","0","0","0","0","0",""
"2A","C1","4","4","true","55","falha","60","81.666667","49","0","0","1001.028835","1002.329073","0","0","0","0","0","0","fim_falha"
"2A","C1","4","4","true","60","depois","50","0","0","0","0","7.208505","8.415062","0","59","59","0","0","0",""
"2A","C1","4","4","true","65","depois","50","0","0","0","0","7.118281","8.069739","0","50","50","0","0","0",""
"2A","C1","4","4","true","70","depois","50","0","0","0","0","7.205585","8.178681","3","50","50","0","0","0",""
"2A","C1","4","4","true","75","depois","50","0","0","0","0","7.178425","8.064829","1","50","50","0","0","0",""
"2A","C1","4","4","true","80","depois","50","0","0","0","0","7.16189","7.894257","4","50","50","0","0","0",""
"2A","C1","4","4","true","85","depois","50","0","0","0","0","7.214642","7.848684","2","50","50","0","0","0",""
"2A","C1","4","4","true","90","depois","50","0","0","0","0","7.206294","7.767844","0","50","50","0","0","0",""
"2A","C1","4","4","true","95","depois","50","0","0","0","0","7.265995","7.919654","4","50","50","0","0","0",""
"2A","C1","4","4","true","100","depois","50","0","0","0","0","7.355582","8.2548","2","50","50","0","0","0",""
"2A","C1","4","4","true","105","depois","50","0","0","0","0","7.331708","8.040413","3","50","50","0","0","0",""
"2A","C1","4","4","true","110","depois","50","0","0","0","0","7.39686","7.868109","3","50","50","0","0","0",""
"2A","C1","4","4","true","115","depois","43","0","0","0","0","7.087355","7.71227","2","44","44","0","0","0",""
"2A","C1","4","4","true","120","depois","57","0","0","0","0","7.609134","1633.267979","2","56","56","0","0","0",""
"2A","C1","4","4","true","125","depois","50","0","0","0","0","7.189659","7.788055","1","50","50","0","0","0",""
"2A","C1","4","4","true","130","depois","50","0","0","0","0","7.402471","7.91977","1","50","50","0","0","0",""
"2A","C1","4","4","true","135","depois","50","0","0","0","0","7.124502","7.608948","3","50","50","0","0","0",""
"2A","C1","4","4","true","140","depois","50","0","0","0","0","7.105745","7.59539","2","50","50","0","0","0",""
"2A","C1","4","4","true","145","depois","50","0","0","0","0","7.189024","7.876338","2","50","50","0","0","0",""
"2A","C1","4","4","true","150","depois","50","0","0","0","0","7.334638","8.336909","4","50","50","0","0","0",""
"2A","C1","4","4","true","155","depois","50","0","0","0","0","7.231613","7.756586","3","50","50","0","0","0",""
"2A","C1","4","4","true","160","depois","50","0","0","0","0","7.130995","7.607738","0","50","50","0","0","0",""
"2A","C1","4","4","true","165","depois","50","0","0","0","0","7.137661","10.19258","5","50","50","0","0","0",""
"2A","C1","4","4","true","170","depois","50","0","0","0","0","7.212295","8.081518","3","50","50","0","0","0",""
"2A","C1","4","4","true","175","depois","50","0","0","0","0","7.202741","7.682702","4","50","50","0","0","0",""
"2A","C1","4","4","true","180","depois","50","0","0","0","0","7.415978","1013.452835","1","50","50","0","0","0",""
"2A","C1","4","4","true","185","depois","50","0","0","0","0","7.137251","7.61802","1","50","50","0","0","0",""
"2A","C1","4","4","true","190","depois","50","0","0","0","0","7.219958","8.227653","0","50","50","0","0","0",""
"2A","C1","4","4","true","195","depois","50","0","0","0","0","7.155712","7.842704","2","50","50","0","0","0",""
"2A","C1","4","4","true","200","depois","50","0","0","0","0","7.171385","7.794846","3","50","50","0","0","0",""
"2A","C1","4","4","true","205","depois","50","0","0","0","0","7.200265","7.643552","5","50","50","0","0","0",""
"2A","C1","4","4","true","210","depois","50","0","0","0","0","7.227441","379.327493","0","50","50","0","0","0",""
"2A","C1","4","4","true","215","depois","43","0","0","0","0","7.292914","461.002668","0","38","38","0","0","0",""
"2A","C1","4","4","true","220","depois","57","0","0","0","0","7.274193","664.392787","0","62","62","0","0","0",""
"2A","C1","4","4","true","225","depois","50","0","0","0","0","7.188192","7.498782","5","50","50","0","0","0",""
"2A","C1","4","4","true","230","depois","50","0","0","0","0","7.148218","7.548974","5","50","50","0","0","0",""
"2A","C1","4","4","true","235","depois","42","0","0","0","0","7.166801","7.629469","0","43","43","0","0","0",""
"2A","C1","4","4","true","240","depois","7","0","0","0","0","766.326148","1035.859258","4","8","8","0","0","0",""
"2A","C1","4","4","true","245","depois","0","","0","0","0","","","0","0","0","0","0","0",""
"2A","C1","4","4","true","250","depois","0","","0","0","0","","","0","0","0","0","0","0",""
"2A","C1","5","3","true","-120","aquecimento","50","0","0","0","0","7.218418","7.810997","0","50","50","0","0","0",""
"2A","C1","5","3","true","-115","aquecimento","50","0","0","0","0","7.969489","775.921743","1","50","50","0","0","0",""
"2A","C1","5","3","true","-110","aquecimento","50","0","0","0","0","7.240673","8.228964","4","50","50","0","0","0",""
"2A","C1","5","3","true","-105","aquecimento","50","0","0","0","0","7.112229","7.75591","1","50","50","0","0","0",""
"2A","C1","5","3","true","-100","aquecimento","50","0","0","0","0","7.120126","7.635184","1","50","50","0","0","0",""
"2A","C1","5","3","true","-95","aquecimento","50","0","0","0","0","7.20645","7.994141","0","50","50","0","0","0",""
"2A","C1","5","3","true","-90","aquecimento","50","0","0","0","0","7.178565","8.097261","1","50","50","0","0","0",""
"2A","C1","5","3","true","-85","aquecimento","50","0","0","0","0","7.159134","7.781519","3","50","50","0","0","0",""
"2A","C1","5","3","true","-80","aquecimento","50","0","0","0","0","7.131134","7.698129","5","50","50","0","0","0",""
"2A","C1","5","3","true","-75","aquecimento","50","0","0","0","0","7.146367","7.73469","0","50","50","0","0","0",""
"2A","C1","5","3","true","-70","aquecimento","50","0","0","0","0","7.195519","7.632203","0","50","50","0","0","0",""
"2A","C1","5","3","true","-65","aquecimento","50","0","0","0","0","7.555445","952.919694","5","50","50","0","0","0",""
"2A","C1","5","3","true","-60","antes","50","0","0","0","0","7.259358","7.749798","3","50","50","0","0","0",""
"2A","C1","5","3","true","-55","antes","50","0","0","0","0","7.132647","7.946314","2","50","50","0","0","0",""
"2A","C1","5","3","true","-50","antes","50","0","0","0","0","7.352411","7.997593","2","50","50","0","0","0",""
"2A","C1","5","3","true","-45","antes","50","0","0","0","0","7.281002","7.811229","2","50","50","0","0","0",""
"2A","C1","5","3","true","-40","antes","50","0","0","0","0","7.205861","7.802939","3","50","50","0","0","0",""
"2A","C1","5","3","true","-35","antes","50","0","0","0","0","7.178534","7.800445","2","50","50","0","0","0",""
"2A","C1","5","3","true","-30","antes","50","0","0","0","0","7.203708","7.694736","3","50","50","0","0","0",""
"2A","C1","5","3","true","-25","antes","48","0","0","0","0","7.41017","7.848905","3","50","50","0","0","0",""
"2A","C1","5","3","true","-20","antes","52","0","0","0","0","7.371972","567.134354","4","50","50","0","0","0",""
"2A","C1","5","3","true","-15","antes","50","0","0","0","0","7.245646","7.799126","0","50","50","0","0","0",""
"2A","C1","5","3","true","-10","antes","50","0","0","0","0","7.215977","7.668554","0","50","50","0","0","0",""
"2A","C1","5","3","true","-5","antes","48","0","0","0","0","7.180481","7.974118","5","50","50","0","0","0",""
"2A","C1","5","3","true","0","falha","42","100","42","0","0","1001.117102","1001.824388","5","0","0","0","0","0","inicio_falha"
"2A","C1","5","3","true","5","falha","50","100","50","0","0","1001.167793","1001.664626","0","0","0","0","0","0",""
"2A","C1","5","3","true","10","falha","50","100","50","0","0","1001.163415","1001.772569","0","0","0","0","0","0",""
"2A","C1","5","3","true","15","falha","50","100","50","0","0","1001.246483","1002.238915","0","0","0","0","0","0",""
"2A","C1","5","3","true","20","falha","50","100","50","0","0","1001.281978","1002.05709","0","0","0","0","0","0",""
"2A","C1","5","3","true","25","falha","50","100","50","0","0","1001.162358","1001.827114","0","0","0","0","0","0",""
"2A","C1","5","3","true","30","falha","50","100","50","0","0","1001.27085","1002.123808","0","0","0","0","0","0",""
"2A","C1","5","3","true","35","falha","50","100","50","0","0","1001.171797","1002.062936","0","0","0","0","0","0",""
"2A","C1","5","3","true","40","falha","50","100","50","0","0","1001.270582","1002.314763","0","0","0","0","0","0",""
"2A","C1","5","3","true","45","falha","50","100","50","0","0","1001.225238","1002.015264","0","0","0","0","0","0",""
"2A","C1","5","3","true","50","falha","50","100","50","0","0","1001.104898","1001.65074","0","0","0","0","0","0",""
"2A","C1","5","3","true","55","falha","60","81.666667","49","0","0","1001.183478","1001.84171","0","0","0","0","0","0","fim_falha"
"2A","C1","5","3","true","60","depois","50","0","0","0","0","7.484773","8.229645","0","59","59","0","0","0",""
"2A","C1","5","3","true","65","depois","50","0","0","0","0","7.204721","7.923841","0","50","50","0","0","0",""
"2A","C1","5","3","true","70","depois","50","0","0","0","0","7.414013","7.725522","3","50","50","0","0","0",""
"2A","C1","5","3","true","75","depois","50","0","0","0","0","7.302635","8.061584","3","50","50","0","0","0",""
"2A","C1","5","3","true","80","depois","50","0","0","0","0","7.376409","8.618048","2","50","50","0","0","0",""
"2A","C1","5","3","true","85","depois","50","0","0","0","0","7.627467","1270.539405","2","50","50","0","0","0",""
"2A","C1","5","3","true","90","depois","50","0","0","0","0","7.149802","7.621927","3","50","50","0","0","0",""
"2A","C1","5","3","true","95","depois","50","0","0","0","0","7.210931","7.63148","0","50","50","0","0","0",""
"2A","C1","5","3","true","100","depois","50","0","0","0","0","7.289302","7.599276","2","50","50","0","0","0",""
"2A","C1","5","3","true","105","depois","50","0","0","0","0","7.23103","7.964111","3","50","50","0","0","0",""
"2A","C1","5","3","true","110","depois","50","0","0","0","0","7.291799","7.617125","3","50","50","0","0","0",""
"2A","C1","5","3","true","115","depois","50","0","0","0","0","7.185194","7.853211","2","50","50","0","0","0",""
"2A","C1","5","3","true","120","depois","50","0","0","0","0","7.247011","7.799379","3","50","50","0","0","0",""
"2A","C1","5","3","true","125","depois","43","0","0","0","0","7.222617","7.981347","3","44","44","0","0","0",""
"2A","C1","5","3","true","130","depois","57","0","0","0","0","7.595232","782.52339","2","56","56","0","0","0",""
"2A","C1","5","3","true","135","depois","50","0","0","0","0","7.232711","7.779791","3","50","50","0","0","0",""
"2A","C1","5","3","true","140","depois","50","0","0","0","0","7.19223","7.658756","2","50","50","0","0","0",""
"2A","C1","5","3","true","145","depois","50","0","0","0","0","7.242457","8.216775","2","50","50","0","0","0",""
"2A","C1","5","3","true","150","depois","50","0","0","0","0","7.400941","8.34655","5","50","50","0","0","0",""
"2A","C1","5","3","true","155","depois","50","0","0","0","0","7.278812","7.954009","0","50","50","0","0","0",""
"2A","C1","5","3","true","160","depois","50","0","0","0","0","7.223331","7.637041","5","50","50","0","0","0",""
"2A","C1","5","3","true","165","depois","50","0","0","0","0","7.258519","7.915311","5","50","50","0","0","0",""
"2A","C1","5","3","true","170","depois","50","0","0","0","0","7.274051","7.544177","0","50","50","0","0","0",""
"2A","C1","5","3","true","175","depois","50","0","0","0","0","7.174854","7.669997","5","50","50","0","0","0",""
"2A","C1","5","3","true","180","depois","50","0","0","0","0","7.311008","7.87618","0","50","50","0","0","0",""
"2A","C1","5","3","true","185","depois","51","0","0","0","0","7.520124","1019.243465","5","50","50","0","0","0",""
"2A","C1","5","3","true","190","depois","49","0","0","0","0","7.372449","7.958803","5","50","50","0","0","0",""
"2A","C1","5","3","true","195","depois","51","0","0","0","0","7.340928","8.018331","3","50","50","0","0","0",""
"2A","C1","5","3","true","200","depois","50","0","0","0","0","7.198379","7.752649","0","50","50","0","0","0",""
"2A","C1","5","3","true","205","depois","50","0","0","0","0","7.309433","8.726371","5","50","50","0","0","0",""
"2A","C1","5","3","true","210","depois","49","0","0","0","0","7.175387","7.73831","1","50","50","0","0","0",""
"2A","C1","5","3","true","215","depois","51","0","0","0","0","7.190076","7.858561","1","50","50","0","0","0",""
"2A","C1","5","3","true","220","depois","50","0","0","0","0","7.295944","8.099899","4","50","50","0","0","0",""
"2A","C1","5","3","true","225","depois","50","0","0","0","0","7.391004","7.694004","3","50","50","0","0","0",""
"2A","C1","5","3","true","230","depois","50","0","0","0","0","7.247979","7.764241","2","50","50","0","0","0",""
"2A","C1","5","3","true","235","depois","48","0","0","0","0","7.483098","1367.126257","3","50","50","0","0","0",""
"2A","C1","5","3","true","240","depois","0","","0","0","0","","","2","1","1","0","0","0",""
"2A","C1","5","3","true","245","depois","0","","0","0","0","","","0","0","0","0","0","0",""
"2A","C1","5","3","true","250","depois","0","","0","0","0","","","0","0","0","0","0","0",""
"2A","C1","6","4","true","-120","aquecimento","50","0","0","0","0","7.22561","7.689231","0","50","50","0","0","0",""
"2A","C1","6","4","true","-115","aquecimento","50","0","0","0","0","18.6703","19.74722","0","50","50","0","0","0",""
"2A","C1","6","4","true","-110","aquecimento","50","0","0","0","0","18.975973","19.24972","2","50","50","0","0","0",""
"2A","C1","6","4","true","-105","aquecimento","49","0","0","0","0","7.106855","8.330815","2","49","49","0","0","0",""
"2A","C1","6","4","true","-100","aquecimento","17","0","0","0","0","653.863132","912.291358","0","0","0","0","0","0",""
"2A","C1","6","4","true","-95","aquecimento","84","0","0","0","0","427.528523","4126.576996","1","101","101","0","0","0",""
"2A","C1","6","4","true","-90","aquecimento","50","0","0","0","0","7.359526","19.412499","5","50","50","0","0","0",""
"2A","C1","6","4","true","-85","aquecimento","50","0","0","0","0","7.16539","19.279241","2","50","50","0","0","0",""
"2A","C1","6","4","true","-80","aquecimento","50","0","0","0","0","7.097918","7.673398","2","50","50","0","0","0",""
"2A","C1","6","4","true","-75","aquecimento","50","0","0","0","0","7.239699","8.306649","2","50","50","0","0","0",""
"2A","C1","6","4","true","-70","aquecimento","50","0","0","0","0","7.112344","7.803541","2","50","50","0","0","0",""
"2A","C1","6","4","true","-65","aquecimento","50","0","0","0","0","7.163908","7.686079","0","50","50","0","0","0",""
"2A","C1","6","4","true","-60","antes","50","0","0","0","0","7.14102","7.661174","1","50","50","0","0","0",""
"2A","C1","6","4","true","-55","antes","50","0","0","0","0","7.096071","7.688219","4","50","50","0","0","0",""
"2A","C1","6","4","true","-50","antes","50","0","0","0","0","7.202741","8.087937","2","50","50","0","0","0",""
"2A","C1","6","4","true","-45","antes","50","0","0","0","0","7.361416","829.907446","1","50","50","0","0","0",""
"2A","C1","6","4","true","-40","antes","50","0","0","0","0","7.153511","7.531414","0","50","50","0","0","0",""
"2A","C1","6","4","true","-35","antes","50","0","0","0","0","7.129603","7.72335","4","50","50","0","0","0",""
"2A","C1","6","4","true","-30","antes","50","0","0","0","0","7.089623","7.387045","4","50","50","0","0","0",""
"2A","C1","6","4","true","-25","antes","50","0","0","0","0","7.075868","7.572898","3","50","50","0","0","0",""
"2A","C1","6","4","true","-20","antes","50","0","0","0","0","7.13272","7.560095","1","50","50","0","0","0",""
"2A","C1","6","4","true","-15","antes","50","0","0","0","0","7.182045","7.683759","2","50","50","0","0","0",""
"2A","C1","6","4","true","-10","antes","50","0","0","0","0","7.091898","7.633412","2","50","50","0","0","0",""
"2A","C1","6","4","true","-5","antes","49","0","0","0","0","7.086065","7.491811","4","50","50","0","0","0",""
"2A","C1","6","4","true","0","falha","41","100","41","0","0","1001.302004","1002.439165","1","0","0","0","0","0","inicio_falha"
"2A","C1","6","4","true","5","falha","50","100","50","0","0","1001.049745","1002.214375","0","0","0","0","0","0",""
"2A","C1","6","4","true","10","falha","50","100","50","0","0","1001.17442","1002.228814","0","0","0","0","0","0",""
"2A","C1","6","4","true","15","falha","50","100","50","0","0","1001.201994","1002.258181","0","0","0","0","0","0",""
"2A","C1","6","4","true","20","falha","50","100","50","0","0","1001.303132","1002.328013","0","0","0","0","0","0",""
"2A","C1","6","4","true","25","falha","50","100","50","0","0","1001.280915","1002.323407","0","0","0","0","0","0",""
"2A","C1","6","4","true","30","falha","50","100","50","0","0","1001.343308","1002.350504","0","0","0","0","0","0",""
"2A","C1","6","4","true","35","falha","50","100","50","0","0","1001.140316","1002.475306","0","0","0","0","0","0",""
"2A","C1","6","4","true","40","falha","50","100","50","0","0","1001.26362","1002.307559","0","0","0","0","0","0",""
"2A","C1","6","4","true","45","falha","50","100","50","0","0","1001.310967","1002.299157","0","0","0","0","0","0",""
"2A","C1","6","4","true","50","falha","50","100","50","0","0","1001.289166","1002.298018","0","0","0","0","0","0",""
"2A","C1","6","4","true","55","falha","60","83.333333","50","0","0","1001.238719","1002.358331","0","0","0","0","0","0","fim_falha"
"2A","C1","6","4","true","60","depois","50","0","0","0","0","11.822165","12.710429","0","59","59","0","0","0",""
"2A","C1","6","4","true","65","depois","50","0","0","0","0","12.907145","13.920008","0","50","50","0","0","0",""
"2A","C1","6","4","true","70","depois","50","0","0","0","0","13.683065","14.204883","4","50","50","0","0","0",""
"2A","C1","6","4","true","75","depois","50","0","0","0","0","7.212169","14.829207","4","50","50","0","0","0",""
"2A","C1","6","4","true","80","depois","50","0","0","0","0","14.748043","15.34883","0","50","50","0","0","0",""
"2A","C1","6","4","true","85","depois","50","0","0","0","0","7.09963","16.02595","0","50","50","0","0","0",""
"2A","C1","6","4","true","90","depois","50","0","0","0","0","16.322799","17.292761","3","50","50","0","0","0",""
"2A","C1","6","4","true","95","depois","50","0","0","0","0","17.3011","18.308869","3","50","50","0","0","0",""
"2A","C1","6","4","true","100","depois","41","0","0","0","0","18.153331","18.380089","2","41","41","0","0","0",""
"2A","C1","6","4","true","105","depois","59","0","0","0","0","7.283921","1433.808648","0","59","59","0","0","0",""
"2A","C1","6","4","true","110","depois","50","0","0","0","0","18.819625","19.54613","1","50","50","0","0","0",""
"2A","C1","6","4","true","115","depois","50","0","0","0","0","19.14008","20.113454","0","50","50","0","0","0",""
"2A","C1","6","4","true","120","depois","50","0","0","0","0","7.283869","19.720673","0","50","50","0","0","0",""
"2A","C1","6","4","true","125","depois","50","0","0","0","0","7.119689","7.844039","0","50","50","0","0","0",""
"2A","C1","6","4","true","130","depois","50","0","0","0","0","7.191851","8.016992","0","50","50","0","0","0",""
"2A","C1","6","4","true","135","depois","50","0","0","0","0","7.162373","7.525515","5","50","50","0","0","0",""
"2A","C1","6","4","true","140","depois","50","0","0","0","0","7.142857","7.43953","2","50","50","0","0","0",""
"2A","C1","6","4","true","145","depois","50","0","0","0","0","7.146271","7.871504","1","50","50","0","0","0",""
"2A","C1","6","4","true","150","depois","50","0","0","0","0","7.282849","7.8248","0","50","50","0","0","0",""
"2A","C1","6","4","true","155","depois","50","0","0","0","0","7.173719","7.628269","0","50","50","0","0","0",""
"2A","C1","6","4","true","160","depois","50","0","0","0","0","7.373286","1086.77564","5","50","50","0","0","0",""
"2A","C1","6","4","true","165","depois","50","0","0","0","0","7.157744","7.690308","1","50","50","0","0","0",""
"2A","C1","6","4","true","170","depois","50","0","0","0","0","7.132148","7.827224","3","50","50","0","0","0",""
"2A","C1","6","4","true","175","depois","50","0","0","0","0","7.124553","7.721369","2","50","50","0","0","0",""
"2A","C1","6","4","true","180","depois","50","0","0","0","0","7.15746","7.380168","3","50","50","0","0","0",""
"2A","C1","6","4","true","185","depois","50","0","0","0","0","7.112624","7.735378","2","50","50","0","0","0",""
"2A","C1","6","4","true","190","depois","50","0","0","0","0","7.190733","7.972138","4","50","50","0","0","0",""
"2A","C1","6","4","true","195","depois","50","0","0","0","0","7.237361","7.751682","1","50","50","0","0","0",""
"2A","C1","6","4","true","200","depois","50","0","0","0","0","7.098341","7.46868","1","50","50","0","0","0",""
"2A","C1","6","4","true","205","depois","50","0","0","0","0","7.121915","7.921019","2","50","50","0","0","0",""
"2A","C1","6","4","true","210","depois","50","0","0","0","0","7.172489","7.899902","4","50","50","0","0","0",""
"2A","C1","6","4","true","215","depois","48","0","0","0","0","7.214296","8.406465","0","48","48","0","0","0",""
"2A","C1","6","4","true","220","depois","52","0","0","0","0","7.272434","1037.258462","5","52","52","0","0","0",""
"2A","C1","6","4","true","225","depois","50","0","0","0","0","7.185553","7.787834","3","50","50","0","0","0",""
"2A","C1","6","4","true","230","depois","50","0","0","0","0","7.134858","7.499797","0","50","50","0","0","0",""
"2A","C1","6","4","true","235","depois","50","0","0","0","0","7.18434","7.777589","3","50","50","0","0","0",""
"2A","C1","6","4","true","240","depois","0","","0","0","0","","","1","1","1","0","0","0",""
"2A","C1","6","4","true","245","depois","0","","0","0","0","","","0","0","0","0","0","0",""
"2A","C1","6","4","true","250","depois","0","","0","0","0","","","0","0","0","0","0","0",""
"2A","C2","1","1","true","-120","aquecimento","50","0","0","0","0","7.078291","7.628471","0","50","50","0","0","0",""
"2A","C2","1","1","true","-115","aquecimento","50","0","0","0","0","6.994303","7.502623","1","50","50","0","0","0",""
"2A","C2","1","1","true","-110","aquecimento","50","0","0","0","0","7.058606","7.872521","3","50","50","0","0","0",""
"2A","C2","1","1","true","-105","aquecimento","50","0","0","0","0","6.943582","7.36449","3","50","50","0","0","0",""
"2A","C2","1","1","true","-100","aquecimento","50","0","0","0","0","6.959884","7.740389","2","50","50","0","0","0",""
"2A","C2","1","1","true","-95","aquecimento","50","0","0","0","0","6.9694","7.666112","3","50","50","0","0","0",""
"2A","C2","1","1","true","-90","aquecimento","44","0","0","0","0","7.311729","697.315639","2","38","38","0","0","0",""
"2A","C2","1","1","true","-85","aquecimento","40","0","0","0","0","864.725445","1209.837148","2","2","2","0","0","0",""
"2A","C2","1","1","true","-80","aquecimento","66","0","0","0","0","439.604397","1358.164311","56","69","69","0","0","0",""
"2A","C2","1","1","true","-75","aquecimento","50","0","0","0","0","6.944888","7.183065","4","91","91","0","0","0",""
"2A","C2","1","1","true","-70","aquecimento","50","0","0","0","0","7.125118","10.533096","3","50","50","0","0","0",""
"2A","C2","1","1","true","-65","aquecimento","50","0","0","0","0","7.053492","7.646767","0","50","50","0","0","0",""
"2A","C2","1","1","true","-60","antes","50","0","0","0","0","6.998608","7.650053","5","50","50","0","0","0",""
"2A","C2","1","1","true","-55","antes","50","0","0","0","0","7.073988","7.933453","3","50","50","0","0","0",""
"2A","C2","1","1","true","-50","antes","50","0","0","0","0","7.045848","7.766917","2","50","50","0","0","0",""
"2A","C2","1","1","true","-45","antes","50","0","0","0","0","7.051193","7.482478","2","50","50","0","0","0",""
"2A","C2","1","1","true","-40","antes","50","0","0","0","0","6.989478","7.707488","3","50","50","0","0","0",""
"2A","C2","1","1","true","-35","antes","50","0","0","0","0","7.08748","7.763047","5","50","50","0","0","0",""
"2A","C2","1","1","true","-30","antes","43","0","0","0","0","7.009866","7.561008","1","50","50","0","0","0",""
"2A","C2","1","1","true","-25","antes","57","0","0","0","0","6.984037","566.058035","3","50","50","0","0","0",""
"2A","C2","1","1","true","-20","antes","50","0","0","0","0","7.1278","8.315686","3","50","50","0","0","0",""
"2A","C2","1","1","true","-15","antes","50","0","0","0","0","7.171004","1218.710579","3","50","50","0","0","0",""
"2A","C2","1","1","true","-10","antes","50","0","0","0","0","7.04586","7.888966","3","50","50","0","0","0",""
"2A","C2","1","1","true","-5","antes","41","0","0","0","0","6.997617","7.41692","0","50","50","0","0","0",""
"2A","C2","1","1","true","0","falha","26","100","26","0","0","3305.867891","3306.915392","0","1","1","0","0","0","inicio_falha"
"2A","C2","1","1","true","5","falha","50","100","50","0","0","3304.979889","3307.075304","0","0","0","0","0","0",""
"2A","C2","1","1","true","10","falha","50","100","50","0","0","3305.661275","3307.107811","0","0","0","0","0","0",""
"2A","C2","1","1","true","15","falha","50","100","50","0","0","3305.958651","3357.919615","0","0","0","0","0","0",""
"2A","C2","1","1","true","20","falha","50","100","50","0","0","3305.843205","3306.861622","0","0","0","0","0","0",""
"2A","C2","1","1","true","25","falha","50","100","50","0","0","3306.061425","3307.839551","0","0","0","0","0","0",""
"2A","C2","1","1","true","30","falha","50","100","50","0","0","3305.77235","3306.848333","0","0","0","0","0","0",""
"2A","C2","1","1","true","35","falha","50","100","50","0","0","3305.058495","3306.655102","0","0","0","0","0","0",""
"2A","C2","1","1","true","40","falha","50","100","50","0","0","3305.714696","3307.379805","0","0","0","0","0","0",""
"2A","C2","1","1","true","45","falha","50","100","50","0","0","3306.017265","3307.231253","0","0","0","0","0","0",""
"2A","C2","1","1","true","50","falha","50","100","50","0","0","3305.512907","3307.260987","0","0","0","0","0","0",""
"2A","C2","1","1","true","55","falha","83","48.192771","40","0","0","3298.389859","3306.582579","0","0","0","0","0","0","fim_falha"
"2A","C2","1","1","true","60","depois","50","0","0","0","0","7.060346","7.516575","0","83","83","0","0","0",""
"2A","C2","1","1","true","65","depois","50","0","0","0","0","7.109813","7.518108","0","50","50","0","0","0",""
"2A","C2","1","1","true","70","depois","50","0","0","0","0","7.185002","7.986694","0","50","50","0","0","0",""
"2A","C2","1","1","true","75","depois","50","0","0","0","0","6.990137","7.393863","1","50","50","0","0","0",""
"2A","C2","1","1","true","80","depois","50","0","0","0","0","7.061029","7.729654","0","50","50","0","0","0",""
"2A","C2","1","1","true","85","depois","50","0","0","0","0","7.136014","961.529237","2","50","50","0","0","0",""
"2A","C2","1","1","true","90","depois","50","0","0","0","0","7.061287","7.497638","2","50","50","0","0","0",""
"2A","C2","1","1","true","95","depois","50","0","0","0","0","6.949339","7.466812","1","50","50","0","0","0",""
"2A","C2","1","1","true","100","depois","50","0","0","0","0","6.977246","7.46414","5","50","50","0","0","0",""
"2A","C2","1","1","true","105","depois","50","0","0","0","0","7.017279","7.659148","0","50","50","0","0","0",""
"2A","C2","1","1","true","110","depois","50","0","0","0","0","7.087925","8.049327","5","50","50","0","0","0",""
"2A","C2","1","1","true","115","depois","50","0","0","0","0","7.111434","7.386768","0","50","50","0","0","0",""
"2A","C2","1","1","true","120","depois","50","0","0","0","0","7.092532","7.565069","5","50","50","0","0","0",""
"2A","C2","1","1","true","125","depois","50","0","0","0","0","7.024195","7.45855","3","50","50","0","0","0",""
"2A","C2","1","1","true","130","depois","50","0","0","0","0","7.116681","8.194511","3","50","50","0","0","0",""
"2A","C2","1","1","true","135","depois","50","0","0","0","0","7.041255","7.503939","0","50","50","0","0","0",""
"2A","C2","1","1","true","140","depois","50","0","0","0","0","7.074262","8.186205","1","50","50","0","0","0",""
"2A","C2","1","1","true","145","depois","50","0","0","0","0","7.258094","645.00929","0","50","50","0","0","0",""
"2A","C2","1","1","true","150","depois","50","0","0","0","0","6.980526","7.438774","4","50","50","0","0","0",""
"2A","C2","1","1","true","155","depois","50","0","0","0","0","7.232959","163.572239","1","50","50","0","0","0",""
"2A","C2","1","1","true","160","depois","50","0","0","0","0","8.847454","9.639637","1","50","50","0","0","0",""
"2A","C2","1","1","true","165","depois","50","0","0","0","0","9.964591","10.998463","1","50","50","0","0","0",""
"2A","C2","1","1","true","170","depois","50","0","0","0","0","10.942861","11.941518","2","50","50","0","0","0",""
"2A","C2","1","1","true","175","depois","50","0","0","0","0","11.90109","12.713579","1","50","50","0","0","0",""
"2A","C2","1","1","true","180","depois","50","0","0","0","0","12.70075","13.082701","2","50","50","0","0","0",""
"2A","C2","1","1","true","185","depois","50","0","0","0","0","7.392792","13.882897","2","50","50","0","0","0",""
"2A","C2","1","1","true","190","depois","50","0","0","0","0","14.014263","14.512332","2","50","50","0","0","0",""
"2A","C2","1","1","true","195","depois","50","0","0","0","0","15.147657","1311.940334","2","40","40","0","0","0",""
"2A","C2","1","1","true","200","depois","50","0","0","0","0","7.371625","8.603196","16","60","60","0","0","0",""
"2A","C2","1","1","true","205","depois","50","0","0","0","0","7.316425","8.023499","0","50","50","0","0","0",""
"2A","C2","1","1","true","210","depois","50","0","0","0","0","7.313436","17.258911","5","50","50","0","0","0",""
"2A","C2","1","1","true","215","depois","50","0","0","0","0","17.557548","18.288891","3","50","50","0","0","0",""
"2A","C2","1","1","true","220","depois","50","0","0","0","0","18.25215","19.084879","2","50","50","0","0","0",""
"2A","C2","1","1","true","225","depois","50","0","0","0","0","7.447777","19.254194","2","50","50","0","0","0",""
"2A","C2","1","1","true","230","depois","50","0","0","0","0","7.144653","7.624876","1","50","50","0","0","0",""
"2A","C2","1","1","true","235","depois","41","0","0","0","0","7.144017","18.802901","4","50","50","0","0","0",""
"2A","C2","1","1","true","240","depois","0","","0","0","0","","","0","1","1","0","0","0",""
"2A","C2","1","1","true","245","depois","0","","0","0","0","","","0","0","0","0","0","0",""
"2A","C2","1","1","true","250","depois","0","","0","0","0","","","0","0","0","0","0","0",""
"2A","C2","2","1","true","-120","aquecimento","50","0","0","0","0","7.158282","7.766616","0","50","50","0","0","0",""
"2A","C2","2","1","true","-115","aquecimento","50","0","0","0","0","7.065351","8.533429","1","50","50","0","0","0",""
"2A","C2","2","1","true","-110","aquecimento","50","0","0","0","0","7.096604","7.533717","5","50","50","0","0","0",""
"2A","C2","2","1","true","-105","aquecimento","50","0","0","0","0","7.022799","7.979109","0","50","50","0","0","0",""
"2A","C2","2","1","true","-100","aquecimento","50","0","0","0","0","6.95144","7.415316","1","50","50","0","0","0",""
"2A","C2","2","1","true","-95","aquecimento","50","0","0","0","0","7.066114","7.431307","4","50","50","0","0","0",""
"2A","C2","2","1","true","-90","aquecimento","50","0","0","0","0","7.070469","7.94376","0","50","50","0","0","0",""
"2A","C2","2","1","true","-85","aquecimento","42","0","0","0","0","7.102383","755.200051","4","34","34","0","0","0",""
"2A","C2","2","1","true","-80","aquecimento","58","0","0","0","0","7.361913","1046.452231","4","66","66","0","0","0",""
"2A","C2","2","1","true","-75","aquecimento","50","0","0","0","0","7.332694","8.199912","7","50","50","0","0","0",""
"2A","C2","2","1","true","-70","aquecimento","50","0","0","0","0","7.208196","8.173401","0","50","50","0","0","0",""
"2A","C2","2","1","true","-65","aquecimento","50","0","0","0","0","7.167036","7.615624","4","50","50","0","0","0",""
"2A","C2","2","1","true","-60","antes","50","0","0","0","0","7.124304","7.55585","1","50","50","0","0","0",""
"2A","C2","2","1","true","-55","antes","50","0","0","0","0","7.053356","7.595432","5","50","50","0","0","0",""
"2A","C2","2","1","true","-50","antes","50","0","0","0","0","7.135093","7.889182","0","50","50","0","0","0",""
"2A","C2","2","1","true","-45","antes","50","0","0","0","0","7.100152","7.640781","2","50","50","0","0","0",""
"2A","C2","2","1","true","-40","antes","50","0","0","0","0","7.073166","7.376138","4","50","50","0","0","0",""
"2A","C2","2","1","true","-35","antes","50","0","0","0","0","7.096621","7.736404","1","50","50","0","0","0",""
"2A","C2","2","1","true","-30","antes","50","0","0","0","0","7.02819","7.552947","3","50","50","0","0","0",""
"2A","C2","2","1","true","-25","antes","50","0","0","0","0","7.365849","916.20925","3","50","50","0","0","0",""
"2A","C2","2","1","true","-20","antes","50","0","0","0","0","7.090948","7.497739","2","50","50","0","0","0",""
"2A","C2","2","1","true","-15","antes","50","0","0","0","0","7.16656","7.924447","3","50","50","0","0","0",""
"2A","C2","2","1","true","-10","antes","50","0","0","0","0","7.151022","7.331576","2","50","50","0","0","0",""
"2A","C2","2","1","true","-5","antes","47","0","0","0","0","7.015543","7.368319","4","50","50","0","0","0",""
"2A","C2","2","1","true","0","falha","20","100","20","0","0","3306.165397","3307.845343","3","0","0","0","0","0","inicio_falha"
"2A","C2","2","1","true","5","falha","50","100","50","0","0","3306.146991","3307.80949","0","0","0","0","0","0",""
"2A","C2","2","1","true","10","falha","50","100","50","0","0","3305.175686","3306.614282","0","0","0","0","0","0",""
"2A","C2","2","1","true","15","falha","50","100","50","0","0","3306.441533","3308.057742","0","0","0","0","0","0",""
"2A","C2","2","1","true","20","falha","50","100","50","0","0","3306.309874","3308.296956","0","0","0","0","0","0",""
"2A","C2","2","1","true","25","falha","50","100","50","0","0","3306.13594","3307.742381","0","0","0","0","0","0",""
"2A","C2","2","1","true","30","falha","50","100","50","0","0","3306.174413","3307.299113","0","0","0","0","0","0",""
"2A","C2","2","1","true","35","falha","50","100","50","0","0","3305.991317","3307.554207","0","0","0","0","0","0",""
"2A","C2","2","1","true","40","falha","50","100","50","0","0","3305.57229","3307.342665","0","0","0","0","0","0",""
"2A","C2","2","1","true","45","falha","50","100","50","0","0","3305.94033","3307.198547","0","0","0","0","0","0",""
"2A","C2","2","1","true","50","falha","50","100","50","0","0","3305.832688","3307.395944","0","0","0","0","0","0",""
"2A","C2","2","1","true","55","falha","83","56.626506","47","0","0","3305.386185","3307.216545","0","0","0","0","0","0","fim_falha"
"2A","C2","2","1","true","60","depois","50","0","0","0","0","7.293893","9.157967","0","83","83","0","0","0",""
"2A","C2","2","1","true","65","depois","50","0","0","0","0","7.747447","9.245917","0","50","50","0","0","0",""
"2A","C2","2","1","true","70","depois","50","0","0","0","0","7.058701","7.476013","1","50","50","0","0","0",""
"2A","C2","2","1","true","75","depois","50","0","0","0","0","9.946978","10.322638","4","50","50","0","0","0",""
"2A","C2","2","1","true","80","depois","50","0","0","0","0","10.92526","11.392281","4","50","50","0","0","0",""
"2A","C2","2","1","true","85","depois","50","0","0","0","0","11.793031","12.338507","0","50","50","0","0","0",""
"2A","C2","2","1","true","90","depois","38","0","0","0","0","12.904162","13.348123","0","40","40","0","0","0",""
"2A","C2","2","1","true","95","depois","62","0","0","0","0","14.030091","877.45992","0","60","60","0","0","0",""
"2A","C2","2","1","true","100","depois","50","0","0","0","0","13.902316","15.11071","4","50","50","0","0","0",""
"2A","C2","2","1","true","105","depois","50","0","0","0","0","7.293478","15.230276","0","50","50","0","0","0",""
"2A","C2","2","1","true","110","depois","50","0","0","0","0","16.048671","16.307638","0","50","50","0","0","0",""
"2A","C2","2","1","true","115","depois","50","0","0","0","0","17.038702","17.401089","0","50","50","0","0","0",""
"2A","C2","2","1","true","120","depois","50","0","0","0","0","18.071208","18.304095","0","50","50","0","0","0",""
"2A","C2","2","1","true","125","depois","50","0","0","0","0","18.707298","19.124653","0","50","50","0","0","0",""
"2A","C2","2","1","true","130","depois","50","0","0","0","0","8.143902","19.386651","4","50","50","0","0","0",""
"2A","C2","2","1","true","135","depois","50","0","0","0","0","7.096243","8.002796","0","50","50","0","0","0",""
"2A","C2","2","1","true","140","depois","47","0","0","0","0","18.779779","19.217858","0","49","49","0","0","0",""
"2A","C2","2","1","true","145","depois","53","0","0","0","0","7.118637","913.345141","5","51","51","0","0","0",""
"2A","C2","2","1","true","150","depois","50","0","0","0","0","7.248564","7.726182","1","50","50","0","0","0",""
"2A","C2","2","1","true","155","depois","50","0","0","0","0","7.314448","8.281611","0","50","50","0","0","0",""
"2A","C2","2","1","true","160","depois","50","0","0","0","0","7.199705","7.495759","5","50","50","0","0","0",""
"2A","C2","2","1","true","165","depois","50","0","0","0","0","7.886396","9.81691","4","50","50","0","0","0",""
"2A","C2","2","1","true","170","depois","50","0","0","0","0","7.581859","8.411617","1","50","50","0","0","0",""
"2A","C2","2","1","true","175","depois","50","0","0","0","0","7.308755","8.163699","2","50","50","0","0","0",""
"2A","C2","2","1","true","180","depois","50","0","0","0","0","7.421193","8.552631","4","50","50","0","0","0",""
"2A","C2","2","1","true","185","depois","50","0","0","0","0","7.277723","8.042731","4","50","50","0","0","0",""
"2A","C2","2","1","true","190","depois","50","0","0","0","0","7.222161","7.887544","0","50","50","0","0","0",""
"2A","C2","2","1","true","195","depois","50","0","0","0","0","7.141802","7.741081","5","50","50","0","0","0",""
"2A","C2","2","1","true","200","depois","50","0","0","0","0","7.153433","7.887469","2","50","50","0","0","0",""
"2A","C2","2","1","true","205","depois","50","0","0","0","0","7.196825","8.019818","0","50","50","0","0","0",""
"2A","C2","2","1","true","210","depois","50","0","0","0","0","7.307764","7.821923","3","50","50","0","0","0",""
"2A","C2","2","1","true","215","depois","50","0","0","0","0","7.130575","7.950694","3","50","50","0","0","0",""
"2A","C2","2","1","true","220","depois","50","0","0","0","0","7.624351","1010.238689","3","50","50","0","0","0",""
"2A","C2","2","1","true","225","depois","50","0","0","0","0","7.397622","7.893483","4","50","50","0","0","0",""
"2A","C2","2","1","true","230","depois","50","0","0","0","0","7.231221","7.765772","1","50","50","0","0","0",""
"2A","C2","2","1","true","235","depois","48","0","0","0","0","7.229725","7.763799","2","50","50","0","0","0",""
"2A","C2","2","1","true","240","depois","0","","0","0","0","","","4","1","1","0","0","0",""
"2A","C2","2","1","true","245","depois","0","","0","0","0","","","0","0","0","0","0","0",""
"2A","C2","2","1","true","250","depois","0","","0","0","0","","","0","0","0","0","0","0",""
"2A","C2","3","4","true","-120","aquecimento","50","0","0","0","0","7.169017","7.526354","0","50","50","0","0","0",""
"2A","C2","3","4","true","-115","aquecimento","47","0","0","0","0","7.178957","7.587758","0","50","50","0","0","0",""
"2A","C2","3","4","true","-110","aquecimento","53","0","0","0","0","9.097262","789.075834","1","50","50","0","0","0",""
"2A","C2","3","4","true","-105","aquecimento","50","0","0","0","0","7.129298","7.444848","4","50","50","0","0","0",""
"2A","C2","3","4","true","-100","aquecimento","50","0","0","0","0","7.039494","7.619116","1","50","50","0","0","0",""
"2A","C2","3","4","true","-95","aquecimento","50","0","0","0","0","7.064218","7.498606","1","50","50","0","0","0",""
"2A","C2","3","4","true","-90","aquecimento","50","0","0","0","0","7.040993","7.718235","4","50","50","0","0","0",""
"2A","C2","3","4","true","-85","aquecimento","50","0","0","0","0","7.058214","7.371044","1","50","50","0","0","0",""
"2A","C2","3","4","true","-80","aquecimento","50","0","0","0","0","7.112901","8.014614","2","50","50","0","0","0",""
"2A","C2","3","4","true","-75","aquecimento","50","0","0","0","0","7.021437","7.356999","3","50","50","0","0","0",""
"2A","C2","3","4","true","-70","aquecimento","50","0","0","0","0","7.057529","7.708928","0","50","50","0","0","0",""
"2A","C2","3","4","true","-65","aquecimento","50","0","0","0","0","7.112596","7.368866","5","50","50","0","0","0",""
"2A","C2","3","4","true","-60","antes","50","0","0","0","0","7.115325","7.648335","5","50","50","0","0","0",""
"2A","C2","3","4","true","-55","antes","48","0","0","0","0","7.135091","7.77837","0","50","50","0","0","0",""
"2A","C2","3","4","true","-50","antes","52","0","0","0","0","7.496896","904.600397","0","50","50","0","0","0",""
"2A","C2","3","4","true","-45","antes","50","0","0","0","0","7.161102","7.495166","3","50","50","0","0","0",""
"2A","C2","3","4","true","-40","antes","50","0","0","0","0","7.116913","7.468336","2","50","50","0","0","0",""
"2A","C2","3","4","true","-35","antes","50","0","0","0","0","7.166726","7.57787","2","50","50","0","0","0",""
"2A","C2","3","4","true","-30","antes","50","0","0","0","0","7.099135","7.604166","3","50","50","0","0","0",""
"2A","C2","3","4","true","-25","antes","50","0","0","0","0","7.113551","7.674335","5","50","50","0","0","0",""
"2A","C2","3","4","true","-20","antes","50","0","0","0","0","7.115443","7.799002","1","50","50","0","0","0",""
"2A","C2","3","4","true","-15","antes","50","0","0","0","0","7.112082","7.552756","4","50","50","0","0","0",""
"2A","C2","3","4","true","-10","antes","50","0","0","0","0","7.141929","7.616149","2","50","50","0","0","0",""
"2A","C2","3","4","true","-5","antes","41","0","0","0","0","7.095311","7.457678","3","50","50","0","0","0",""
"2A","C2","3","4","true","0","falha","26","100","26","0","0","3306.386531","3308.426679","1","0","0","0","0","0","inicio_falha"
"2A","C2","3","4","true","5","falha","50","100","50","0","0","3305.937502","3307.265052","0","0","0","0","0","0",""
"2A","C2","3","4","true","10","falha","50","100","50","0","0","3305.330268","3306.831396","0","0","0","0","0","0",""
"2A","C2","3","4","true","15","falha","50","100","50","0","0","3305.517152","3307.425255","0","0","0","0","0","0",""
"2A","C2","3","4","true","20","falha","50","100","50","0","0","3306.347095","3307.237969","0","0","0","0","0","0",""
"2A","C2","3","4","true","25","falha","50","100","50","0","0","3306.040468","3307.135488","0","0","0","0","0","0",""
"2A","C2","3","4","true","30","falha","50","100","50","0","0","3306.103235","3307.339445","0","0","0","0","0","0",""
"2A","C2","3","4","true","35","falha","50","100","50","0","0","3305.918959","3307.227235","0","0","0","0","0","0",""
"2A","C2","3","4","true","40","falha","50","100","50","0","0","3305.372641","3306.726214","0","0","0","0","0","0",""
"2A","C2","3","4","true","45","falha","50","100","50","0","0","3305.534189","3307.37756","0","0","0","0","0","0",""
"2A","C2","3","4","true","50","falha","50","100","50","0","0","3306.035064","3307.200089","0","0","0","0","0","0",""
"2A","C2","3","4","true","55","falha","83","49.39759","41","0","0","3304.86034","3307.091856","0","0","0","0","0","0","fim_falha"
"2A","C2","3","4","true","60","depois","50","0","0","0","0","7.143649","7.742685","0","83","83","0","0","0",""
"2A","C2","3","4","true","65","depois","50","0","0","0","0","7.111273","7.531519","0","50","50","0","0","0",""
"2A","C2","3","4","true","70","depois","50","0","0","0","0","7.200963","7.768446","0","50","50","0","0","0",""
"2A","C2","3","4","true","75","depois","50","0","0","0","0","7.097686","7.620066","2","50","50","0","0","0",""
"2A","C2","3","4","true","80","depois","50","0","0","0","0","7.110002","8.034083","1","50","50","0","0","0",""
"2A","C2","3","4","true","85","depois","50","0","0","0","0","7.076599","7.59035","2","50","50","0","0","0",""
"2A","C2","3","4","true","90","depois","50","0","0","0","0","7.039087","7.338853","3","50","50","0","0","0",""
"2A","C2","3","4","true","95","depois","50","0","0","0","0","7.063323","7.567671","3","50","50","0","0","0",""
"2A","C2","3","4","true","100","depois","50","0","0","0","0","7.158167","8.00609","2","50","50","0","0","0",""
"2A","C2","3","4","true","105","depois","50","0","0","0","0","7.090955","7.467162","3","50","50","0","0","0",""
"2A","C2","3","4","true","110","depois","50","0","0","0","0","7.107281","935.030825","0","46","46","0","0","0",""
"2A","C2","3","4","true","115","depois","50","0","0","0","0","7.093311","7.721557","3","54","54","0","0","0",""
"2A","C2","3","4","true","120","depois","50","0","0","0","0","7.066404","7.509566","2","50","50","0","0","0",""
"2A","C2","3","4","true","125","depois","50","0","0","0","0","7.107349","7.463069","0","50","50","0","0","0",""
"2A","C2","3","4","true","130","depois","50","0","0","0","0","7.23905","7.885002","3","50","50","0","0","0",""
"2A","C2","3","4","true","135","depois","50","0","0","0","0","7.12507","7.375823","2","50","50","0","0","0",""
"2A","C2","3","4","true","140","depois","50","0","0","0","0","7.092968","7.497577","3","50","50","0","0","0",""
"2A","C2","3","4","true","145","depois","50","0","0","0","0","7.127399","7.436059","0","50","50","0","0","0",""
"2A","C2","3","4","true","150","depois","50","0","0","0","0","7.128559","7.985772","2","50","50","0","0","0",""
"2A","C2","3","4","true","155","depois","50","0","0","0","0","7.137701","7.659311","5","50","50","0","0","0",""
"2A","C2","3","4","true","160","depois","50","0","0","0","0","7.097463","7.674516","0","50","50","0","0","0",""
"2A","C2","3","4","true","165","depois","43","0","0","0","0","7.161912","7.666227","5","50","50","0","0","0",""
"2A","C2","3","4","true","170","depois","57","0","0","0","0","7.13375","684.22588","4","50","50","0","0","0",""
"2A","C2","3","4","true","175","depois","50","0","0","0","0","7.109464","7.807223","12","50","50","0","0","0",""
"2A","C2","3","4","true","180","depois","50","0","0","0","0","7.117529","7.501374","1","50","50","0","0","0",""
"2A","C2","3","4","true","185","depois","50","0","0","0","0","7.143721","8.154602","2","50","50","0","0","0",""
"2A","C2","3","4","true","190","depois","50","0","0","0","0","7.280752","8.303865","3","50","50","0","0","0",""
"2A","C2","3","4","true","195","depois","50","0","0","0","0","7.231217","8.981836","3","50","50","0","0","0",""
"2A","C2","3","4","true","200","depois","50","0","0","0","0","7.135595","7.417115","2","50","50","0","0","0",""
"2A","C2","3","4","true","205","depois","50","0","0","0","0","7.148839","7.862787","1","50","50","0","0","0",""
"2A","C2","3","4","true","210","depois","50","0","0","0","0","7.133729","7.46259","4","50","50","0","0","0",""
"2A","C2","3","4","true","215","depois","50","0","0","0","0","7.127394","7.603714","1","50","50","0","0","0",""
"2A","C2","3","4","true","220","depois","50","0","0","0","0","7.081771","7.516754","4","50","50","0","0","0",""
"2A","C2","3","4","true","225","depois","50","0","0","0","0","7.119164","7.991907","5","50","50","0","0","0",""
"2A","C2","3","4","true","230","depois","50","0","0","0","0","7.182945","833.13876","0","40","40","0","0","0",""
"2A","C2","3","4","true","235","depois","42","0","0","0","0","7.104946","7.498732","1","60","60","0","0","0",""
"2A","C2","3","4","true","240","depois","0","","0","0","0","","","5","1","1","0","0","0",""
"2A","C2","3","4","true","245","depois","0","","0","0","0","","","0","0","0","0","0","0",""
"2A","C2","3","4","true","250","depois","0","","0","0","0","","","0","0","0","0","0","0",""
"2A","C2","4","5","true","-120","aquecimento","50","0","0","0","0","7.310698","8.239837","0","50","50","0","0","0",""
"2A","C2","4","5","true","-115","aquecimento","50","0","0","0","0","7.271359","7.758811","1","50","50","0","0","0",""
"2A","C2","4","5","true","-110","aquecimento","50","0","0","0","0","7.308379","7.742927","2","50","50","0","0","0",""
"2A","C2","4","5","true","-105","aquecimento","50","0","0","0","0","7.158169","7.806082","4","50","50","0","0","0",""
"2A","C2","4","5","true","-100","aquecimento","50","0","0","0","0","7.097194","7.655619","3","50","50","0","0","0",""
"2A","C2","4","5","true","-95","aquecimento","50","0","0","0","0","7.1489","7.659174","1","50","50","0","0","0",""
"2A","C2","4","5","true","-90","aquecimento","50","0","0","0","0","7.137436","7.76986","4","50","50","0","0","0",""
"2A","C2","4","5","true","-85","aquecimento","50","0","0","0","0","10.647757","1424.233849","1","50","50","0","0","0",""
"2A","C2","4","5","true","-80","aquecimento","50","0","0","0","0","7.203578","7.961509","4","50","50","0","0","0",""
"2A","C2","4","5","true","-75","aquecimento","50","0","0","0","0","7.17597","7.990773","3","50","50","0","0","0",""
"2A","C2","4","5","true","-70","aquecimento","50","0","0","0","0","7.191863","7.630843","2","50","50","0","0","0",""
"2A","C2","4","5","true","-65","aquecimento","50","0","0","0","0","7.224907","7.600517","3","50","50","0","0","0",""
"2A","C2","4","5","true","-60","antes","50","0","0","0","0","7.28643","8.631838","2","50","50","0","0","0",""
"2A","C2","4","5","true","-55","antes","50","0","0","0","0","7.1715","7.516195","3","50","50","0","0","0",""
"2A","C2","4","5","true","-50","antes","50","0","0","0","0","7.246013","7.880765","2","50","50","0","0","0",""
"2A","C2","4","5","true","-45","antes","50","0","0","0","0","7.249988","7.735065","4","50","50","0","0","0",""
"2A","C2","4","5","true","-40","antes","50","0","0","0","0","7.170072","7.549637","2","50","50","0","0","0",""
"2A","C2","4","5","true","-35","antes","50","0","0","0","0","7.214627","7.958111","2","50","50","0","0","0",""
"2A","C2","4","5","true","-30","antes","50","0","0","0","0","7.551463","1338.305004","3","50","50","0","0","0",""
"2A","C2","4","5","true","-25","antes","50","0","0","0","0","7.284535","7.997265","3","50","50","0","0","0",""
"2A","C2","4","5","true","-20","antes","50","0","0","0","0","7.241932","7.581835","2","50","50","0","0","0",""
"2A","C2","4","5","true","-15","antes","50","0","0","0","0","7.195713","7.807666","3","50","50","0","0","0",""
"2A","C2","4","5","true","-10","antes","50","0","0","0","0","7.171515","7.930965","2","50","50","0","0","0",""
"2A","C2","4","5","true","-5","antes","48","0","0","0","0","7.208669","7.828781","3","50","50","0","0","0",""
"2A","C2","4","5","true","0","falha","19","100","19","0","0","3305.726812","3307.048128","0","0","0","0","0","0","inicio_falha"
"2A","C2","4","5","true","5","falha","50","100","50","0","0","3306.139968","3307.320719","0","0","0","0","0","0",""
"2A","C2","4","5","true","10","falha","50","100","50","0","0","3305.61284","3307.487561","0","0","0","0","0","0",""
"2A","C2","4","5","true","15","falha","50","100","50","0","0","3305.454966","3306.952327","0","0","0","0","0","0",""
"2A","C2","4","5","true","20","falha","50","100","50","0","0","3305.941503","3307.399393","0","0","0","0","0","0",""
"2A","C2","4","5","true","25","falha","50","100","50","0","0","3306.030653","3307.240418","0","0","0","0","0","0",""
"2A","C2","4","5","true","30","falha","50","100","50","0","0","3305.922691","3307.36528","0","0","0","0","0","0",""
"2A","C2","4","5","true","35","falha","50","100","50","0","0","3306.169912","3307.929713","0","0","0","0","0","0",""
"2A","C2","4","5","true","40","falha","50","100","50","0","0","3305.444739","3306.742106","0","0","0","0","0","0",""
"2A","C2","4","5","true","45","falha","50","100","50","0","0","3305.445492","3306.912197","0","0","0","0","0","0",""
"2A","C2","4","5","true","50","falha","50","100","50","0","0","3306.186968","3307.325202","0","0","0","0","0","0",""
"2A","C2","4","5","true","55","falha","83","57.831325","48","0","0","3305.309452","3307.117007","0","0","0","0","0","0","fim_falha"
"2A","C2","4","5","true","60","depois","50","0","0","0","0","7.251572","9.430962","0","83","83","0","0","0",""
"2A","C2","4","5","true","65","depois","50","0","0","0","0","7.255655","7.896547","3","50","50","0","0","0",""
"2A","C2","4","5","true","70","depois","50","0","0","0","0","7.566532","1316.516863","1","50","50","0","0","0",""
"2A","C2","4","5","true","75","depois","50","0","0","0","0","7.414406","8.101422","0","50","50","0","0","0",""
"2A","C2","4","5","true","80","depois","50","0","0","0","0","7.213119","7.894723","2","50","50","0","0","0",""
"2A","C2","4","5","true","85","depois","50","0","0","0","0","7.180518","7.973108","5","50","50","0","0","0",""
"2A","C2","4","5","true","90","depois","50","0","0","0","0","7.144709","7.794513","0","50","50","0","0","0",""
"2A","C2","4","5","true","95","depois","50","0","0","0","0","7.178942","7.623904","0","50","50","0","0","0",""
"2A","C2","4","5","true","100","depois","50","0","0","0","0","7.274161","7.755516","1","50","50","0","0","0",""
"2A","C2","4","5","true","105","depois","50","0","0","0","0","7.220883","7.683325","2","50","50","0","0","0",""
"2A","C2","4","5","true","110","depois","50","0","0","0","0","7.188681","7.591569","2","50","50","0","0","0",""
"2A","C2","4","5","true","115","depois","50","0","0","0","0","7.251631","7.589961","2","50","50","0","0","0",""
"2A","C2","4","5","true","120","depois","44","0","0","0","0","7.314071","8.341972","2","45","45","0","0","0",""
"2A","C2","4","5","true","125","depois","56","0","0","0","0","7.454456","1335.81682","0","55","55","0","0","0",""
"2A","C2","4","5","true","130","depois","50","0","0","0","0","7.366502","8.094954","0","50","50","0","0","0",""
"2A","C2","4","5","true","135","depois","50","0","0","0","0","7.287681","8.372454","1","50","50","0","0","0",""
"2A","C2","4","5","true","140","depois","50","0","0","0","0","7.207273","7.70535","2","50","50","0","0","0",""
"2A","C2","4","5","true","145","depois","50","0","0","0","0","7.264635","7.706243","0","50","50","0","0","0",""
"2A","C2","4","5","true","150","depois","50","0","0","0","0","7.186007","7.95852","1","50","50","0","0","0",""
"2A","C2","4","5","true","155","depois","50","0","0","0","0","7.282777","7.861125","4","50","50","0","0","0",""
"2A","C2","4","5","true","160","depois","50","0","0","0","0","7.270067","8.182474","1","50","50","0","0","0",""
"2A","C2","4","5","true","165","depois","50","0","0","0","0","7.376456","7.896149","1","50","50","0","0","0",""
"2A","C2","4","5","true","170","depois","50","0","0","0","0","7.997321","8.496225","1","50","50","0","0","0",""
"2A","C2","4","5","true","175","depois","50","0","0","0","0","7.181374","7.620983","0","50","50","0","0","0",""
"2A","C2","4","5","true","180","depois","50","0","0","0","0","9.334024","1092.28208","0","50","50","0","0","0",""
"2A","C2","4","5","true","185","depois","50","0","0","0","0","7.293681","7.889686","5","50","50","0","0","0",""
"2A","C2","4","5","true","190","depois","50","0","0","0","0","11.763376","12.273878","5","50","50","0","0","0",""
"2A","C2","4","5","true","195","depois","50","0","0","0","0","12.74356","13.29541","0","50","50","0","0","0",""
"2A","C2","4","5","true","200","depois","50","0","0","0","0","13.769015","14.290414","0","50","50","0","0","0",""
"2A","C2","4","5","true","205","depois","50","0","0","0","0","10.54749","14.770123","0","50","50","0","0","0",""
"2A","C2","4","5","true","210","depois","50","0","0","0","0","7.32939","15.237599","3","50","50","0","0","0",""
"2A","C2","4","5","true","215","depois","50","0","0","0","0","16.024768","16.291613","3","50","50","0","0","0",""
"2A","C2","4","5","true","220","depois","50","0","0","0","0","17.047548","17.395646","0","50","50","0","0","0",""
"2A","C2","4","5","true","225","depois","50","0","0","0","0","18.097924","18.365183","0","50","50","0","0","0",""
"2A","C2","4","5","true","230","depois","50","0","0","0","0","18.980813","920.697391","0","50","50","0","0","0",""
"2A","C2","4","5","true","235","depois","49","0","0","0","0","19.127285","19.47413","0","50","50","0","0","0",""
"2A","C2","4","5","true","240","depois","0","","0","0","0","","","0","1","1","0","0","0",""
"2A","C2","4","5","true","245","depois","0","","0","0","0","","","0","0","0","0","0","0",""
"2A","C2","4","5","true","250","depois","0","","0","0","0","","","0","0","0","0","0","0",""
"2A","C2","5","1","false","-120","aquecimento","50","0","0","0","0","7.224758","7.914878","0","50","50","0","0","0",""
"2A","C2","5","1","false","-115","aquecimento","50","0","0","0","0","7.18054","7.693747","0","50","50","0","0","0",""
"2A","C2","5","1","false","-110","aquecimento","50","0","0","0","0","7.250061","8.183293","1","50","50","0","0","0",""
"2A","C2","5","1","false","-105","aquecimento","50","0","0","0","0","7.138997","7.662975","4","50","50","0","0","0",""
"2A","C2","5","1","false","-100","aquecimento","50","0","0","0","0","7.042463","7.825482","1","50","50","0","0","0",""
"2A","C2","5","1","false","-95","aquecimento","50","0","0","0","0","7.153384","574.274181","5","48","48","0","0","0",""
"2A","C2","5","1","false","-90","aquecimento","50","0","0","0","0","7.179924","7.95124","4","52","52","0","0","0",""
"2A","C2","5","1","false","-85","aquecimento","50","0","0","0","0","7.590981","903.711435","1","50","50","0","0","0",""
"2A","C2","5","1","false","-80","aquecimento","51","0","0","0","0","7.239112","7.88507","4","50","50","0","0","0",""
"2A","C2","5","1","false","-75","aquecimento","50","0","0","0","0","7.093076","7.427684","4","50","50","0","0","0",""
"2A","C2","5","1","false","-70","aquecimento","50","0","0","0","0","7.095235","7.670314","2","50","50","0","0","0",""
"2A","C2","5","1","false","-65","aquecimento","50","0","0","0","0","7.133023","7.581085","3","50","50","0","0","0",""
"2A","C2","5","1","false","-60","antes","50","0","0","0","0","7.157768","8.388756","3","50","50","0","0","0",""
"2A","C2","5","1","false","-55","antes","50","0","0","0","0","7.22509","7.596596","1","50","50","0","0","0",""
"2A","C2","5","1","false","-50","antes","50","0","0","0","0","7.227622","8.561594","4","50","50","0","0","0",""
"2A","C2","5","1","false","-45","antes","50","0","0","0","0","7.131127","7.557888","4","50","50","0","0","0",""
"2A","C2","5","1","false","-40","antes","50","0","0","0","0","7.196417","7.852581","1","50","50","0","0","0",""
"2A","C2","5","1","false","-35","antes","50","0","0","0","0","7.16293","7.583881","4","50","50","0","0","0",""
"2A","C2","5","1","false","-30","antes","50","0","0","0","0","7.736099","1062.904458","3","50","50","0","0","0",""
"2A","C2","5","1","false","-25","antes","50","0","0","0","0","7.948252","8.870414","2","50","50","0","0","0",""
"2A","C2","5","1","false","-20","antes","50","0","0","0","0","7.29344","9.217544","1","50","50","0","0","0",""
"2A","C2","5","1","false","-15","antes","50","0","0","0","0","7.551795","9.981919","2","50","50","0","0","0",""
"2A","C2","5","1","false","-10","antes","50","0","0","0","0","9.815507","10.986489","3","50","50","0","0","0",""
"2A","C2","5","1","false","-5","antes","40","0","0","0","0","7.147075","7.424109","3","50","50","0","0","0",""
"2A","C2","5","1","false","0","falha","27","100","27","0","0","3305.969476","3307.532213","3","0","0","0","0","0","inicio_falha"
"2A","C2","5","1","false","5","falha","50","100","50","0","0","3305.897241","3307.912018","0","0","0","0","0","0",""
"2A","C2","5","1","false","10","falha","50","100","50","0","0","3305.575596","3307.091375","0","0","0","0","0","0",""
"2A","C2","5","1","false","15","falha","50","100","50","0","0","3306.297059","3307.916147","0","0","0","0","0","0",""
"2A","C2","5","1","false","20","falha","50","100","50","0","0","3306.362258","3308.411756","0","0","0","0","0","0",""
"2A","C2","5","1","false","25","falha","50","100","50","0","0","3305.920491","3307.974625","0","0","0","0","0","0",""
"2A","C2","5","1","false","30","falha","50","100","50","0","0","3305.862657","3307.246553","0","0","0","0","0","0",""
"2A","C2","5","1","false","35","falha","50","100","50","0","0","3305.891938","3307.514556","0","0","0","0","0","0",""
"2A","C2","5","1","false","40","falha","50","100","50","0","0","3305.131104","3307.292149","0","0","0","0","0","0",""
"2A","C2","5","1","false","45","falha","50","100","50","0","0","3305.821628","3307.782291","0","0","0","0","0","0",""
"2A","C2","5","1","false","50","falha","50","100","50","0","0","3306.017514","3307.198052","0","0","0","0","0","0",""
"2A","C2","5","1","false","55","falha","50","100","50","0","0","3305.84185","3307.964903","0","0","0","0","0","0","fim_falha"
"2A","C2","5","1","false","60","depois","50","100","50","0","0","3306.480874","3308.306715","0","0","0","0","0","0",""
"2A","C2","5","1","false","65","depois","50","100","50","0","0","3305.739791","3308.02321","0","0","0","0","0","0",""
"2A","C2","5","1","false","70","depois","50","100","50","0","0","3305.265631","3306.624574","0","0","0","0","0","0",""
"2A","C2","5","1","false","75","depois","50","100","50","0","0","3306.314902","3307.88774","0","0","0","0","0","0",""
"2A","C2","5","1","false","80","depois","50","100","50","0","0","3305.719167","3307.442556","0","0","0","0","0","0",""
"2A","C2","5","1","false","85","depois","50","100","50","0","0","3306.020316","3307.662193","0","0","0","0","0","0",""
"2A","C2","5","1","false","90","depois","50","100","50","0","0","3305.930994","3307.337306","0","0","0","0","0","0",""
"2A","C2","5","1","false","95","depois","50","100","50","0","0","3305.472453","3307.117042","0","0","0","0","0","0",""
"2A","C2","5","1","false","100","depois","50","100","50","0","0","3305.574151","3307.306253","0","0","0","0","0","0",""
"2A","C2","5","1","false","105","depois","50","100","50","0","0","3306.128583","3307.233746","0","0","0","0","0","0",""
"2A","C2","5","1","false","110","depois","50","100","50","0","0","3305.854522","3307.312876","0","0","0","0","0","0",""
"2A","C2","5","1","false","115","depois","50","100","50","0","0","3305.786559","3307.118913","0","0","0","0","0","0",""
"2A","C2","5","1","false","120","depois","50","100","50","0","0","3305.929629","3307.606536","0","0","0","0","0","0",""
"2A","C2","5","1","false","125","depois","50","100","50","0","0","3305.837265","3307.678355","0","0","0","0","0","0",""
"2A","C2","5","1","false","130","depois","50","100","50","0","0","3305.374773","3306.955321","0","0","0","0","0","0",""
"2A","C2","5","1","false","135","depois","50","100","50","0","0","3305.609642","3307.460571","0","0","0","0","0","0",""
"2A","C2","5","1","false","140","depois","50","100","50","0","0","3305.780182","3307.349303","0","0","0","0","0","0",""
"2A","C2","5","1","false","145","depois","50","100","50","0","0","3305.931623","3307.255342","0","0","0","0","0","0",""
"2A","C2","5","1","false","150","depois","50","100","50","0","0","3305.800848","3307.698831","0","0","0","0","0","0",""
"2A","C2","5","1","false","155","depois","50","100","50","0","0","3305.8918","3307.511063","0","0","0","0","0","0",""
"2A","C2","5","1","false","160","depois","50","100","50","0","0","3305.496639","3307.443716","0","0","0","0","0","0",""
"2A","C2","5","1","false","165","depois","50","100","50","0","0","3305.838523","3307.614533","0","0","0","0","0","0",""
"2A","C2","5","1","false","170","depois","50","100","50","0","0","3305.869773","3307.332747","0","0","0","0","0","0",""
"2A","C2","5","1","false","175","depois","50","100","50","0","0","3305.908483","3307.394898","0","0","0","0","0","0",""
"2A","C2","5","1","false","180","depois","50","100","50","0","0","3305.99504","3307.366408","0","0","0","0","0","0",""
"2A","C2","5","1","false","185","depois","50","100","50","0","0","3305.846131","3307.263784","0","0","0","0","0","0",""
"2A","C2","5","1","false","190","depois","50","100","50","0","0","3305.644152","3307.459208","0","0","0","0","0","0",""
"2A","C2","5","1","false","195","depois","50","100","50","0","0","3305.843451","3308.03037","0","0","0","0","0","0",""
"2A","C2","5","1","false","200","depois","50","100","50","0","0","3306.10213","3307.120803","0","0","0","0","0","0",""
"2A","C2","5","1","false","205","depois","50","100","50","0","0","3306.26443","3308.05961","0","0","0","0","0","0",""
"2A","C2","5","1","false","210","depois","50","100","50","0","0","3305.972184","3308.021779","0","0","0","0","0","0",""
"2A","C2","5","1","false","215","depois","50","100","50","0","0","3305.750929","3307.602162","0","0","0","0","0","0",""
"2A","C2","5","1","false","220","depois","50","100","50","0","0","3305.664492","3307.469887","0","0","0","0","0","0",""
"2A","C2","5","1","false","225","depois","50","100","50","0","0","3305.88075","3307.337777","0","0","0","0","0","0",""
"2A","C2","5","1","false","230","depois","50","100","50","0","0","3305.988162","3307.497158","0","0","0","0","0","0",""
"2A","C2","5","1","false","235","depois","50","100","50","0","0","3305.948471","3307.006264","0","0","0","0","0","0",""
"2A","C2","5","1","false","240","depois","24","100","24","0","0","3305.805985","3307.327633","0","0","0","0","0","0",""
"2A","C2","5","1","false","245","depois","0","","0","0","0","","","0","0","0","0","0","0",""
"2A","C2","5","1","false","250","depois","0","","0","0","0","","","0","0","0","0","0","0",""
"2A","C2","5","1","false","255","depois","0","","0","0","0","","","0","0","0","0","0","0",""
"2A","C2","6","2","true","-120","aquecimento","50","0","0","0","0","7.275238","7.592363","0","50","50","0","0","0",""
"2A","C2","6","2","true","-115","aquecimento","50","0","0","0","0","7.205444","7.844792","0","50","50","0","0","0",""
"2A","C2","6","2","true","-110","aquecimento","50","0","0","0","0","7.147047","7.560898","1","50","50","0","0","0",""
"2A","C2","6","2","true","-105","aquecimento","50","0","0","0","0","7.08614","7.68388","0","50","50","0","0","0",""
"2A","C2","6","2","true","-100","aquecimento","50","0","0","0","0","7.210675","8.3873","5","50","50","0","0","0",""
"2A","C2","6","2","true","-95","aquecimento","50","0","0","0","0","7.196988","7.828616","2","50","50","0","0","0",""
"2A","C2","6","2","true","-90","aquecimento","50","0","0","0","0","7.15333","7.70776","1","50","50","0","0","0",""
"2A","C2","6","2","true","-85","aquecimento","50","0","0","0","0","7.13263","7.763085","4","50","50","0","0","0",""
"2A","C2","6","2","true","-80","aquecimento","44","0","0","0","0","7.127472","7.594948","1","47","47","0","0","0",""
"2A","C2","6","2","true","-75","aquecimento","56","0","0","0","0","7.643141","1439.457018","4","53","53","0","0","0",""
"2A","C2","6","2","true","-70","aquecimento","50","0","0","0","0","7.153577","7.618344","0","50","50","0","0","0",""
"2A","C2","6","2","true","-65","aquecimento","50","0","0","0","0","7.165934","7.505314","3","50","50","0","0","0",""
"2A","C2","6","2","true","-60","antes","50","0","0","0","0","7.226166","7.643029","4","50","50","0","0","0",""
"2A","C2","6","2","true","-55","antes","50","0","0","0","0","7.119797","7.859117","2","50","50","0","0","0",""
"2A","C2","6","2","true","-50","antes","50","0","0","0","0","7.314108","7.965674","3","50","50","0","0","0",""
"2A","C2","6","2","true","-45","antes","50","0","0","0","0","7.197577","7.923186","1","50","50","0","0","0",""
"2A","C2","6","2","true","-40","antes","50","0","0","0","0","7.230968","7.807682","1","50","50","0","0","0",""
"2A","C2","6","2","true","-35","antes","50","0","0","0","0","7.212204","7.770478","4","50","50","0","0","0",""
"2A","C2","6","2","true","-30","antes","50","0","0","0","0","7.13034","7.575728","1","50","50","0","0","0",""
"2A","C2","6","2","true","-25","antes","50","0","0","0","0","7.325841","953.991572","4","38","38","0","0","0",""
"2A","C2","6","2","true","-20","antes","50","0","0","0","0","7.180315","7.642141","1","62","62","0","0","0",""
"2A","C2","6","2","true","-15","antes","50","0","0","0","0","7.196674","7.911883","4","50","50","0","0","0",""
"2A","C2","6","2","true","-10","antes","50","0","0","0","0","7.179594","7.712174","1","50","50","0","0","0",""
"2A","C2","6","2","true","-5","antes","46","0","0","0","0","7.140161","7.854171","3","50","50","0","0","0",""
"2A","C2","6","2","true","0","falha","21","100","21","0","0","3305.636029","3306.8539","2","0","0","0","0","0","inicio_falha"
"2A","C2","6","2","true","5","falha","50","100","50","0","0","3305.030962","3306.792172","0","0","0","0","0","0",""
"2A","C2","6","2","true","10","falha","50","100","50","0","0","3305.787319","3307.223253","0","0","0","0","0","0",""
"2A","C2","6","2","true","15","falha","50","100","50","0","0","3306.077206","3307.46283","0","0","0","0","0","0",""
"2A","C2","6","2","true","20","falha","50","100","50","0","0","3305.898828","3307.179396","0","0","0","0","0","0",""
"2A","C2","6","2","true","25","falha","50","100","50","0","0","3305.965026","3307.307828","0","0","0","0","0","0",""
"2A","C2","6","2","true","30","falha","50","100","50","0","0","3305.529803","3306.839114","0","0","0","0","0","0",""
"2A","C2","6","2","true","35","falha","50","100","50","0","0","3305.057649","3306.431303","0","0","0","0","0","0",""
"2A","C2","6","2","true","40","falha","50","100","50","0","0","3305.707659","3307.195729","0","0","0","0","0","0",""
"2A","C2","6","2","true","45","falha","50","100","50","0","0","3305.819963","3307.120188","0","0","0","0","0","0",""
"2A","C2","6","2","true","50","falha","50","100","50","0","0","3305.795728","3307.403089","0","0","0","0","0","0",""
"2A","C2","6","2","true","55","falha","83","55.421687","46","0","0","3305.163859","3306.960667","0","0","0","0","0","0","fim_falha"
"2A","C2","6","2","true","60","depois","50","0","0","0","0","7.261836","8.776097","0","83","83","0","0","0",""
"2A","C2","6","2","true","65","depois","50","0","0","0","0","7.116632","7.845671","0","50","50","0","0","0",""
"2A","C2","6","2","true","70","depois","50","0","0","0","0","7.242521","7.675766","0","50","50","0","0","0",""
"2A","C2","6","2","true","75","depois","50","0","0","0","0","7.256377","8.411172","3","50","50","0","0","0",""
"2A","C2","6","2","true","80","depois","50","0","0","0","0","7.449649","737.240494","2","50","50","0","0","0",""
"2A","C2","6","2","true","85","depois","50","0","0","0","0","7.196775","8.085056","5","50","50","0","0","0",""
"2A","C2","6","2","true","90","depois","50","0","0","0","0","7.136757","7.76557","0","50","50","0","0","0",""
"2A","C2","6","2","true","95","depois","50","0","0","0","0","7.147461","8.024462","3","50","50","0","0","0",""
"2A","C2","6","2","true","100","depois","50","0","0","0","0","7.230101","7.842814","3","50","50","0","0","0",""
"2A","C2","6","2","true","105","depois","50","0","0","0","0","7.181075","8.003586","3","50","50","0","0","0",""
"2A","C2","6","2","true","110","depois","50","0","0","0","0","7.145464","7.905264","2","50","50","0","0","0",""
"2A","C2","6","2","true","115","depois","44","0","0","0","0","7.082982","7.821029","3","47","47","0","0","0",""
"2A","C2","6","2","true","120","depois","56","0","0","0","0","7.291916","501.084991","3","53","53","0","0","0",""
"2A","C2","6","2","true","125","depois","50","0","0","0","0","7.164825","7.736748","0","50","50","0","0","0",""
"2A","C2","6","2","true","130","depois","50","0","0","0","0","7.308676","8.1313","0","50","50","0","0","0",""
"2A","C2","6","2","true","135","depois","50","0","0","0","0","7.264006","8.049122","3","50","50","0","0","0",""
"2A","C2","6","2","true","140","depois","50","0","0","0","0","7.259614","8.866372","1","50","50","0","0","0",""
"2A","C2","6","2","true","145","depois","50","0","0","0","0","7.253624","7.896605","3","50","50","0","0","0",""
"2A","C2","6","2","true","150","depois","50","0","0","0","0","7.320918","8.060288","3","50","50","0","0","0",""
"2A","C2","6","2","true","155","depois","50","0","0","0","0","7.278855","7.849343","1","50","50","0","0","0",""
"2A","C2","6","2","true","160","depois","50","0","0","0","0","7.155552","7.749101","1","50","50","0","0","0",""
"2A","C2","6","2","true","165","depois","50","0","0","0","0","7.093709","7.972482","4","50","50","0","0","0",""
"2A","C2","6","2","true","170","depois","50","0","0","0","0","7.319603","7.653965","4","50","50","0","0","0",""
"2A","C2","6","2","true","175","depois","50","0","0","0","0","7.272921","866.652408","2","50","50","0","0","0",""
"2A","C2","6","2","true","180","depois","50","0","0","0","0","7.135145","7.69429","3","50","50","0","0","0",""
"2A","C2","6","2","true","185","depois","50","0","0","0","0","7.147861","7.887789","2","50","50","0","0","0",""
"2A","C2","6","2","true","190","depois","50","0","0","0","0","7.255589","8.009259","4","50","50","0","0","0",""
"2A","C2","6","2","true","195","depois","50","0","0","0","0","7.324685","8.337705","3","50","50","0","0","0",""
"2A","C2","6","2","true","200","depois","50","0","0","0","0","7.411938","9.806495","3","50","50","0","0","0",""
"2A","C2","6","2","true","205","depois","50","0","0","0","0","7.292878","8.495281","3","50","50","0","0","0",""
"2A","C2","6","2","true","210","depois","50","0","0","0","0","7.156785","8.015674","1","50","50","0","0","0",""
"2A","C2","6","2","true","215","depois","50","0","0","0","0","7.213552","7.85775","1","50","50","0","0","0",""
"2A","C2","6","2","true","220","depois","49","0","0","0","0","7.344079","7.754537","2","50","50","0","0","0",""
"2A","C2","6","2","true","225","depois","51","0","0","0","0","7.505094","988.667188","1","50","50","0","0","0",""
"2A","C2","6","2","true","230","depois","50","0","0","0","0","9.058556","10.348557","0","50","50","0","0","0",""
"2A","C2","6","2","true","235","depois","47","0","0","0","0","10.273043","11.140555","0","50","50","0","0","0",""
"2A","C2","6","2","true","240","depois","0","","0","0","0","","","2","1","1","0","0","0",""
"2A","C2","6","2","true","245","depois","0","","0","0","0","","","0","0","0","0","0","0",""
"2A","C2","6","2","true","250","depois","0","","0","0","0","","","0","0","0","0","0","0",""
"2A","C2","6","2","true","255","depois","0","","0","0","0","","","","0","0","0","0","0",""
"2A","C3","1","5","true","-120","aquecimento","50","0","0","0","0","7.105911","7.753275","0","50","50","0","0","0",""
"2A","C3","1","5","true","-115","aquecimento","50","0","0","0","0","6.925352","7.646974","1","50","50","0","0","0",""
"2A","C3","1","5","true","-110","aquecimento","50","0","0","0","0","7.307037","428.574662","3","50","50","0","0","0",""
"2A","C3","1","5","true","-105","aquecimento","48","0","0","0","0","6.907749","7.922204","1","50","50","0","0","0",""
"2A","C3","1","5","true","-100","aquecimento","52","0","0","0","0","6.959678","466.871168","1","50","50","0","0","0",""
"2A","C3","1","5","true","-95","aquecimento","50","0","0","0","0","6.955388","7.536656","0","50","50","0","0","0",""
"2A","C3","1","5","true","-90","aquecimento","50","0","0","0","0","6.949432","7.480171","2","50","50","0","0","0",""
"2A","C3","1","5","true","-85","aquecimento","50","0","0","0","0","6.986187","7.741405","2","50","50","0","0","0",""
"2A","C3","1","5","true","-80","aquecimento","50","0","0","0","0","6.948447","7.643973","3","50","50","0","0","0",""
"2A","C3","1","5","true","-75","aquecimento","50","0","0","0","0","6.920517","7.5391","3","50","50","0","0","0",""
"2A","C3","1","5","true","-70","aquecimento","50","0","0","0","0","6.999833","7.821156","3","50","50","0","0","0",""
"2A","C3","1","5","true","-65","aquecimento","50","0","0","0","0","6.995383","7.584383","1","50","50","0","0","0",""
"2A","C3","1","5","true","-60","antes","50","0","0","0","0","6.967925","7.513145","4","50","50","0","0","0",""
"2A","C3","1","5","true","-55","antes","50","0","0","0","0","7.297375","765.713713","3","50","50","0","0","0",""
"2A","C3","1","5","true","-50","antes","50","0","0","0","0","7.142883","7.792727","1","50","50","0","0","0",""
"2A","C3","1","5","true","-45","antes","50","0","0","0","0","7.032909","7.683254","1","50","50","0","0","0",""
"2A","C3","1","5","true","-40","antes","50","0","0","0","0","6.999423","7.633672","3","50","50","0","0","0",""
"2A","C3","1","5","true","-35","antes","50","0","0","0","0","7.021339","7.737881","2","50","50","0","0","0",""
"2A","C3","1","5","true","-30","antes","50","0","0","0","0","7.020191","7.515808","1","50","50","0","0","0",""
"2A","C3","1","5","true","-25","antes","50","0","0","0","0","7.055143","7.62281","4","50","50","0","0","0",""
"2A","C3","1","5","true","-20","antes","50","0","0","0","0","7.041401","7.802504","1","50","50","0","0","0",""
"2A","C3","1","5","true","-15","antes","50","0","0","0","0","7.049411","7.944146","0","50","50","0","0","0",""
"2A","C3","1","5","true","-10","antes","50","0","0","0","0","7.056946","7.421751","5","50","50","0","0","0",""
"2A","C3","1","5","true","-5","antes","46","0","0","0","0","6.991343","7.749087","1","50","50","0","0","0",""
"2A","C3","1","5","true","0","falha","37","100","37","0","0","3304.832031","3307.104719","0","0","0","2","1.291544","0","inicio_falha"
"2A","C3","1","5","true","5","falha","67","100","67","0","0","0.462543","3306.822718","0","0","0","2","5","0",""
"2A","C3","1","5","true","10","falha","50","100","50","0","0","0.451367","0.585873","0","0","0","2","5","0",""
"2A","C3","1","5","true","15","falha","19","100","19","0","0","0.419386","3305.009663","0","0","0","2","1.799876","0",""
"2A","C3","1","5","true","20","falha","81","100","81","0","0","0.475752","3306.70335","0","0","0","2","4.895992","0",""
"2A","C3","1","5","true","25","falha","50","100","50","0","0","0.463776","0.524375","0","0","0","2","5","0",""
"2A","C3","1","5","true","30","falha","28","100","28","0","0","0.477396","0.598928","0","0","0","2","3.19925","0",""
"2A","C3","1","5","true","35","falha","72","100","72","0","0","0.563841","3307.083206","0","0","0","2","3.494131","0",""
"2A","C3","1","5","true","40","falha","50","100","50","0","0","0.535139","0.592678","0","0","0","2","5","0",""
"2A","C3","1","5","true","45","falha","42","100","42","0","0","0.533627","0.588239","0","0","0","2","4.597815","0",""
"2A","C3","1","5","true","50","falha","49","100","49","0","0","3305.006606","3307.525256","0","0","0","2","2.095414","0",""
"2A","C3","1","5","true","55","falha","59","100","59","0","0","0.466301","3306.200559","0","0","0","2","5","0","fim_falha"
"2A","C3","1","5","true","60","depois","50","100","50","0","0","0.453975","0.545436","0","0","0","2","5","0",""
"2A","C3","1","5","true","65","depois","45","13.333333","6","0","0","7.741346","162.702473","0","37","37","2","0.997989","0",""
"2A","C3","1","5","true","70","depois","55","0","0","0","0","7.26176","908.715917","6","53","53","0","0","0",""
"2A","C3","1","5","true","75","depois","50","0","0","0","0","7.205572","8.081539","1","50","50","0","0","0",""
"2A","C3","1","5","true","80","depois","50","0","0","0","0","7.033697","9.54948","4","50","50","0","0","0",""
"2A","C3","1","5","true","85","depois","50","0","0","0","0","8.046822","8.975348","1","50","50","0","0","0",""
"2A","C3","1","5","true","90","depois","50","0","0","0","0","9.512782","10.113107","1","50","50","0","0","0",""
"2A","C3","1","5","true","95","depois","50","0","0","0","0","10.155581","10.943255","2","50","50","0","0","0",""
"2A","C3","1","5","true","100","depois","50","0","0","0","0","11.793827","12.128389","1","50","50","0","0","0",""
"2A","C3","1","5","true","105","depois","50","0","0","0","0","12.421921","13.316185","4","50","50","0","0","0",""
"2A","C3","1","5","true","110","depois","50","0","0","0","0","12.814117","1208.449771","1","50","50","0","0","0",""
"2A","C3","1","5","true","115","depois","50","0","0","0","0","7.047058","8.547166","0","50","50","0","0","0",""
"2A","C3","1","5","true","120","depois","50","0","0","0","0","15.088642","15.511171","0","50","50","0","0","0",""
"2A","C3","1","5","true","125","depois","50","0","0","0","0","16.121891","16.429123","0","50","50","0","0","0",""
"2A","C3","1","5","true","130","depois","50","0","0","0","0","17.145106","17.650634","2","50","50","0","0","0",""
"2A","C3","1","5","true","135","depois","50","0","0","0","0","18.178771","18.76456","2","50","50","0","0","0",""
"2A","C3","1","5","true","140","depois","50","0","0","0","0","18.66699","19.063843","2","50","50","0","0","0",""
"2A","C3","1","5","true","145","depois","50","0","0","0","0","7.085787","18.80799","1","50","50","0","0","0",""
"2A","C3","1","5","true","150","depois","50","0","0","0","0","7.028416","8.085303","2","50","50","0","0","0",""
"2A","C3","1","5","true","155","depois","50","0","0","0","0","7.003649","7.837534","3","50","50","0","0","0",""
"2A","C3","1","5","true","160","depois","50","0","0","0","0","7.29353","19.091561","2","50","50","0","0","0",""
"2A","C3","1","5","true","165","depois","50","0","0","0","0","18.838036","1064.983496","1","39","39","0","0","0",""
"2A","C3","1","5","true","170","depois","50","0","0","0","0","6.984779","8.301272","0","61","61","0","0","0",""
"2A","C3","1","5","true","175","depois","50","0","0","0","0","6.929225","8.00749","2","50","50","0","0","0",""
"2A","C3","1","5","true","180","depois","50","0","0","0","0","7.059278","7.836479","3","50","50","0","0","0",""
"2A","C3","1","5","true","185","depois","50","0","0","0","0","7.002255","7.472133","0","50","50","0","0","0",""
"2A","C3","1","5","true","190","depois","50","0","0","0","0","7.272346","7.834083","1","50","50","0","0","0",""
"2A","C3","1","5","true","195","depois","50","0","0","0","0","6.969073","7.728814","4","50","50","0","0","0",""
"2A","C3","1","5","true","200","depois","50","0","0","0","0","6.958239","7.546322","2","50","50","0","0","0",""
"2A","C3","1","5","true","205","depois","50","0","0","0","0","7.00705","7.629583","3","50","50","0","0","0",""
"2A","C3","1","5","true","210","depois","50","0","0","0","0","7.00277","7.644863","1","50","50","0","0","0",""
"2A","C3","1","5","true","215","depois","50","0","0","0","0","6.966688","7.59437","1","50","50","0","0","0",""
"2A","C3","1","5","true","220","depois","50","0","0","0","0","6.967859","7.439794","2","50","50","0","0","0",""
"2A","C3","1","5","true","225","depois","50","0","0","0","0","7.234443","908.187402","3","50","50","0","0","0",""
"2A","C3","1","5","true","230","depois","50","0","0","0","0","7.030198","7.442313","2","50","50","0","0","0",""
"2A","C3","1","5","true","235","depois","46","0","0","0","0","7.078883","7.97335","0","50","50","0","0","0",""
"2A","C3","1","5","true","240","depois","0","","0","0","0","","","0","0","0","0","0","0",""
"2A","C3","1","5","true","245","depois","0","","0","0","0","","","0","0","0","0","0","0",""
"2A","C3","1","5","true","250","depois","0","","0","0","0","","","0","0","0","0","0","0",""
"2A","C3","2","3","true","-120","aquecimento","50","0","0","0","0","7.176583","7.57671","0","50","50","0","0","0",""
"2A","C3","2","3","true","-115","aquecimento","50","0","0","0","0","7.392285","480.276963","0","50","50","0","0","0",""
"2A","C3","2","3","true","-110","aquecimento","50","0","0","0","0","7.340091","372.390648","5","50","50","0","0","0",""
"2A","C3","2","3","true","-105","aquecimento","50","0","0","0","0","7.07543","7.834655","0","50","50","0","0","0",""
"2A","C3","2","3","true","-100","aquecimento","50","0","0","0","0","7.500498","19.034987","1","50","50","0","0","0",""
"2A","C3","2","3","true","-95","aquecimento","50","0","0","0","0","7.500082","8.544197","1","50","50","0","0","0",""
"2A","C3","2","3","true","-90","aquecimento","50","0","0","0","0","10.337183","452.638306","1","50","50","0","0","0",""
"2A","C3","2","3","true","-85","aquecimento","50","0","0","0","0","7.117409","9.074064","0","50","50","0","0","0",""
"2A","C3","2","3","true","-80","aquecimento","50","0","0","0","0","7.148074","8.507507","5","50","50","0","0","0",""
"2A","C3","2","3","true","-75","aquecimento","50","0","0","0","0","7.100704","7.988091","1","50","50","0","0","0",""
"2A","C3","2","3","true","-70","aquecimento","50","0","0","0","0","7.245046","8.252623","1","50","50","0","0","0",""
"2A","C3","2","3","true","-65","aquecimento","50","0","0","0","0","7.423839","7.934869","2","50","50","0","0","0",""
"2A","C3","2","3","true","-60","antes","50","0","0","0","0","7.434976","10.670823","2","50","50","0","0","0",""
"2A","C3","2","3","true","-55","antes","50","0","0","0","0","7.424024","8.725609","3","50","50","0","0","0",""
"2A","C3","2","3","true","-50","antes","50","0","0","0","0","7.580425","8.332472","2","50","50","0","0","0",""
"2A","C3","2","3","true","-45","antes","50","0","0","0","0","7.271034","8.013552","2","50","50","0","0","0",""
"2A","C3","2","3","true","-40","antes","50","0","0","0","0","7.134777","7.777866","2","50","50","0","0","0",""
"2A","C3","2","3","true","-35","antes","50","0","0","0","0","7.217453","10.936804","1","50","50","0","0","0",""
"2A","C3","2","3","true","-30","antes","50","0","0","0","0","7.835033","723.819538","1","50","50","0","0","0",""
"2A","C3","2","3","true","-25","antes","50","0","0","0","0","7.24485","7.766789","3","50","50","0","0","0",""
"2A","C3","2","3","true","-20","antes","50","0","0","0","0","7.207341","7.76756","0","50","50","0","0","0",""
"2A","C3","2","3","true","-15","antes","50","0","0","0","0","7.183965","7.990436","1","50","50","0","0","0",""
"2A","C3","2","3","true","-10","antes","50","0","0","0","0","7.200614","7.630516","5","50","50","0","0","0",""
"2A","C3","2","3","true","-5","antes","49","0","0","0","0","7.276153","7.827305","4","50","50","0","0","0",""
"2A","C3","2","3","true","0","falha","31","100","31","0","0","3305.000104","3307.028664","1","1","1","2","1.194122","0","inicio_falha"
"2A","C3","2","3","true","5","falha","70","100","70","0","0","0.541136","3306.277582","0","0","0","2","5","0",""
"2A","C3","2","3","true","10","falha","50","100","50","0","0","0.519982","0.592893","0","0","0","2","5","0",""
"2A","C3","2","3","true","15","falha","17","100","17","0","0","0.517862","0.623644","0","0","0","2","1.899578","0",""
"2A","C3","2","3","true","20","falha","83","100","83","0","0","0.583213","3306.523873","0","0","0","2","4.796262","0",""
"2A","C3","2","3","true","25","falha","50","100","50","0","0","0.524876","0.606782","0","0","0","2","5","0",""
"2A","C3","2","3","true","30","falha","31","100","31","0","0","0.509382","0.602109","0","0","0","2","3.299447","0",""
"2A","C3","2","3","true","35","falha","69","100","69","0","0","0.658287","3306.611254","0","0","0","2","3.395551","0",""
"2A","C3","2","3","true","40","falha","50","100","50","0","0","0.485603","0.579384","0","0","0","2","5","0",""
"2A","C3","2","3","true","45","falha","45","100","45","0","0","0.521369","0.603418","0","0","0","2","4.69865","0",""
"2A","C3","2","3","true","50","falha","43","100","43","0","0","3304.630548","3306.74746","0","0","0","2","1.99588","0",""
"2A","C3","2","3","true","55","falha","62","100","62","0","0","0.49135","3306.803111","0","0","0","2","5","0","fim_falha"
"2A","C3","2","3","true","60","depois","50","100","50","0","0","0.487954","0.557698","0","0","0","2","5","0",""
"2A","C3","2","3","true","65","depois","50","18","9","0","0","407.98387","825.194949","0","16","16","2","1.097695","0",""
"2A","C3","2","3","true","70","depois","50","0","0","0","0","8.326052","9.806908","0","73","73","0","0","0",""
"2A","C3","2","3","true","75","depois","50","0","0","0","0","9.196498","10.226324","0","50","50","0","0","0",""
"2A","C3","2","3","true","80","depois","50","0","0","0","0","7.108008","7.380703","2","50","50","0","0","0",""
"2A","C3","2","3","true","85","depois","50","0","0","0","0","10.895721","11.401603","1","50","50","0","0","0",""
"2A","C3","2","3","true","90","depois","50","0","0","0","0","297.168087","1031.744456","1","50","50","0","0","0",""
"2A","C3","2","3","true","95","depois","50","0","0","0","0","7.113888","11.929801","0","50","50","0","0","0",""
"2A","C3","2","3","true","100","depois","50","0","0","0","0","13.06138","13.295622","1","50","50","0","0","0",""
"2A","C3","2","3","true","105","depois","50","0","0","0","0","13.904562","14.36474","1","50","50","0","0","0",""
"2A","C3","2","3","true","110","depois","50","0","0","0","0","7.462691","15.037887","1","50","50","0","0","0",""
"2A","C3","2","3","true","115","depois","50","0","0","0","0","7.187095","15.274022","1","50","50","0","0","0",""
"2A","C3","2","3","true","120","depois","50","0","0","0","0","16.140001","16.535031","1","50","50","0","0","0",""
"2A","C3","2","3","true","125","depois","50","0","0","0","0","17.125519","17.694983","1","50","50","0","0","0",""
"2A","C3","2","3","true","130","depois","50","0","0","0","0","18.078114","18.368763","1","50","50","0","0","0",""
"2A","C3","2","3","true","135","depois","50","0","0","0","0","18.856656","19.481599","2","50","50","0","0","0",""
"2A","C3","2","3","true","140","depois","50","0","0","0","0","19.108621","882.568102","3","50","50","0","0","0",""
"2A","C3","2","3","true","145","depois","50","0","0","0","0","7.077182","18.917174","0","50","50","0","0","0",""
"2A","C3","2","3","true","150","depois","50","0","0","0","0","7.170906","13.063099","1","50","50","0","0","0",""
"2A","C3","2","3","true","155","depois","50","0","0","0","0","7.597249","19.26048","3","50","50","0","0","0",""
"2A","C3","2","3","true","160","depois","50","0","0","0","0","7.387219","19.285273","1","50","50","0","0","0",""
"2A","C3","2","3","true","165","depois","50","0","0","0","0","7.107003","15.760877","0","50","50","0","0","0",""
"2A","C3","2","3","true","170","depois","50","0","0","0","0","7.127385","19.474332","5","50","50","0","0","0",""
"2A","C3","2","3","true","175","depois","50","0","0","0","0","7.135295","7.72148","2","50","50","0","0","0",""
"2A","C3","2","3","true","180","depois","50","0","0","0","0","7.158548","7.456875","1","50","50","0","0","0",""
"2A","C3","2","3","true","185","depois","50","0","0","0","0","7.095038","7.748438","2","50","50","0","0","0",""
"2A","C3","2","3","true","190","depois","50","0","0","0","0","7.13563","8.049061","1","50","50","0","0","0",""
"2A","C3","2","3","true","195","depois","50","0","0","0","0","7.119365","7.640328","3","50","50","0","0","0",""
"2A","C3","2","3","true","200","depois","50","0","0","0","0","7.129541","7.615522","1","50","50","0","0","0",""
"2A","C3","2","3","true","205","depois","50","0","0","0","0","7.108919","7.796569","2","50","50","0","0","0",""
"2A","C3","2","3","true","210","depois","50","0","0","0","0","7.114433","7.654078","1","50","50","0","0","0",""
"2A","C3","2","3","true","215","depois","50","0","0","0","0","7.109827","7.619709","1","50","50","0","0","0",""
"2A","C3","2","3","true","220","depois","50","0","0","0","0","7.924567","1279.255747","2","43","43","0","0","0",""
"2A","C3","2","3","true","225","depois","50","0","0","0","0","7.123724","50.734946","4","57","57","0","0","0",""
"2A","C3","2","3","true","230","depois","50","0","0","0","0","446.250089","807.812328","0","15","15","0","0","0",""
"2A","C3","2","3","true","235","depois","48","0","0","0","0","7.129306","178.17582","32","85","85","0","0","0",""
"2A","C3","2","3","true","240","depois","0","","0","0","0","","","2","0","0","0","0","0",""
"2A","C3","2","3","true","245","depois","0","","0","0","0","","","0","0","0","0","0","0",""
"2A","C3","2","3","true","250","depois","0","","0","0","0","","","0","0","0","0","0","0",""
"2A","C3","3","5","true","-120","aquecimento","50","0","0","0","0","7.386103","8.107873","0","50","50","0","0","0",""
"2A","C3","3","5","true","-115","aquecimento","50","0","0","0","0","7.323857","8.391629","0","50","50","0","0","0",""
"2A","C3","3","5","true","-110","aquecimento","50","0","0","0","0","7.189394","8.601069","3","50","50","0","0","0",""
"2A","C3","3","5","true","-105","aquecimento","50","0","0","0","0","7.124966","7.744364","2","50","50","0","0","0",""
"2A","C3","3","5","true","-100","aquecimento","50","0","0","0","0","7.151658","7.963994","3","50","50","0","0","0",""
"2A","C3","3","5","true","-95","aquecimento","50","0","0","0","0","7.17693","7.553639","2","50","50","0","0","0",""
"2A","C3","3","5","true","-90","aquecimento","50","0","0","0","0","7.092815","7.682243","3","50","50","0","0","0",""
"2A","C3","3","5","true","-85","aquecimento","50","0","0","0","0","7.15341","7.55611","1","50","50","0","0","0",""
"2A","C3","3","5","true","-80","aquecimento","50","0","0","0","0","7.123604","12.98014","2","50","50","0","0","0",""
"2A","C3","3","5","true","-75","aquecimento","50","0","0","0","0","7.20885","7.687229","4","50","50","0","0","0",""
"2A","C3","3","5","true","-70","aquecimento","38","0","0","0","0","839.346345","1547.792744","3","12","12","0","0","0",""
"2A","C3","3","5","true","-65","aquecimento","54","0","0","0","0","791.402324","1217.168057","2","3","3","0","0","0",""
"2A","C3","3","5","true","-60","antes","58","0","0","0","0","9.311299","1170.508891","31","135","135","0","0","0",""
"2A","C3","3","5","true","-55","antes","50","0","0","0","0","7.231092","9.433111","79","50","50","0","0","0",""
"2A","C3","3","5","true","-50","antes","50","0","0","0","0","7.325834","8.26954","0","50","50","0","0","0",""
"2A","C3","3","5","true","-45","antes","50","0","0","0","0","7.241745","8.034556","4","50","50","0","0","0",""
"2A","C3","3","5","true","-40","antes","50","0","0","0","0","7.228309","7.594534","2","50","50","0","0","0",""
"2A","C3","3","5","true","-35","antes","50","0","0","0","0","7.254913","7.598643","4","50","50","0","0","0",""
"2A","C3","3","5","true","-30","antes","50","0","0","0","0","7.171762","7.609749","1","50","50","0","0","0",""
"2A","C3","3","5","true","-25","antes","50","0","0","0","0","7.23947","7.617006","4","50","50","0","0","0",""
"2A","C3","3","5","true","-20","antes","50","0","0","0","0","7.207727","7.845049","2","50","50","0","0","0",""
"2A","C3","3","5","true","-15","antes","50","0","0","0","0","7.296013","7.85528","3","50","50","0","0","0",""
"2A","C3","3","5","true","-10","antes","50","0","0","0","0","7.281783","965.031441","2","50","50","0","0","0",""
"2A","C3","3","5","true","-5","antes","49","0","0","0","0","7.226812","7.717393","3","50","50","0","0","0",""
"2A","C3","3","5","true","0","falha","31","100","31","0","0","3305.051143","3307.254762","2","0","0","2","1.293189","0","inicio_falha"
"2A","C3","3","5","true","5","falha","70","100","70","0","0","0.551465","3307.3773","0","0","0","2","5","0",""
"2A","C3","3","5","true","10","falha","50","100","50","0","0","0.531349","0.591975","0","0","0","2","5","0",""
"2A","C3","3","5","true","15","falha","17","100","17","0","0","0.53827","0.846837","0","0","0","2","1.800723","0",""
"2A","C3","3","5","true","20","falha","83","100","83","0","0","0.554544","3307.392999","0","0","0","2","4.890367","0",""
"2A","C3","3","5","true","25","falha","50","100","50","0","0","0.535768","0.60145","0","0","0","2","5","0",""
"2A","C3","3","5","true","30","falha","31","100","31","0","0","0.499373","0.593005","0","0","0","2","3.200088","0",""
"2A","C3","3","5","true","35","falha","69","100","69","0","0","1.944875","3307.195726","0","0","0","2","3.495038","0",""
"2A","C3","3","5","true","40","falha","50","100","50","0","0","0.522676","0.650828","0","0","0","2","5","0",""
"2A","C3","3","5","true","45","falha","45","100","45","0","0","0.532274","0.619289","0","0","0","2","4.600057","0",""
"2A","C3","3","5","true","50","falha","43","100","43","0","0","3304.95395","3307.021892","0","0","0","2","2.093935","0",""
"2A","C3","3","5","true","55","falha","62","100","62","0","0","0.54239","3306.923058","0","0","0","2","5","0","fim_falha"
"2A","C3","3","5","true","60","depois","50","100","50","0","0","0.515089","0.639311","0","0","0","2","5","0",""
"2A","C3","3","5","true","65","depois","50","18","9","0","0","7.524952","8.750542","0","40","40","2","0.99967","0",""
"2A","C3","3","5","true","70","depois","50","0","0","0","0","7.171783","7.734135","0","50","50","0","0","0",""
"2A","C3","3","5","true","75","depois","50","0","0","0","0","7.25461","7.73822","0","50","50","0","0","0",""
"2A","C3","3","5","true","80","depois","50","0","0","0","0","7.142417","7.426394","3","50","50","0","0","0",""
"2A","C3","3","5","true","85","depois","50","0","0","0","0","7.229195","7.738492","2","50","50","0","0","0",""
"2A","C3","3","5","true","90","depois","50","0","0","0","0","7.129734","7.577499","3","50","50","0","0","0",""
"2A","C3","3","5","true","95","depois","50","0","0","0","0","7.234618","7.522845","2","50","50","0","0","0",""
"2A","C3","3","5","true","100","depois","50","0","0","0","0","7.17556","7.705816","3","50","50","0","0","0",""
"2A","C3","3","5","true","105","depois","50","0","0","0","0","7.378358","7.835319","2","50","50","0","0","0",""
"2A","C3","3","5","true","110","depois","50","0","0","0","0","7.175357","7.740803","3","50","50","0","0","0",""
"2A","C3","3","5","true","115","depois","50","0","0","0","0","7.198102","7.782805","2","50","50","0","0","0",""
"2A","C3","3","5","true","120","depois","50","0","0","0","0","9.357201","1632.229854","4","50","50","0","0","0",""
"2A","C3","3","5","true","125","depois","50","0","0","0","0","7.197573","7.896143","0","50","50","0","0","0",""
"2A","C3","3","5","true","130","depois","50","0","0","0","0","7.369514","7.756387","0","50","50","0","0","0",""
"2A","C3","3","5","true","135","depois","50","0","0","0","0","7.278321","7.765007","1","50","50","0","0","0",""
"2A","C3","3","5","true","140","depois","50","0","0","0","0","7.126064","7.633088","4","50","50","0","0","0",""
"2A","C3","3","5","true","145","depois","50","0","0","0","0","7.248033","7.980347","1","50","50","0","0","0",""
"2A","C3","3","5","true","150","depois","50","0","0","0","0","7.246804","7.610599","1","50","50","0","0","0",""
"2A","C3","3","5","true","155","depois","50","0","0","0","0","7.227503","7.81899","4","50","50","0","0","0",""
"2A","C3","3","5","true","160","depois","50","0","0","0","0","7.169326","7.584639","2","50","50","0","0","0",""
"2A","C3","3","5","true","165","depois","50","0","0","0","0","7.182476","8.191123","3","50","50","0","0","0",""
"2A","C3","3","5","true","170","depois","42","0","0","0","0","7.197748","7.71908","4","42","42","0","0","0",""
"2A","C3","3","5","true","175","depois","58","0","0","0","0","7.377125","651.004194","1","58","58","0","0","0",""
"2A","C3","3","5","true","180","depois","50","0","0","0","0","7.185055","7.542582","4","50","50","0","0","0",""
"2A","C3","3","5","true","185","depois","50","0","0","0","0","8.764885","10.043068","0","50","50","0","0","0",""
"2A","C3","3","5","true","190","depois","50","0","0","0","0","7.379671","9.949151","0","50","50","0","0","0",""
"2A","C3","3","5","true","195","depois","50","0","0","0","0","7.357228","10.662534","5","50","50","0","0","0",""
"2A","C3","3","5","true","200","depois","50","0","0","0","0","7.353003","10.861407","0","50","50","0","0","0",""
"2A","C3","3","5","true","205","depois","50","0","0","0","0","7.370399","11.054013","5","50","50","0","0","0",""
"2A","C3","3","5","true","210","depois","50","0","0","0","0","11.645566","12.151678","2","50","50","0","0","0",""
"2A","C3","3","5","true","215","depois","50","0","0","0","0","12.783384","13.372635","2","50","50","0","0","0",""
"2A","C3","3","5","true","220","depois","50","0","0","0","0","13.763174","14.499821","2","50","50","0","0","0",""
"2A","C3","3","5","true","225","depois","50","0","0","0","0","14.774302","15.214848","4","50","50","0","0","0",""
"2A","C3","3","5","true","230","depois","50","0","0","0","0","15.723814","16.0388","4","50","50","0","0","0",""
"2A","C3","3","5","true","235","depois","50","0","0","0","0","7.753698","950.392996","4","50","50","0","0","0",""
"2A","C3","3","5","true","240","depois","0","","0","0","0","","","0","1","1","0","0","0",""
"2A","C3","3","5","true","245","depois","0","","0","0","0","","","0","0","0","0","0","0",""
"2A","C3","3","5","true","250","depois","0","","0","0","0","","","0","0","0","0","0","0",""
"2A","C3","4","1","true","-120","aquecimento","51","0","0","0","0","7.176032","8.100008","0","50","50","0","0","0",""
"2A","C3","4","1","true","-115","aquecimento","50","0","0","0","0","7.049637","7.975556","1","50","50","0","0","0",""
"2A","C3","4","1","true","-110","aquecimento","50","0","0","0","0","7.0181","8.054701","4","50","50","0","0","0",""
"2A","C3","4","1","true","-105","aquecimento","50","0","0","0","0","7.006804","7.273578","1","50","50","0","0","0",""
"2A","C3","4","1","true","-100","aquecimento","50","0","0","0","0","7.128904","7.792935","3","50","50","0","0","0",""
"2A","C3","4","1","true","-95","aquecimento","49","0","0","0","0","7.717865","9.595725","5","50","50","0","0","0",""
"2A","C3","4","1","true","-90","aquecimento","51","0","0","0","0","7.412476","8.742476","0","50","50","0","0","0",""
"2A","C3","4","1","true","-85","aquecimento","50","0","0","0","0","7.633081","8.300764","5","50","50","0","0","0",""
"2A","C3","4","1","true","-80","aquecimento","50","0","0","0","0","7.022114","7.473744","0","50","50","0","0","0",""
"2A","C3","4","1","true","-75","aquecimento","50","0","0","0","0","7.216574","7.828326","1","50","50","0","0","0",""
"2A","C3","4","1","true","-70","aquecimento","50","0","0","0","0","7.825321","9.031211","4","50","50","0","0","0",""
"2A","C3","4","1","true","-65","aquecimento","50","0","0","0","0","7.469631","8.282115","2","50","50","0","0","0",""
"2A","C3","4","1","true","-60","antes","50","0","0","0","0","7.251335","7.888955","3","50","50","0","0","0",""
"2A","C3","4","1","true","-55","antes","50","0","0","0","0","7.368464","11.641521","4","50","50","0","0","0",""
"2A","C3","4","1","true","-50","antes","50","0","0","0","0","7.370757","8.17554","2","50","50","0","0","0",""
"2A","C3","4","1","true","-45","antes","50","0","0","0","0","7.379431","8.494327","4","50","50","0","0","0",""
"2A","C3","4","1","true","-40","antes","39","0","0","0","0","7.036212","7.606425","3","40","40","0","0","0",""
"2A","C3","4","1","true","-35","antes","61","0","0","0","0","331.84957","1631.74262","2","60","60","0","0","0",""
"2A","C3","4","1","true","-30","antes","50","0","0","0","0","7.132695","7.895815","1","50","50","0","0","0",""
"2A","C3","4","1","true","-25","antes","50","0","0","0","0","7.347262","8.906855","0","50","50","0","0","0",""
"2A","C3","4","1","true","-20","antes","50","0","0","0","0","7.50648","9.092569","5","50","50","0","0","0",""
"2A","C3","4","1","true","-15","antes","50","0","0","0","0","7.218489","7.856102","4","50","50","0","0","0",""
"2A","C3","4","1","true","-10","antes","50","0","0","0","0","7.113604","7.519729","1","50","50","0","0","0",""
"2A","C3","4","1","true","-5","antes","49","0","0","0","0","7.109107","7.854865","3","50","50","0","0","0",""
"2A","C3","4","1","true","0","falha","31","100","31","0","0","3305.002267","3306.699886","0","0","0","2","1.294302","0","inicio_falha"
"2A","C3","4","1","true","5","falha","70","100","70","0","0","0.533137","3306.941508","0","0","0","2","5","0",""
"2A","C3","4","1","true","10","falha","50","100","50","0","0","0.525763","0.659282","0","0","0","2","5","0",""
"2A","C3","4","1","true","15","falha","17","100","17","0","0","0.523886","0.635906","0","0","0","2","1.800468","0",""
"2A","C3","4","1","true","20","falha","83","100","83","0","0","0.544366","3307.156776","0","0","0","2","4.894048","0",""
"2A","C3","4","1","true","25","falha","50","100","50","0","0","0.513333","0.575943","0","0","0","2","5","0",""
"2A","C3","4","1","true","30","falha","31","100","31","0","0","0.487027","0.574524","0","0","0","2","3.201088","0",""
"2A","C3","4","1","true","35","falha","69","100","69","0","0","0.861095","3307.147303","0","0","0","2","3.493267","0",""
"2A","C3","4","1","true","40","falha","50","100","50","0","0","0.503646","0.563786","0","0","0","2","5","0",""
"2A","C3","4","1","true","45","falha","45","100","45","0","0","0.517175","0.577858","0","0","0","2","4.599858","0",""
"2A","C3","4","1","true","50","falha","43","100","43","0","0","3304.641072","3307.11128","0","0","0","2","2.095164","0",""
"2A","C3","4","1","true","55","falha","62","100","62","0","0","0.507131","3306.033041","0","0","0","2","5","0","fim_falha"
"2A","C3","4","1","true","60","depois","50","100","50","0","0","0.542838","0.611638","0","0","0","2","5","0",""
"2A","C3","4","1","true","65","depois","50","18","9","0","0","7.724647","11.130094","0","40","40","2","0.999595","0",""
"2A","C3","4","1","true","70","depois","50","0","0","0","0","7.48523","9.106996","5","50","50","0","0","0",""
"2A","C3","4","1","true","75","depois","50","0","0","0","0","7.228582","7.971932","0","50","50","0","0","0",""
"2A","C3","4","1","true","80","depois","50","0","0","0","0","7.198589","7.915094","1","50","50","0","0","0",""
"2A","C3","4","1","true","85","depois","50","0","0","0","0","7.077107","7.670917","4","50","50","0","0","0",""
"2A","C3","4","1","true","90","depois","50","0","0","0","0","7.123941","8.335756","2","50","50","0","0","0",""
"2A","C3","4","1","true","95","depois","50","0","0","0","0","7.225496","7.861518","3","50","50","0","0","0",""
"2A","C3","4","1","true","100","depois","48","0","0","0","0","7.203153","7.682618","2","48","48","0","0","0",""
"2A","C3","4","1","true","105","depois","52","0","0","0","0","7.440822","1350.322107","0","52","52","0","0","0",""
"2A","C3","4","1","true","110","depois","44","0","0","0","0","7.432126","587.165173","0","26","26","0","0","0",""
"2A","C3","4","1","true","115","depois","50","0","0","0","0","764.062987","1134.878039","28","4","4","0","0","0",""
"2A","C3","4","1","true","120","depois","56","0","0","0","0","9.362067","710.89424","34","120","120","0","0","0",""
"2A","C3","4","1","true","125","depois","50","0","0","0","0","7.909035","8.912862","37","50","50","0","0","0",""
"2A","C3","4","1","true","130","depois","50","0","0","0","0","8.778426","9.686075","1","50","50","0","0","0",""
"2A","C3","4","1","true","135","depois","50","0","0","0","0","7.133383","8.941164","1","50","50","0","0","0",""
"2A","C3","4","1","true","140","depois","50","0","0","0","0","9.909856","10.925665","4","50","50","0","0","0",""
"2A","C3","4","1","true","145","depois","50","0","0","0","0","7.152717","7.869027","2","50","50","0","0","0",""
"2A","C3","4","1","true","150","depois","50","0","0","0","0","7.249745","8.070288","3","50","50","0","0","0",""
"2A","C3","4","1","true","155","depois","50","0","0","0","0","8.364883","11.964976","2","50","50","0","0","0",""
"2A","C3","4","1","true","160","depois","50","0","0","0","0","11.797642","13.060427","0","50","50","0","0","0",""
"2A","C3","4","1","true","165","depois","44","0","0","0","0","7.208892","8.022741","2","44","44","0","0","0",""
"2A","C3","4","1","true","170","depois","56","0","0","0","0","13.78675","1460.911431","4","56","56","0","0","0",""
"2A","C3","4","1","true","175","depois","50","0","0","0","0","7.224892","7.529263","3","50","50","0","0","0",""
"2A","C3","4","1","true","180","depois","50","0","0","0","0","7.221984","14.745477","2","50","50","0","0","0",""
"2A","C3","4","1","true","185","depois","50","0","0","0","0","7.26638","15.150136","2","50","50","0","0","0",""
"2A","C3","4","1","true","190","depois","50","0","0","0","0","7.390111","15.316075","3","50","50","0","0","0",""
"2A","C3","4","1","true","195","depois","50","0","0","0","0","7.187737","7.720048","2","50","50","0","0","0",""
"2A","C3","4","1","true","200","depois","50","0","0","0","0","7.194268","7.966539","4","50","50","0","0","0",""
"2A","C3","4","1","true","205","depois","50","0","0","0","0","7.102184","7.696229","1","50","50","0","0","0",""
"2A","C3","4","1","true","210","depois","50","0","0","0","0","7.570315","17.638506","4","50","50","0","0","0",""
"2A","C3","4","1","true","215","depois","50","0","0","0","0","17.855739","18.799032","2","50","50","0","0","0",""
"2A","C3","4","1","true","220","depois","50","0","0","0","0","18.75155","19.09178","3","50","50","0","0","0",""
"2A","C3","4","1","true","225","depois","50","0","0","0","0","19.088331","19.364283","2","50","50","0","0","0",""
"2A","C3","4","1","true","230","depois","50","0","0","0","0","18.992949","19.422961","2","50","50","0","0","0",""
"2A","C3","4","1","true","235","depois","50","0","0","0","0","7.440431","918.932817","1","50","50","0","0","0",""
"2A","C3","4","1","true","240","depois","0","","0","0","0","","","0","1","1","0","0","0",""
"2A","C3","4","1","true","245","depois","0","","0","0","0","","","0","0","0","0","0","0",""
"2A","C3","4","1","true","250","depois","0","","0","0","0","","","0","0","0","0","0","0",""
"2A","C3","4","1","true","255","depois","0","","0","0","0","","","","0","0","0","0","0",""
"2A","C3","5","4","true","-120","aquecimento","50","0","0","0","0","7.243124","7.706974","0","50","50","0","0","0",""
"2A","C3","5","4","true","-115","aquecimento","50","0","0","0","0","7.160014","7.597795","0","50","50","0","0","0",""
"2A","C3","5","4","true","-110","aquecimento","50","0","0","0","0","7.236558","7.786846","1","50","50","0","0","0",""
"2A","C3","5","4","true","-105","aquecimento","50","0","0","0","0","7.112197","8.189655","4","50","50","0","0","0",""
"2A","C3","5","4","true","-100","aquecimento","50","0","0","0","0","7.086713","7.404575","4","50","50","0","0","0",""
"2A","C3","5","4","true","-95","aquecimento","50","0","0","0","0","7.209229","7.66859","1","50","50","0","0","0",""
"2A","C3","5","4","true","-90","aquecimento","45","0","0","0","0","7.174872","8.160734","1","47","47","0","0","0",""
"2A","C3","5","4","true","-85","aquecimento","50","0","0","0","0","9.631817","1142.443207","1","49","49","0","0","0",""
"2A","C3","5","4","true","-80","aquecimento","55","0","0","0","0","656.075464","1255.157192","0","54","54","0","0","0",""
"2A","C3","5","4","true","-75","aquecimento","50","0","0","0","0","7.174667","7.564824","7","50","50","0","0","0",""
"2A","C3","5","4","true","-70","aquecimento","50","0","0","0","0","7.120731","7.589676","1","50","50","0","0","0",""
"2A","C3","5","4","true","-65","aquecimento","50","0","0","0","0","7.2116","7.792255","2","50","50","0","0","0",""
"2A","C3","5","4","true","-60","antes","50","0","0","0","0","7.141541","7.626784","2","50","50","0","0","0",""
"2A","C3","5","4","true","-55","antes","50","0","0","0","0","7.177432","7.941119","1","50","50","0","0","0",""
"2A","C3","5","4","true","-50","antes","50","0","0","0","0","7.3164","8.140565","4","50","50","0","0","0",""
"2A","C3","5","4","true","-45","antes","50","0","0","0","0","7.209034","7.726532","3","50","50","0","0","0",""
"2A","C3","5","4","true","-40","antes","46","0","0","0","0","7.283277","7.637109","2","49","49","0","0","0",""
"2A","C3","5","4","true","-35","antes","54","0","0","0","0","7.278892","838.339799","2","51","51","0","0","0",""
"2A","C3","5","4","true","-30","antes","50","0","0","0","0","7.192902","8.02702","2","50","50","0","0","0",""
"2A","C3","5","4","true","-25","antes","50","0","0","0","0","7.179349","7.717865","2","50","50","0","0","0",""
"2A","C3","5","4","true","-20","antes","50","0","0","0","0","7.210358","7.790081","4","50","50","0","0","0",""
"2A","C3","5","4","true","-15","antes","50","0","0","0","0","7.228535","7.6804","3","50","50","0","0","0",""
"2A","C3","5","4","true","-10","antes","50","0","0","0","0","7.137727","7.971038","0","50","50","0","0","0",""
"2A","C3","5","4","true","-5","antes","47","0","0","0","0","7.170902","7.95048","2","50","50","0","0","0",""
"2A","C3","5","4","true","0","falha","35","100","35","0","0","3305.007298","3307.068076","3","0","0","2","1.294555","0","inicio_falha"
"2A","C3","5","4","true","5","falha","68","100","68","0","0","0.508095","3306.535598","0","0","0","2","5","0",""
"2A","C3","5","4","true","10","falha","50","100","50","0","0","0.496633","0.573747","0","0","0","2","5","0",""
"2A","C3","5","4","true","15","falha","18","100","18","0","0","0.50248","3305.546799","0","0","0","2","1.799673","0",""
"2A","C3","5","4","true","20","falha","82","100","82","0","0","0.550847","3307.049061","0","0","0","2","4.895636","0",""
"2A","C3","5","4","true","25","falha","50","100","50","0","0","0.517095","0.560852","0","0","0","2","5","0",""
"2A","C3","5","4","true","30","falha","29","100","29","0","0","0.521389","0.595599","0","0","0","2","3.200029","0",""
"2A","C3","5","4","true","35","falha","71","100","71","0","0","0.609208","3306.172597","0","0","0","2","3.493715","0",""
"2A","C3","5","4","true","40","falha","50","100","50","0","0","0.493453","0.563589","0","0","0","2","5","0",""
"2A","C3","5","4","true","45","falha","43","100","43","0","0","0.496268","0.561372","0","0","0","2","4.598841","0",""
"2A","C3","5","4","true","50","falha","47","100","47","0","0","3305.0691","3306.612072","0","0","0","2","2.095024","0",""
"2A","C3","5","4","true","55","falha","60","100","60","0","0","0.53191","3306.16888","0","0","0","2","5","0","fim_falha"
"2A","C3","5","4","true","60","depois","50","100","50","0","0","0.539526","0.692424","0","0","0","2","5","0",""
"2A","C3","5","4","true","65","depois","50","14","7","0","0","19.011675","19.868051","0","40","40","2","0.998395","0",""
"2A","C3","5","4","true","70","depois","50","0","0","0","0","19.132336","19.608784","0","50","50","0","0","0",""
"2A","C3","5","4","true","75","depois","50","0","0","0","0","19.15059","20.082729","1","50","50","0","0","0",""
"2A","C3","5","4","true","80","depois","50","0","0","0","0","7.275318","7.818689","1","50","50","0","0","0",""
"2A","C3","5","4","true","85","depois","50","0","0","0","0","18.984537","19.539296","1","50","50","0","0","0",""
"2A","C3","5","4","true","90","depois","50","0","0","0","0","7.103221","19.497857","0","50","50","0","0","0",""
"2A","C3","5","4","true","95","depois","50","0","0","0","0","7.097597","7.635239","4","50","50","0","0","0",""
"2A","C3","5","4","true","100","depois","50","0","0","0","0","7.119808","7.979393","2","50","50","0","0","0",""
"2A","C3","5","4","true","105","depois","50","0","0","0","0","7.167049","766.255554","1","50","50","0","0","0",""
"2A","C3","5","4","true","110","depois","50","0","0","0","0","7.258067","7.779364","5","50","50","0","0","0",""
"2A","C3","5","4","true","115","depois","50","0","0","0","0","7.072269","7.737264","4","50","50","0","0","0",""
"2A","C3","5","4","true","120","depois","50","0","0","0","0","7.25596","8.038984","1","50","50","0","0","0",""
"2A","C3","5","4","true","125","depois","50","0","0","0","0","7.196257","7.679403","2","50","50","0","0","0",""
"2A","C3","5","4","true","130","depois","50","0","0","0","0","7.303072","8.167403","3","50","50","0","0","0",""
"2A","C3","5","4","true","135","depois","50","0","0","0","0","7.180728","7.555149","2","50","50","0","0","0",""
"2A","C3","5","4","true","140","depois","50","0","0","0","0","7.110884","8.224981","5","50","50","0","0","0",""
"2A","C3","5","4","true","145","depois","50","0","0","0","0","7.161807","7.771545","3","50","50","0","0","0",""
"2A","C3","5","4","true","150","depois","50","0","0","0","0","7.315194","7.851135","2","50","50","0","0","0",""
"2A","C3","5","4","true","155","depois","50","0","0","0","0","7.473108","998.363096","2","50","50","0","0","0",""
"2A","C3","5","4","true","160","depois","50","0","0","0","0","7.224743","7.737804","2","50","50","0","0","0",""
"2A","C3","5","4","true","165","depois","50","0","0","0","0","7.152345","7.55088","0","50","50","0","0","0",""
"2A","C3","5","4","true","170","depois","50","0","0","0","0","7.311139","8.130744","3","50","50","0","0","0",""
"2A","C3","5","4","true","175","depois","50","0","0","0","0","7.178022","7.779956","1","50","50","0","0","0",""
"2A","C3","5","4","true","180","depois","50","0","0","0","0","7.24979","7.941506","4","50","50","0","0","0",""
"2A","C3","5","4","true","185","depois","50","0","0","0","0","7.101709","7.459057","0","50","50","0","0","0",""
"2A","C3","5","4","true","190","depois","50","0","0","0","0","7.382013","8.224123","3","50","50","0","0","0",""
"2A","C3","5","4","true","195","depois","50","0","0","0","0","7.177338","7.528161","1","50","50","0","0","0",""
"2A","C3","5","4","true","200","depois","50","0","0","0","0","7.238529","8.278693","4","50","50","0","0","0",""
"2A","C3","5","4","true","205","depois","50","0","0","0","0","7.240483","7.627602","4","50","50","0","0","0",""
"2A","C3","5","4","true","210","depois","50","0","0","0","0","7.137584","7.807505","2","50","50","0","0","0",""
"2A","C3","5","4","true","215","depois","50","0","0","0","0","7.679313","1931.010313","2","50","50","0","0","0",""
"2A","C3","5","4","true","220","depois","50","0","0","0","0","7.280491","7.999703","2","50","50","0","0","0",""
"2A","C3","5","4","true","225","depois","50","0","0","0","0","7.217674","7.754722","0","50","50","0","0","0",""
"2A","C3","5","4","true","230","depois","50","0","0","0","0","7.266836","7.705785","5","50","50","0","0","0",""
"2A","C3","5","4","true","235","depois","47","0","0","0","0","7.132646","7.519342","3","50","50","0","0","0",""
"2A","C3","5","4","true","240","depois","0","","0","0","0","","","4","0","0","0","0","0",""
"2A","C3","5","4","true","245","depois","0","","0","0","0","","","0","0","0","0","0","0",""
"2A","C3","5","4","true","250","depois","0","","0","0","0","","","0","0","0","0","0","0",""
"2A","C3","5","4","true","255","depois","0","","0","0","0","","","","0","0","0","0","0",""
"2A","C3","6","5","true","-120","aquecimento","50","0","0","0","0","7.207212","7.590455","0","50","50","0","0","0",""
"2A","C3","6","5","true","-115","aquecimento","50","0","0","0","0","7.13355","7.55835","0","50","50","0","0","0",""
"2A","C3","6","5","true","-110","aquecimento","50","0","0","0","0","7.11003","7.620521","1","50","50","0","0","0",""
"2A","C3","6","5","true","-105","aquecimento","50","0","0","0","0","7.043039","7.692795","4","50","50","0","0","0",""
"2A","C3","6","5","true","-100","aquecimento","46","0","0","0","0","7.136512","7.966055","3","50","50","0","0","0",""
"2A","C3","6","5","true","-95","aquecimento","54","0","0","0","0","7.446373","793.567609","2","50","50","0","0","0",""
"2A","C3","6","5","true","-90","aquecimento","50","0","0","0","0","7.160976","7.700531","2","50","50","0","0","0",""
"2A","C3","6","5","true","-85","aquecimento","50","0","0","0","0","7.118743","7.51582","3","50","50","0","0","0",""
"2A","C3","6","5","true","-80","aquecimento","50","0","0","0","0","7.125133","7.466866","5","50","50","0","0","0",""
"2A","C3","6","5","true","-75","aquecimento","50","0","0","0","0","7.053562","7.592363","0","50","50","0","0","0",""
"2A","C3","6","5","true","-70","aquecimento","50","0","0","0","0","7.167457","7.461119","1","50","50","0","0","0",""
"2A","C3","6","5","true","-65","aquecimento","50","0","0","0","0","7.082262","7.664731","4","50","50","0","0","0",""
"2A","C3","6","5","true","-60","antes","50","0","0","0","0","7.098788","7.666746","2","50","50","0","0","0",""
"2A","C3","6","5","true","-55","antes","50","0","0","0","0","7.084626","7.767226","4","50","50","0","0","0",""
"2A","C3","6","5","true","-50","antes","50","0","0","0","0","7.215642","7.886526","2","50","50","0","0","0",""
"2A","C3","6","5","true","-45","antes","50","0","0","0","0","7.210678","561.383546","1","50","50","0","0","0",""
"2A","C3","6","5","true","-40","antes","50","0","0","0","0","7.123444","7.549545","5","50","50","0","0","0",""
"2A","C3","6","5","true","-35","antes","50","0","0","0","0","7.102803","7.677022","1","50","50","0","0","0",""
"2A","C3","6","5","true","-30","antes","50","0","0","0","0","7.129393","7.77204","3","50","50","0","0","0",""
"2A","C3","6","5","true","-25","antes","50","0","0","0","0","7.114615","7.944005","3","50","50","0","0","0",""
"2A","C3","6","5","true","-20","antes","50","0","0","0","0","7.122304","7.507572","3","50","50","0","0","0",""
"2A","C3","6","5","true","-15","antes","50","0","0","0","0","7.100681","7.666954","2","50","50","0","0","0",""
"2A","C3","6","5","true","-10","antes","50","0","0","0","0","7.152186","7.484882","2","50","50","0","0","0",""
"2A","C3","6","5","true","-5","antes","41","0","0","0","0","7.115877","7.375918","3","50","50","0","0","0",""
"2A","C3","6","5","true","0","falha","47","100","47","0","0","3305.092718","3307.228846","3","0","0","2","1.292372","0","inicio_falha"
"2A","C3","6","5","true","5","falha","62","100","62","0","0","0.500243","3304.639246","0","0","0","2","5","0",""
"2A","C3","6","5","true","10","falha","50","100","50","0","0","0.497418","0.548179","0","0","0","2","5","0",""
"2A","C3","6","5","true","15","falha","24","100","24","0","0","0.54929","3306.471151","0","0","0","2","1.798449","0",""
"2A","C3","6","5","true","20","falha","76","100","76","0","0","0.525555","3306.991012","0","0","0","2","4.896865","0",""
"2A","C3","6","5","true","25","falha","50","100","50","0","0","0.503259","0.632276","0","0","0","2","5","0",""
"2A","C3","6","5","true","30","falha","23","100","23","0","0","0.535952","0.564122","0","0","0","2","3.198872","0",""
"2A","C3","6","5","true","35","falha","77","100","77","0","0","0.535168","3306.4375","0","0","0","2","3.497483","0",""
"2A","C3","6","5","true","40","falha","50","100","50","0","0","0.503099","0.593059","0","0","0","2","5","0",""
"2A","C3","6","5","true","45","falha","37","100","37","0","0","0.498889","0.535935","0","0","0","2","4.597507","0",""
"2A","C3","6","5","true","50","falha","59","100","59","0","0","3304.498505","3306.85756","0","0","0","2","2.097212","0",""
"2A","C3","6","5","true","55","falha","54","100","54","0","0","0.51874","3304.959917","0","0","0","2","5","0","fim_falha"
"2A","C3","6","5","true","60","depois","50","100","50","0","0","0.497083","0.567736","0","0","0","2","5","0",""
"2A","C3","6","5","true","65","depois","50","2","1","0","0","7.280176","8.002382","0","40","40","2","0.996482","0",""
"2A","C3","6","5","true","70","depois","50","0","0","0","0","7.32825","8.419019","0","50","50","0","0","0",""
"2A","C3","6","5","true","75","depois","50","0","0","0","0","7.193252","7.599957","1","50","50","0","0","0",""
"2A","C3","6","5","true","80","depois","50","0","0","0","0","7.13576","7.69887","1","50","50","0","0","0",""
"2A","C3","6","5","true","85","depois","50","0","0","0","0","7.099193","7.751965","1","50","50","0","0","0",""
"2A","C3","6","5","true","90","depois","50","0","0","0","0","7.150083","7.506744","3","50","50","0","0","0",""
"2A","C3","6","5","true","95","depois","50","0","0","0","0","7.074346","8.223411","3","50","50","0","0","0",""
"2A","C3","6","5","true","100","depois","50","0","0","0","0","7.082178","7.613146","1","50","50","0","0","0",""
"2A","C3","6","5","true","105","depois","50","0","0","0","0","7.070694","7.535668","1","50","50","0","0","0",""
"2A","C3","6","5","true","110","depois","50","0","0","0","0","7.078851","7.539121","3","50","50","0","0","0",""
"2A","C3","6","5","true","115","depois","37","0","0","0","0","7.072719","7.328824","2","45","45","0","0","0",""
"2A","C3","6","5","true","120","depois","63","0","0","0","0","7.152113","974.541036","1","55","55","0","0","0",""
"2A","C3","6","5","true","125","depois","50","0","0","0","0","7.068749","7.803797","4","50","50","0","0","0",""
"2A","C3","6","5","true","130","depois","50","0","0","0","0","7.305254","8.110886","5","50","50","0","0","0",""
"2A","C3","6","5","true","135","depois","50","0","0","0","0","7.172068","8.069359","1","50","50","0","0","0",""
"2A","C3","6","5","true","140","depois","50","0","0","0","0","7.107281","8.401845","3","50","50","0","0","0",""
"2A","C3","6","5","true","145","depois","50","0","0","0","0","7.080654","7.411484","4","50","50","0","0","0",""
"2A","C3","6","5","true","150","depois","50","0","0","0","0","7.233635","7.846308","2","50","50","0","0","0",""
"2A","C3","6","5","true","155","depois","50","0","0","0","0","7.093965","7.724899","2","50","50","0","0","0",""
"2A","C3","6","5","true","160","depois","50","0","0","0","0","7.143671","8.256717","2","50","50","0","0","0",""
"2A","C3","6","5","true","165","depois","50","0","0","0","0","7.109611","7.635968","2","50","50","0","0","0",""
"2A","C3","6","5","true","170","depois","50","0","0","0","0","7.177743","7.967992","3","50","50","0","0","0",""
"2A","C3","6","5","true","175","depois","50","0","0","0","0","7.142077","457.093946","3","50","50","0","0","0",""
"2A","C3","6","5","true","180","depois","41","0","0","0","0","7.188326","764.641241","2","36","36","0","0","0",""
"2A","C3","6","5","true","185","depois","59","0","0","0","0","519.726303","1446.865691","2","64","64","0","0","0",""
"2A","C3","6","5","true","190","depois","50","0","0","0","0","7.292967","8.315556","28","50","50","0","0","0",""
"2A","C3","6","5","true","195","depois","50","0","0","0","0","7.154309","50.986333","2","50","50","0","0","0",""
"2A","C3","6","5","true","200","depois","50","0","0","0","0","7.183742","8.584997","4","50","50","0","0","0",""
"2A","C3","6","5","true","205","depois","50","0","0","0","0","7.114785","7.486363","0","50","50","0","0","0",""
"2A","C3","6","5","true","210","depois","50","0","0","0","0","7.139444","8.444779","2","50","50","0","0","0",""
"2A","C3","6","5","true","215","depois","50","0","0","0","0","7.136687","7.77416","3","50","50","0","0","0",""
"2A","C3","6","5","true","220","depois","50","0","0","0","0","7.162068","8.052156","1","50","50","0","0","0",""
"2A","C3","6","5","true","225","depois","50","0","0","0","0","7.114777","7.647262","4","50","50","0","0","0",""
"2A","C3","6","5","true","230","depois","46","0","0","0","0","7.113555","7.566276","1","50","50","0","0","0",""
"2A","C3","6","5","true","235","depois","45","0","0","0","0","7.22845","202.589536","4","50","50","0","0","0",""
"2A","C3","6","5","true","240","depois","0","","0","0","0","","","1","0","0","0","0","0",""
"2A","C3","6","5","true","245","depois","0","","0","0","0","","","0","0","0","0","0","0",""
"2A","C3","6","5","true","250","depois","0","","0","0","0","","","0","0","0","0","0","0",""
"2A","C4","1","2","true","-120","aquecimento","50","0","0","0","0","7.070787","7.690792","0","50","50","0","0","0",""
"2A","C4","1","2","true","-115","aquecimento","38","0","0","0","0","7.053512","7.618702","1","45","45","0","0","0",""
"2A","C4","1","2","true","-110","aquecimento","62","0","0","0","0","7.554269","994.467356","0","55","55","0","0","0",""
"2A","C4","1","2","true","-105","aquecimento","50","0","0","0","0","6.994768","7.316826","0","50","50","0","0","0",""
"2A","C4","1","2","true","-100","aquecimento","50","0","0","0","0","6.933988","7.419112","5","50","50","0","0","0",""
"2A","C4","1","2","true","-95","aquecimento","50","0","0","0","0","6.990874","7.798476","0","50","50","0","0","0",""
"2A","C4","1","2","true","-90","aquecimento","50","0","0","0","0","6.97889","7.377166","0","50","50","0","0","0",""
"2A","C4","1","2","true","-85","aquecimento","50","0","0","0","0","7.106826","7.704712","2","50","50","0","0","0",""
"2A","C4","1","2","true","-80","aquecimento","50","0","0","0","0","7.043874","8.072176","3","50","50","0","0","0",""
"2A","C4","1","2","true","-75","aquecimento","50","0","0","0","0","7.007622","7.734997","4","50","50","0","0","0",""
"2A","C4","1","2","true","-70","aquecimento","50","0","0","0","0","7.00083","7.463339","1","50","50","0","0","0",""
"2A","C4","1","2","true","-65","aquecimento","50","0","0","0","0","7.075731","7.751581","0","50","50","0","0","0",""
"2A","C4","1","2","true","-60","antes","50","0","0","0","0","7.025944","7.682559","5","50","50","0","0","0",""
"2A","C4","1","2","true","-55","antes","50","0","0","0","0","7.006667","8.183781","1","50","50","0","0","0",""
"2A","C4","1","2","true","-50","antes","31","0","0","0","0","7.077738","7.820756","5","38","38","0","0","0",""
"2A","C4","1","2","true","-45","antes","69","0","0","0","0","165.397538","3189.0581","0","62","62","0","0","0",""
"2A","C4","1","2","true","-40","antes","50","0","0","0","0","7.047054","84.233098","0","50","50","0","0","0",""
"2A","C4","1","2","true","-35","antes","48","0","0","0","0","7.333702","588.114564","0","39","39","0","0","0",""
"2A","C4","1","2","true","-30","antes","52","0","0","0","0","7.064727","296.991951","2","61","61","0","0","0",""
"2A","C4","1","2","true","-25","antes","50","0","0","0","0","7.023953","7.550069","3","50","50","0","0","0",""
"2A","C4","1","2","true","-20","antes","50","0","0","0","0","7.022262","7.489044","2","50","50","0","0","0",""
"2A","C4","1","2","true","-15","antes","50","0","0","0","0","6.994567","7.496409","3","50","50","0","0","0",""
"2A","C4","1","2","true","-10","antes","50","0","0","0","0","6.981624","7.63371","3","50","50","0","0","0",""
"2A","C4","1","2","true","-5","antes","42","0","0","0","0","7.028695","7.580389","3","50","50","0","0","0",""
"2A","C4","1","2","true","0","falha","45","0","0","0","0","3311.392698","3314.574684","0","29","29","2","1.293182","0","inicio_falha"
"2A","C4","1","2","true","5","falha","63","0","0","0","0","6.545504","3312.64611","0","71","71","2","5","0",""
"2A","C4","1","2","true","10","falha","50","0","0","0","0","6.289806","7.069614","5","50","50","2","5","0",""
"2A","C4","1","2","true","15","falha","23","0","0","0","0","456.962112","3313.038316","4","18","18","2","1.799456","0",""
"2A","C4","1","2","true","20","falha","77","0","0","0","0","6.3195","3315.356422","0","82","82","2","4.896072","0",""
"2A","C4","1","2","true","25","falha","50","0","0","0","0","6.114893","6.904034","0","50","50","2","5","0",""
"2A","C4","1","2","true","30","falha","24","0","0","0","0","6.139045","6.379433","0","32","32","2","3.200191","0",""
"2A","C4","1","2","true","35","falha","76","0","0","0","0","6.788973","3316.171451","0","68","68","2","3.493437","0",""
"2A","C4","1","2","true","40","falha","50","0","0","0","0","6.126708","6.553118","0","50","50","2","5","0",""
"2A","C4","1","2","true","45","falha","38","0","0","0","0","6.084127","6.605437","5","46","46","2","4.598495","0",""
"2A","C4","1","2","true","50","falha","57","0","0","0","0","3311.23679","3316.043021","0","41","41","2","2.096637","0",""
"2A","C4","1","2","true","55","falha","55","0","0","0","0","6.165389","3311.394851","4","63","63","2","5","0","fim_falha"
"2A","C4","1","2","true","60","depois","50","0","0","0","0","6.147099","6.456035","2","50","50","2","5","0",""
"2A","C4","1","2","true","65","depois","50","0","0","0","0","7.095604","1001.656764","0","50","50","2","0.998889","0",""
"2A","C4","1","2","true","70","depois","50","0","0","0","0","7.185187","7.759116","0","50","50","0","0","0",""
"2A","C4","1","2","true","75","depois","50","0","0","0","0","7.058563","7.677749","0","50","50","0","0","0",""
"2A","C4","1","2","true","80","depois","50","0","0","0","0","6.957391","7.509225","5","50","50","0","0","0",""
"2A","C4","1","2","true","85","depois","50","0","0","0","0","6.991104","7.710256","5","50","50","0","0","0",""
"2A","C4","1","2","true","90","depois","50","0","0","0","0","6.956643","7.50286","0","50","50","0","0","0",""
"2A","C4","1","2","true","95","depois","50","0","0","0","0","6.986044","7.670319","1","50","50","0","0","0",""
"2A","C4","1","2","true","100","depois","50","0","0","0","0","6.966293","7.350094","1","50","50","0","0","0",""
"2A","C4","1","2","true","105","depois","50","0","0","0","0","6.966641","7.586533","5","50","50","0","0","0",""
"2A","C4","1","2","true","110","depois","50","0","0","0","0","7.004978","7.378874","5","50","50","0","0","0",""
"2A","C4","1","2","true","115","depois","50","0","0","0","0","7.06396","7.60757","0","50","50","0","0","0",""
"2A","C4","1","2","true","120","depois","42","0","0","0","0","7.129928","924.416442","2","45","45","0","0","0",""
"2A","C4","1","2","true","125","depois","58","0","0","0","0","7.039143","453.41155","0","55","55","0","0","0",""
"2A","C4","1","2","true","130","depois","50","0","0","0","0","7.083468","7.780664","0","50","50","0","0","0",""
"2A","C4","1","2","true","135","depois","50","0","0","0","0","7.089878","7.543037","3","50","50","0","0","0",""
"2A","C4","1","2","true","140","depois","50","0","0","0","0","7.038546","7.641415","2","50","50","0","0","0",""
"2A","C4","1","2","true","145","depois","50","0","0","0","0","7.015422","7.376148","1","50","50","0","0","0",""
"2A","C4","1","2","true","150","depois","50","0","0","0","0","7.16742","7.83406","0","50","50","0","0","0",""
"2A","C4","1","2","true","155","depois","50","0","0","0","0","7.000816","7.675251","0","50","50","0","0","0",""
"2A","C4","1","2","true","160","depois","50","0","0","0","0","7.007839","7.923278","1","50","50","0","0","0",""
"2A","C4","1","2","true","165","depois","50","0","0","0","0","7.123214","7.974692","4","50","50","0","0","0",""
"2A","C4","1","2","true","170","depois","50","0","0","0","0","7.046917","7.6158","1","50","50","0","0","0",""
"2A","C4","1","2","true","175","depois","50","0","0","0","0","7.089428","1006.405441","3","50","50","0","0","0",""
"2A","C4","1","2","true","180","depois","50","0","0","0","0","7.043341","7.301863","1","50","50","0","0","0",""
"2A","C4","1","2","true","185","depois","50","0","0","0","0","6.989716","7.648213","4","50","50","0","0","0",""
"2A","C4","1","2","true","190","depois","50","0","0","0","0","7.582409","9.89375","1","50","50","0","0","0",""
"2A","C4","1","2","true","195","depois","50","0","0","0","0","9.6602","10.537789","1","50","50","0","0","0",""
"2A","C4","1","2","true","200","depois","50","0","0","0","0","6.983756","10.847716","2","50","50","0","0","0",""
"2A","C4","1","2","true","205","depois","50","0","0","0","0","11.554485","12.068364","2","50","50","0","0","0",""
"2A","C4","1","2","true","210","depois","50","0","0","0","0","7.228054","12.850106","3","50","50","0","0","0",""
"2A","C4","1","2","true","215","depois","50","0","0","0","0","7.14196","13.016809","2","50","50","0","0","0",""
"2A","C4","1","2","true","220","depois","50","0","0","0","0","13.887997","14.331431","2","50","50","0","0","0",""
"2A","C4","1","2","true","225","depois","50","0","0","0","0","16.719252","18.2095","2","50","50","0","0","0",""
"2A","C4","1","2","true","230","depois","50","0","0","0","0","18.215733","18.934976","3","50","50","0","0","0",""
"2A","C4","1","2","true","235","depois","43","0","0","0","0","7.022701","7.415767","0","50","50","0","0","0",""
"2A","C4","1","2","true","240","depois","0","","0","0","0","","","0","1","1","0","0","0",""
"2A","C4","1","2","true","245","depois","0","","0","0","0","","","0","0","0","0","0","0",""
"2A","C4","1","2","true","250","depois","0","","0","0","0","","","0","0","0","0","0","0",""
"2A","C4","2","4","true","-120","aquecimento","50","0","0","0","0","7.283552","7.892199","0","50","50","0","0","0",""
"2A","C4","2","4","true","-115","aquecimento","50","0","0","0","0","7.289454","19.035637","1","50","50","0","0","0",""
"2A","C4","2","4","true","-110","aquecimento","50","0","0","0","0","18.04386","19.38163","1","50","50","0","0","0",""
"2A","C4","2","4","true","-105","aquecimento","50","0","0","0","0","7.077796","19.917357","0","50","50","0","0","0",""
"2A","C4","2","4","true","-100","aquecimento","50","0","0","0","0","18.861186","19.52733","0","50","50","0","0","0",""
"2A","C4","2","4","true","-95","aquecimento","50","0","0","0","0","18.913508","19.5374","1","50","50","0","0","0",""
"2A","C4","2","4","true","-90","aquecimento","50","0","0","0","0","119.597572","1297.377081","4","27","27","0","0","0",""
"2A","C4","2","4","true","-85","aquecimento","50","0","0","0","0","7.153097","7.786714","2","73","73","0","0","0",""
"2A","C4","2","4","true","-80","aquecimento","50","0","0","0","0","7.052987","7.724469","0","50","50","0","0","0",""
"2A","C4","2","4","true","-75","aquecimento","50","0","0","0","0","7.032097","7.665664","3","50","50","0","0","0",""
"2A","C4","2","4","true","-70","aquecimento","50","0","0","0","0","7.187616","7.574609","2","50","50","0","0","0",""
"2A","C4","2","4","true","-65","aquecimento","50","0","0","0","0","7.157013","7.578704","3","50","50","0","0","0",""
"2A","C4","2","4","true","-60","antes","50","0","0","0","0","7.118177","7.738034","3","50","50","0","0","0",""
"2A","C4","2","4","true","-55","antes","50","0","0","0","0","7.080181","7.777457","2","50","50","0","0","0",""
"2A","C4","2","4","true","-50","antes","50","0","0","0","0","7.179832","7.904637","3","50","50","0","0","0",""
"2A","C4","2","4","true","-45","antes","50","0","0","0","0","7.165573","7.841583","3","50","50","0","0","0",""
"2A","C4","2","4","true","-40","antes","50","0","0","0","0","7.094746","7.787637","3","50","50","0","0","0",""
"2A","C4","2","4","true","-35","antes","50","0","0","0","0","7.072701","7.955512","0","50","50","0","0","0",""
"2A","C4","2","4","true","-30","antes","46","0","0","0","0","7.091553","7.730731","0","50","50","0","0","0",""
"2A","C4","2","4","true","-25","antes","54","0","0","0","0","7.288371","1344.27243","0","50","50","0","0","0",""
"2A","C4","2","4","true","-20","antes","50","0","0","0","0","7.098935","7.492813","2","50","50","0","0","0",""
"2A","C4","2","4","true","-15","antes","50","0","0","0","0","7.145381","7.530658","2","50","50","0","0","0",""
"2A","C4","2","4","true","-10","antes","50","0","0","0","0","7.145856","7.677989","1","50","50","0","0","0",""
"2A","C4","2","4","true","-5","antes","40","0","0","0","0","7.095899","7.419597","1","50","50","0","0","0",""
"2A","C4","2","4","true","0","falha","49","0","0","0","0","3311.61546","3318.277322","0","29","29","2","1.295068","0","inicio_falha"
"2A","C4","2","4","true","5","falha","61","0","0","0","0","6.279418","3312.745233","0","71","71","2","5","0",""
"2A","C4","2","4","true","10","falha","50","0","0","0","0","6.391398","7.021272","3","50","50","2","5","0",""
"2A","C4","2","4","true","15","falha","25","0","0","0","0","6.861991","3313.254867","2","18","18","2","1.798896","0",""
"2A","C4","2","4","true","20","falha","75","0","0","0","0","6.599848","3313.171861","0","82","82","2","4.896493","0",""
"2A","C4","2","4","true","25","falha","50","0","0","0","0","6.283917","769.744525","1","44","44","2","5","0",""
"2A","C4","2","4","true","30","falha","22","0","0","0","0","6.300883","8.017339","2","38","38","2","3.198781","0",""
"2A","C4","2","4","true","35","falha","78","0","0","0","0","6.972047","3320.758105","0","68","68","2","3.496413","0",""
"2A","C4","2","4","true","40","falha","50","0","0","0","0","6.24674","6.769071","0","50","50","2","5","0",""
"2A","C4","2","4","true","45","falha","36","0","0","0","0","6.15519","6.2971","1","46","46","2","4.598207","0",""
"2A","C4","2","4","true","50","falha","61","0","0","0","0","3310.452618","3314.231724","0","41","41","2","2.097643","0",""
"2A","C4","2","4","true","55","falha","53","0","0","0","0","6.363952","1337.571291","0","63","63","2","5","0","fim_falha"
"2A","C4","2","4","true","60","depois","50","0","0","0","0","18.045842","18.388714","5","50","50","2","5","0",""
"2A","C4","2","4","true","65","depois","50","0","0","0","0","7.175132","7.760987","3","50","50","2","0.998105","0",""
"2A","C4","2","4","true","70","depois","50","0","0","0","0","19.132835","19.995693","0","50","50","0","0","0",""
"2A","C4","2","4","true","75","depois","50","0","0","0","0","18.864329","19.395786","0","50","50","0","0","0",""
"2A","C4","2","4","true","80","depois","50","0","0","0","0","7.085474","7.636473","5","50","50","0","0","0",""
"2A","C4","2","4","true","85","depois","48","0","0","0","0","19.095165","19.635408","0","50","50","0","0","0",""
"2A","C4","2","4","true","90","depois","52","0","0","0","0","7.484701","1411.98442","0","50","50","0","0","0",""
"2A","C4","2","4","true","95","depois","50","0","0","0","0","7.034168","7.634171","5","50","50","0","0","0",""
"2A","C4","2","4","true","100","depois","50","0","0","0","0","7.173651","7.756567","5","50","50","0","0","0",""
"2A","C4","2","4","true","105","depois","50","0","0","0","0","7.149883","7.829069","4","50","50","0","0","0",""
"2A","C4","2","4","true","110","depois","50","0","0","0","0","7.118224","7.557994","1","50","50","0","0","0",""
"2A","C4","2","4","true","115","depois","50","0","0","0","0","7.158131","7.554957","5","50","50","0","0","0",""
"2A","C4","2","4","true","120","depois","50","0","0","0","0","7.083758","7.463875","0","50","50","0","0","0",""
"2A","C4","2","4","true","125","depois","50","0","0","0","0","7.111049","7.63097","1","50","50","0","0","0",""
"2A","C4","2","4","true","130","depois","50","0","0","0","0","7.257094","7.82386","4","50","50","0","0","0",""
"2A","C4","2","4","true","135","depois","50","0","0","0","0","7.27096","8.431455","1","50","50","0","0","0",""
"2A","C4","2","4","true","140","depois","50","0","0","0","0","7.292712","1008.631741","2","50","50","0","0","0",""
"2A","C4","2","4","true","145","depois","50","0","0","0","0","7.053422","7.43072","1","50","50","0","0","0",""
"2A","C4","2","4","true","150","depois","50","0","0","0","0","7.178644","7.958021","4","50","50","0","0","0",""
"2A","C4","2","4","true","155","depois","50","0","0","0","0","7.111489","7.722172","2","50","50","0","0","0",""
"2A","C4","2","4","true","160","depois","50","0","0","0","0","7.173297","7.80054","3","50","50","0","0","0",""
"2A","C4","2","4","true","165","depois","50","0","0","0","0","7.129489","7.713375","3","50","50","0","0","0",""
"2A","C4","2","4","true","170","depois","50","0","0","0","0","7.083508","7.556575","2","50","50","0","0","0",""
"2A","C4","2","4","true","175","depois","50","0","0","0","0","7.100608","7.652915","1","50","50","0","0","0",""
"2A","C4","2","4","true","180","depois","50","0","0","0","0","7.200112","8.142565","4","50","50","0","0","0",""
"2A","C4","2","4","true","185","depois","50","0","0","0","0","7.202794","7.769595","2","50","50","0","0","0",""
"2A","C4","2","4","true","190","depois","50","0","0","0","0","7.259383","7.895702","2","50","50","0","0","0",""
"2A","C4","2","4","true","195","depois","50","0","0","0","0","7.062587","7.593094","3","50","50","0","0","0",""
"2A","C4","2","4","true","200","depois","50","0","0","0","0","7.241925","7.642652","2","50","50","0","0","0",""
"2A","C4","2","4","true","205","depois","50","0","0","0","0","7.666992","1506.782146","3","50","50","0","0","0",""
"2A","C4","2","4","true","210","depois","50","0","0","0","0","7.165299","7.789372","1","50","50","0","0","0",""
"2A","C4","2","4","true","215","depois","50","0","0","0","0","7.043344","7.372285","2","50","50","0","0","0",""
"2A","C4","2","4","true","220","depois","50","0","0","0","0","7.117608","7.820558","3","50","50","0","0","0",""
"2A","C4","2","4","true","225","depois","50","0","0","0","0","7.118173","7.919448","1","50","50","0","0","0",""
"2A","C4","2","4","true","230","depois","50","0","0","0","0","7.15224","7.721469","4","50","50","0","0","0",""
"2A","C4","2","4","true","235","depois","41","0","0","0","0","7.116408","7.583075","4","50","50","0","0","0",""
"2A","C4","2","4","true","240","depois","0","","0","0","0","","","1","1","1","0","0","0",""
"2A","C4","2","4","true","245","depois","0","","0","0","0","","","0","0","0","0","0","0",""
"2A","C4","2","4","true","250","depois","0","","0","0","0","","","0","0","0","0","0","0",""
"2A","C4","3","1","true","-120","aquecimento","50","0","0","0","0","7.33172","8.038688","0","50","50","0","0","0",""
"2A","C4","3","1","true","-115","aquecimento","50","0","0","0","0","7.179371","7.660153","0","50","50","0","0","0",""
"2A","C4","3","1","true","-110","aquecimento","50","0","0","0","0","7.147632","8.084023","3","50","50","0","0","0",""
"2A","C4","3","1","true","-105","aquecimento","50","0","0","0","0","7.036408","7.320601","2","50","50","0","0","0",""
"2A","C4","3","1","true","-100","aquecimento","50","0","0","0","0","7.151602","7.693386","5","50","50","0","0","0",""
"2A","C4","3","1","true","-95","aquecimento","50","0","0","0","0","7.168328","7.506197","1","50","50","0","0","0",""
"2A","C4","3","1","true","-90","aquecimento","50","0","0","0","0","7.136991","7.897179","2","50","50","0","0","0",""
"2A","C4","3","1","true","-85","aquecimento","50","0","0","0","0","7.156462","7.616038","4","50","50","0","0","0",""
"2A","C4","3","1","true","-80","aquecimento","50","0","0","0","0","7.114087","7.478588","2","50","50","0","0","0",""
"2A","C4","3","1","true","-75","aquecimento","40","0","0","0","0","7.298715","794.061482","2","34","34","0","0","0",""
"2A","C4","3","1","true","-70","aquecimento","60","0","0","0","0","7.359764","965.504262","17","66","66","0","0","0",""
"2A","C4","3","1","true","-65","aquecimento","50","0","0","0","0","7.15309","7.591402","1","50","50","0","0","0",""
"2A","C4","3","1","true","-60","antes","50","0","0","0","0","7.257034","7.79641","1","50","50","0","0","0",""
"2A","C4","3","1","true","-55","antes","50","0","0","0","0","7.10808","7.500555","4","50","50","0","0","0",""
"2A","C4","3","1","true","-50","antes","50","0","0","0","0","7.365399","8.169117","5","50","50","0","0","0",""
"2A","C4","3","1","true","-45","antes","50","0","0","0","0","7.181981","7.456662","0","50","50","0","0","0",""
"2A","C4","3","1","true","-40","antes","50","0","0","0","0","7.206588","7.677742","3","50","50","0","0","0",""
"2A","C4","3","1","true","-35","antes","50","0","0","0","0","7.134275","7.417145","2","50","50","0","0","0",""
"2A","C4","3","1","true","-30","antes","50","0","0","0","0","7.139936","7.62587","5","50","50","0","0","0",""
"2A","C4","3","1","true","-25","antes","50","0","0","0","0","7.2403","7.744279","3","50","50","0","0","0",""
"2A","C4","3","1","true","-20","antes","50","0","0","0","0","7.133065","7.495513","2","50","50","0","0","0",""
"2A","C4","3","1","true","-15","antes","40","0","0","0","0","7.197868","7.45427","2","41","41","0","0","0",""
"2A","C4","3","1","true","-10","antes","60","0","0","0","0","7.331032","1211.245352","8","59","59","0","0","0",""
"2A","C4","3","1","true","-5","antes","48","0","0","0","0","7.209926","7.551279","1","50","50","0","0","0",""
"2A","C4","3","1","true","0","falha","33","0","0","0","0","3311.347543","3312.948844","0","29","29","2","1.295004","0","inicio_falha"
"2A","C4","3","1","true","5","falha","69","0","0","0","0","6.364635","3315.194679","0","71","71","2","5","0",""
"2A","C4","3","1","true","10","falha","50","0","0","0","0","6.520506","7.871485","3","50","50","2","5","0",""
"2A","C4","3","1","true","15","falha","16","0","0","0","0","6.337495","12.374755","3","18","18","2","1.799007","0",""
"2A","C4","3","1","true","20","falha","84","0","0","0","0","6.849241","3314.112238","0","82","82","2","4.895799","0",""
"2A","C4","3","1","true","25","falha","50","0","0","0","0","6.220196","6.545934","0","50","50","2","5","0",""
"2A","C4","3","1","true","30","falha","30","0","0","0","0","6.291579","6.971327","4","32","32","2","3.198287","0",""
"2A","C4","3","1","true","35","falha","70","0","0","0","0","9.017419","3315.516359","0","68","68","2","3.495568","0",""
"2A","C4","3","1","true","40","falha","50","0","0","0","0","6.229876","6.860893","0","50","50","2","5","0",""
"2A","C4","3","1","true","45","falha","44","0","0","0","0","6.24108","6.459196","0","46","46","2","4.597277","0",""
"2A","C4","3","1","true","50","falha","45","0","0","0","0","3311.279366","3318.118279","5","41","41","2","2.095341","0",""
"2A","C4","3","1","true","55","falha","61","0","0","0","0","6.362622","3312.58272","0","63","63","2","5","0","fim_falha"
"2A","C4","3","1","true","60","depois","50","0","0","0","0","6.3365","7.226982","0","50","50","2","5","0",""
"2A","C4","3","1","true","65","depois","50","0","0","0","0","7.358658","899.244407","3","50","50","2","0.997872","0",""
"2A","C4","3","1","true","70","depois","50","0","0","0","0","7.306399","8.076881","4","50","50","0","0","0",""
"2A","C4","3","1","true","75","depois","50","0","0","0","0","7.193191","7.635881","2","50","50","0","0","0",""
"2A","C4","3","1","true","80","depois","50","0","0","0","0","7.170957","8.120221","3","50","50","0","0","0",""
"2A","C4","3","1","true","85","depois","50","0","0","0","0","7.137919","7.419596","4","50","50","0","0","0",""
"2A","C4","3","1","true","90","depois","50","0","0","0","0","7.171801","7.896744","1","50","50","0","0","0",""
"2A","C4","3","1","true","95","depois","50","0","0","0","0","7.161186","7.543871","5","50","50","0","0","0",""
"2A","C4","3","1","true","100","depois","50","0","0","0","0","7.162556","8.215287","2","50","50","0","0","0",""
"2A","C4","3","1","true","105","depois","50","0","0","0","0","7.184334","7.498718","1","50","50","0","0","0",""
"2A","C4","3","1","true","110","depois","50","0","0","0","0","7.37589","759.208559","3","50","50","0","0","0",""
"2A","C4","3","1","true","115","depois","50","0","0","0","0","7.081564","7.377806","12","50","50","0","0","0",""
"2A","C4","3","1","true","120","depois","50","0","0","0","0","7.154278","8.027591","2","50","50","0","0","0",""
"2A","C4","3","1","true","125","depois","50","0","0","0","0","7.169291","7.737635","3","50","50","0","0","0",""
"2A","C4","3","1","true","130","depois","50","0","0","0","0","7.371729","8.676459","1","50","50","0","0","0",""
"2A","C4","3","1","true","135","depois","50","0","0","0","0","7.247666","7.554069","4","50","50","0","0","0",""
"2A","C4","3","1","true","140","depois","50","0","0","0","0","7.151423","7.650707","1","50","50","0","0","0",""
"2A","C4","3","1","true","145","depois","50","0","0","0","0","7.162089","7.682597","4","50","50","0","0","0",""
"2A","C4","3","1","true","150","depois","50","0","0","0","0","7.229677","7.976177","2","50","50","0","0","0",""
"2A","C4","3","1","true","155","depois","50","0","0","0","0","7.154163","7.733974","3","50","50","0","0","0",""
"2A","C4","3","1","true","160","depois","50","0","0","0","0","7.18837","7.832329","4","50","50","0","0","0",""
"2A","C4","3","1","true","165","depois","50","0","0","0","0","7.134884","7.460796","1","50","50","0","0","0",""
"2A","C4","3","1","true","170","depois","50","0","0","0","0","7.417127","971.112047","3","50","50","0","0","0",""
"2A","C4","3","1","true","175","depois","50","0","0","0","0","7.199456","7.707404","7","50","50","0","0","0",""
"2A","C4","3","1","true","180","depois","50","0","0","0","0","7.267238","7.898943","2","50","50","0","0","0",""
"2A","C4","3","1","true","185","depois","50","0","0","0","0","7.180773","7.721264","4","50","50","0","0","0",""
"2A","C4","3","1","true","190","depois","50","0","0","0","0","7.3292","7.893027","2","50","50","0","0","0",""
"2A","C4","3","1","true","195","depois","50","0","0","0","0","7.149152","7.757754","3","50","50","0","0","0",""
"2A","C4","3","1","true","200","depois","50","0","0","0","0","7.229427","7.937467","2","50","50","0","0","0",""
"2A","C4","3","1","true","205","depois","50","0","0","0","0","7.250335","7.6257","3","50","50","0","0","0",""
"2A","C4","3","1","true","210","depois","50","0","0","0","0","7.205373","7.771501","3","50","50","0","0","0",""
"2A","C4","3","1","true","215","depois","50","0","0","0","0","7.13078","7.409039","2","50","50","0","0","0",""
"2A","C4","3","1","true","220","depois","50","0","0","0","0","7.188752","7.781843","3","50","50","0","0","0",""
"2A","C4","3","1","true","225","depois","50","0","0","0","0","7.153335","7.568716","3","50","50","0","0","0",""
"2A","C4","3","1","true","230","depois","50","0","0","0","0","7.17351","7.669251","2","50","50","0","0","0",""
"2A","C4","3","1","true","235","depois","49","0","0","0","0","7.212492","699.19753","4","50","50","0","0","0",""
"2A","C4","3","1","true","240","depois","0","","0","0","0","","","0","1","1","0","0","0",""
"2A","C4","3","1","true","245","depois","0","","0","0","0","","","0","0","0","0","0","0",""
"2A","C4","3","1","true","250","depois","0","","0","0","0","","","0","0","0","0","0","0",""
"2A","C4","4","3","true","-120","aquecimento","50","0","0","0","0","7.238533","7.538484","0","50","50","0","0","0",""
"2A","C4","4","3","true","-115","aquecimento","49","0","0","0","0","7.19287","7.541932","1","50","50","0","0","0",""
"2A","C4","4","3","true","-110","aquecimento","51","0","0","0","0","8.105369","671.464363","4","50","50","0","0","0",""
"2A","C4","4","3","true","-105","aquecimento","50","0","0","0","0","7.208085","7.617309","2","50","50","0","0","0",""
"2A","C4","4","3","true","-100","aquecimento","50","0","0","0","0","7.205002","7.991059","3","50","50","0","0","0",""
"2A","C4","4","3","true","-95","aquecimento","50","0","0","0","0","7.244462","7.636569","2","50","50","0","0","0",""
"2A","C4","4","3","true","-90","aquecimento","50","0","0","0","0","7.222822","8.041341","4","50","50","0","0","0",""
"2A","C4","4","3","true","-85","aquecimento","50","0","0","0","0","7.16316","7.545583","1","50","50","0","0","0",""
"2A","C4","4","3","true","-80","aquecimento","50","0","0","0","0","7.134603","7.760502","4","50","50","0","0","0",""
"2A","C4","4","3","true","-75","aquecimento","50","0","0","0","0","7.165467","8.002744","4","50","50","0","0","0",""
"2A","C4","4","3","true","-70","aquecimento","50","0","0","0","0","7.171462","7.903848","1","50","50","0","0","0",""
"2A","C4","4","3","true","-65","aquecimento","50","0","0","0","0","7.141821","7.688713","4","50","50","0","0","0",""
"2A","C4","4","3","true","-60","antes","50","0","0","0","0","7.208843","7.607836","3","50","50","0","0","0",""
"2A","C4","4","3","true","-55","antes","50","0","0","0","0","7.186435","7.657214","1","50","50","0","0","0",""
"2A","C4","4","3","true","-50","antes","50","0","0","0","0","7.256944","7.945898","2","50","50","0","0","0",""
"2A","C4","4","3","true","-45","antes","50","0","0","0","0","7.324274","829.865551","1","50","50","0","0","0",""
"2A","C4","4","3","true","-40","antes","50","0","0","0","0","7.191966","7.893424","2","50","50","0","0","0",""
"2A","C4","4","3","true","-35","antes","50","0","0","0","0","7.291411","7.662876","4","50","50","0","0","0",""
"2A","C4","4","3","true","-30","antes","50","0","0","0","0","7.164056","7.771143","3","50","50","0","0","0",""
"2A","C4","4","3","true","-25","antes","50","0","0","0","0","7.196979","7.887628","3","50","50","0","0","0",""
"2A","C4","4","3","true","-20","antes","50","0","0","0","0","7.204334","8.038596","2","50","50","0","0","0",""
"2A","C4","4","3","true","-15","antes","50","0","0","0","0","7.149619","7.565658","3","50","50","0","0","0",""
"2A","C4","4","3","true","-10","antes","50","0","0","0","0","7.221037","7.667719","5","50","50","0","0","0",""
"2A","C4","4","3","true","-5","antes","43","0","0","0","0","7.213662","7.659641","0","50","50","0","0","0",""
"2A","C4","4","3","true","0","falha","43","0","0","0","0","3311.864098","3318.534624","0","29","29","2","1.292891","0","inicio_falha"
"2A","C4","4","3","true","5","falha","64","0","0","0","0","6.312332","3316.501218","0","71","71","2","5","0",""
"2A","C4","4","3","true","10","falha","50","0","0","0","0","6.399815","7.522103","0","50","50","2","5","0",""
"2A","C4","4","3","true","15","falha","22","0","0","0","0","6.642066","3312.865753","3","18","18","2","1.799824","0",""
"2A","C4","4","3","true","20","falha","78","0","0","0","0","6.417244","3316.639472","0","82","82","2","4.894301","0",""
"2A","C4","4","3","true","25","falha","50","0","0","0","0","6.296305","6.665812","0","50","50","2","5","0",""
"2A","C4","4","3","true","30","falha","25","0","0","0","0","6.639473","986.527269","0","32","32","2","3.200091","0",""
"2A","C4","4","3","true","35","falha","75","0","0","0","0","6.587477","3316.335402","0","68","68","2","3.493417","0",""
"2A","C4","4","3","true","40","falha","50","0","0","0","0","6.301373","6.629718","3","50","50","2","5","0",""
"2A","C4","4","3","true","45","falha","39","0","0","0","0","6.275232","6.579814","2","46","46","2","4.598444","0",""
"2A","C4","4","3","true","50","falha","55","0","0","0","0","3311.149117","3317.280235","0","41","41","2","2.095052","0",""
"2A","C4","4","3","true","55","falha","56","0","0","0","0","6.366978","3312.168565","0","63","63","2","5","0","fim_falha"
"2A","C4","4","3","true","60","depois","50","0","0","0","0","6.302606","6.722246","0","50","50","2","5","0",""
"2A","C4","4","3","true","65","depois","50","0","0","0","0","7.177817","7.98156","5","50","50","2","0.998967","0",""
"2A","C4","4","3","true","70","depois","50","0","0","0","0","7.189908","7.950306","5","50","50","0","0","0",""
"2A","C4","4","3","true","75","depois","50","0","0","0","0","7.441192","863.420307","2","43","43","0","0","0",""
"2A","C4","4","3","true","80","depois","50","0","0","0","0","7.205471","8.088509","2","57","57","0","0","0",""
"2A","C4","4","3","true","85","depois","50","0","0","0","0","7.284929","7.72484","3","50","50","0","0","0",""
"2A","C4","4","3","true","90","depois","50","0","0","0","0","7.125294","8.149353","0","50","50","0","0","0",""
"2A","C4","4","3","true","95","depois","50","0","0","0","0","7.157401","7.587565","5","50","50","0","0","0",""
"2A","C4","4","3","true","100","depois","50","0","0","0","0","7.191406","7.990215","0","50","50","0","0","0",""
"2A","C4","4","3","true","105","depois","50","0","0","0","0","7.214672","7.856848","1","50","50","0","0","0",""
"2A","C4","4","3","true","110","depois","50","0","0","0","0","7.103974","7.749655","2","50","50","0","0","0",""
"2A","C4","4","3","true","115","depois","50","0","0","0","0","7.181237","7.7377","3","50","50","0","0","0",""
"2A","C4","4","3","true","120","depois","50","0","0","0","0","7.170614","7.777658","1","50","50","0","0","0",""
"2A","C4","4","3","true","125","depois","50","0","0","0","0","7.204956","8.088449","2","50","50","0","0","0",""
"2A","C4","4","3","true","130","depois","48","0","0","0","0","7.314044","8.135724","4","50","50","0","0","0",""
"2A","C4","4","3","true","135","depois","52","0","0","0","0","7.381636","760.740608","4","50","50","0","0","0",""
"2A","C4","4","3","true","140","depois","50","0","0","0","0","7.181137","8.169665","1","50","50","0","0","0",""
"2A","C4","4","3","true","145","depois","51","0","0","0","0","7.16789","7.727374","3","50","50","0","0","0",""
"2A","C4","4","3","true","150","depois","49","0","0","0","0","7.361149","8.334239","3","50","50","0","0","0",""
"2A","C4","4","3","true","155","depois","50","0","0","0","0","7.288439","7.719889","2","50","50","0","0","0",""
"2A","C4","4","3","true","160","depois","51","0","0","0","0","7.143044","7.542423","2","50","50","0","0","0",""
"2A","C4","4","3","true","165","depois","50","0","0","0","0","7.154086","7.432102","0","50","50","0","0","0",""
"2A","C4","4","3","true","170","depois","50","0","0","0","0","7.303648","7.65951","5","50","50","0","0","0",""
"2A","C4","4","3","true","175","depois","50","0","0","0","0","7.260109","7.906925","5","50","50","0","0","0",""
"2A","C4","4","3","true","180","depois","50","0","0","0","0","7.218955","8.488437","0","50","50","0","0","0",""
"2A","C4","4","3","true","185","depois","50","0","0","0","0","7.195243","7.976031","0","50","50","0","0","0",""
"2A","C4","4","3","true","190","depois","50","0","0","0","0","7.512993","8.643614","3","50","50","0","0","0",""
"2A","C4","4","3","true","195","depois","50","0","0","0","0","8.288082","1075.879075","3","37","37","0","0","0",""
"2A","C4","4","3","true","200","depois","50","0","0","0","0","7.192912","8.098511","0","63","63","0","0","0",""
"2A","C4","4","3","true","205","depois","49","0","0","0","0","7.264101","9.26488","0","50","50","0","0","0",""
"2A","C4","4","3","true","210","depois","50","0","0","0","0","9.806569","10.581775","0","50","50","0","0","0",""
"2A","C4","4","3","true","215","depois","51","0","0","0","0","10.781206","11.093299","4","50","50","0","0","0",""
"2A","C4","4","3","true","220","depois","50","0","0","0","0","7.2024","8.043007","2","50","50","0","0","0",""
"2A","C4","4","3","true","225","depois","49","0","0","0","0","11.840114","12.770785","3","50","50","0","0","0",""
"2A","C4","4","3","true","230","depois","50","0","0","0","0","12.95483","13.927696","3","50","50","0","0","0",""
"2A","C4","4","3","true","235","depois","44","0","0","0","0","13.885107","14.915564","3","50","50","0","0","0",""
"2A","C4","4","3","true","240","depois","0","","0","0","0","","","0","1","1","0","0","0",""
"2A","C4","4","3","true","245","depois","0","","0","0","0","","","0","0","0","0","0","0",""
"2A","C4","4","3","true","250","depois","0","","0","0","0","","","0","0","0","0","0","0",""
"2A","C4","5","2","true","-120","aquecimento","50","0","0","0","0","7.126981","7.521448","0","50","50","0","0","0",""
"2A","C4","5","2","true","-115","aquecimento","45","0","0","0","0","7.199857","8.097379","0","49","49","0","0","0",""
"2A","C4","5","2","true","-110","aquecimento","55","0","0","0","0","7.706082","871.815661","1","51","51","0","0","0",""
"2A","C4","5","2","true","-105","aquecimento","50","0","0","0","0","7.301616","8.788993","0","50","50","0","0","0",""
"2A","C4","5","2","true","-100","aquecimento","50","0","0","0","0","7.143669","7.55796","0","50","50","0","0","0",""
"2A","C4","5","2","true","-95","aquecimento","50","0","0","0","0","7.142935","8.221267","3","50","50","0","0","0",""
"2A","C4","5","2","true","-90","aquecimento","50","0","0","0","0","7.146017","7.562038","4","50","50","0","0","0",""
"2A","C4","5","2","true","-85","aquecimento","50","0","0","0","0","7.094211","7.829741","0","50","50","0","0","0",""
"2A","C4","5","2","true","-80","aquecimento","50","0","0","0","0","7.129711","7.637036","4","50","50","0","0","0",""
"2A","C4","5","2","true","-75","aquecimento","50","0","0","0","0","7.082195","7.829677","0","50","50","0","0","0",""
"2A","C4","5","2","true","-70","aquecimento","50","0","0","0","0","7.116808","7.420048","5","50","50","0","0","0",""
"2A","C4","5","2","true","-65","aquecimento","50","0","0","0","0","7.153684","7.768602","4","50","50","0","0","0",""
"2A","C4","5","2","true","-60","antes","50","0","0","0","0","7.290884","1247.144037","1","35","35","0","0","0",""
"2A","C4","5","2","true","-55","antes","50","0","0","0","0","7.106826","7.993936","4","65","65","0","0","0",""
"2A","C4","5","2","true","-50","antes","50","0","0","0","0","7.222215","7.930063","1","50","50","0","0","0",""
"2A","C4","5","2","true","-45","antes","50","0","0","0","0","7.186801","8.007067","2","50","50","0","0","0",""
"2A","C4","5","2","true","-40","antes","50","0","0","0","0","7.212013","7.998497","4","50","50","0","0","0",""
"2A","C4","5","2","true","-35","antes","50","0","0","0","0","7.151571","7.507262","4","50","50","0","0","0",""
"2A","C4","5","2","true","-30","antes","50","0","0","0","0","7.130973","7.613665","2","50","50","0","0","0",""
"2A","C4","5","2","true","-25","antes","50","0","0","0","0","7.173115","7.892529","4","50","50","0","0","0",""
"2A","C4","5","2","true","-20","antes","50","0","0","0","0","7.155245","7.663809","3","50","50","0","0","0",""
"2A","C4","5","2","true","-15","antes","50","0","0","0","0","7.1335","8.363035","2","50","50","0","0","0",""
"2A","C4","5","2","true","-10","antes","50","0","0","0","0","7.198833","7.505243","1","50","50","0","0","0",""
"2A","C4","5","2","true","-5","antes","45","0","0","0","0","7.145971","8.036503","2","50","50","0","0","0",""
"2A","C4","5","2","true","0","falha","39","0","0","0","0","3311.782532","3317.963125","4","29","29","2","1.290944","0","inicio_falha"
"2A","C4","5","2","true","5","falha","66","0","0","0","0","7.151446","4026.761754","0","71","71","2","5","0",""
"2A","C4","5","2","true","10","falha","50","0","0","0","0","6.349152","7.325635","0","50","50","2","5","0",""
"2A","C4","5","2","true","15","falha","20","0","0","0","0","6.395021","3312.166976","3","18","18","2","1.799951","0",""
"2A","C4","5","2","true","20","falha","80","0","0","0","0","6.628648","3316.85091","0","82","82","2","4.895168","0",""
"2A","C4","5","2","true","25","falha","50","0","0","0","0","6.248363","6.709932","0","50","50","2","5","0",""
"2A","C4","5","2","true","30","falha","27","0","0","0","0","6.280049","7.603597","4","32","32","2","3.201518","0",""
"2A","C4","5","2","true","35","falha","73","0","0","0","0","7.015712","3316.198374","2","68","68","2","3.492639","0",""
"2A","C4","5","2","true","40","falha","50","0","0","0","0","6.266509","12.422875","0","50","50","2","5","0",""
"2A","C4","5","2","true","45","falha","41","0","0","0","0","6.258553","7.012344","3","46","46","2","4.598958","0",""
"2A","C4","5","2","true","50","falha","51","0","0","0","0","3310.593325","3316.767141","5","41","41","2","2.095517","0",""
"2A","C4","5","2","true","55","falha","58","0","0","0","0","6.356789","3312.168762","0","63","63","2","5","0","fim_falha"
"2A","C4","5","2","true","60","depois","50","0","0","0","0","6.286246","7.068851","0","50","50","2","5","0",""
"2A","C4","5","2","true","65","depois","50","0","0","0","0","7.315035","761.438522","5","50","50","2","0.99829","0",""
"2A","C4","5","2","true","70","depois","50","0","0","0","0","7.255155","8.024118","3","50","50","0","0","0",""
"2A","C4","5","2","true","75","depois","50","0","0","0","0","7.207463","8.219869","2","50","50","0","0","0",""
"2A","C4","5","2","true","80","depois","50","0","0","0","0","7.171747","7.564527","1","50","50","0","0","0",""
"2A","C4","5","2","true","85","depois","50","0","0","0","0","7.107862","7.460043","2","50","50","0","0","0",""
"2A","C4","5","2","true","90","depois","50","0","0","0","0","7.147866","7.581706","3","50","50","0","0","0",""
"2A","C4","5","2","true","95","depois","50","0","0","0","0","7.194732","7.560833","2","50","50","0","0","0",""
"2A","C4","5","2","true","100","depois","50","0","0","0","0","7.158675","7.588434","3","50","50","0","0","0",""
"2A","C4","5","2","true","105","depois","50","0","0","0","0","7.218667","886.970396","2","43","43","0","0","0",""
"2A","C4","5","2","true","110","depois","50","0","0","0","0","7.068821","7.552194","1","57","57","0","0","0",""
"2A","C4","5","2","true","115","depois","50","0","0","0","0","7.184084","7.8763","5","50","50","0","0","0",""
"2A","C4","5","2","true","120","depois","50","0","0","0","0","7.190146","7.529958","0","50","50","0","0","0",""
"2A","C4","5","2","true","125","depois","50","0","0","0","0","7.155794","7.820757","0","50","50","0","0","0",""
"2A","C4","5","2","true","130","depois","50","0","0","0","0","7.263398","7.757551","5","50","50","0","0","0",""
"2A","C4","5","2","true","135","depois","50","0","0","0","0","7.196758","7.962667","1","50","50","0","0","0",""
"2A","C4","5","2","true","140","depois","50","0","0","0","0","7.181312","7.862517","4","50","50","0","0","0",""
"2A","C4","5","2","true","145","depois","50","0","0","0","0","7.219318","8.486956","2","50","50","0","0","0",""
"2A","C4","5","2","true","150","depois","50","0","0","0","0","7.225686","7.644343","4","50","50","0","0","0",""
"2A","C4","5","2","true","155","depois","50","0","0","0","0","7.163716","8.341189","1","50","50","0","0","0",""
"2A","C4","5","2","true","160","depois","50","0","0","0","0","7.173344","823.944146","3","50","50","0","0","0",""
"2A","C4","5","2","true","165","depois","50","0","0","0","0","7.096122","8.086669","2","50","50","0","0","0",""
"2A","C4","5","2","true","170","depois","50","0","0","0","0","7.145036","7.477145","4","50","50","0","0","0",""
"2A","C4","5","2","true","175","depois","50","0","0","0","0","7.179228","7.694904","2","50","50","0","0","0",""
"2A","C4","5","2","true","180","depois","50","0","0","0","0","7.185372","7.618031","3","50","50","0","0","0",""
"2A","C4","5","2","true","185","depois","50","0","0","0","0","7.163537","7.546846","3","50","50","0","0","0",""
"2A","C4","5","2","true","190","depois","50","0","0","0","0","7.220641","7.977023","2","50","50","0","0","0",""
"2A","C4","5","2","true","195","depois","50","0","0","0","0","7.194855","8.235371","2","50","50","0","0","0",""
"2A","C4","5","2","true","200","depois","50","0","0","0","0","7.130438","7.432132","3","50","50","0","0","0",""
"2A","C4","5","2","true","205","depois","50","0","0","0","0","7.156367","7.932013","1","50","50","0","0","0",""
"2A","C4","5","2","true","210","depois","50","0","0","0","0","7.278299","986.793149","2","50","50","0","0","0",""
"2A","C4","5","2","true","215","depois","50","0","0","0","0","7.200349","7.918365","3","50","50","0","0","0",""
"2A","C4","5","2","true","220","depois","50","0","0","0","0","7.839447","8.319208","3","50","50","0","0","0",""
"2A","C4","5","2","true","225","depois","50","0","0","0","0","8.917177","9.319996","3","50","50","0","0","0",""
"2A","C4","5","2","true","230","depois","50","0","0","0","0","9.929983","10.363577","2","50","50","0","0","0",""
"2A","C4","5","2","true","235","depois","46","0","0","0","0","10.919669","11.308478","2","50","50","0","0","0",""
"2A","C4","5","2","true","240","depois","0","","0","0","0","","","2","1","1","0","0","0",""
"2A","C4","5","2","true","245","depois","0","","0","0","0","","","0","0","0","0","0","0",""
"2A","C4","5","2","true","250","depois","0","","0","0","0","","","0","0","0","0","0","0",""
"2A","C4","6","3","true","-120","aquecimento","50","0","0","0","0","7.26726","7.694371","0","50","50","0","0","0",""
"2A","C4","6","3","true","-115","aquecimento","50","0","0","0","0","11.900364","12.722482","0","50","50","0","0","0",""
"2A","C4","6","3","true","-110","aquecimento","50","0","0","0","0","12.691235","13.459297","0","50","50","0","0","0",""
"2A","C4","6","3","true","-105","aquecimento","50","0","0","0","0","7.15712","14.165447","5","50","50","0","0","0",""
"2A","C4","6","3","true","-100","aquecimento","50","0","0","0","0","14.25787","15.362129","4","50","50","0","0","0",""
"2A","C4","6","3","true","-95","aquecimento","50","0","0","0","0","15.169842","850.633199","4","50","50","0","0","0",""
"2A","C4","6","3","true","-90","aquecimento","50","0","0","0","0","7.376809","7.928517","0","50","50","0","0","0",""
"2A","C4","6","3","true","-85","aquecimento","50","0","0","0","0","18.280836","19.32604","1","50","50","0","0","0",""
"2A","C4","6","3","true","-80","aquecimento","50","0","0","0","0","7.293886","15.534836","0","50","50","0","0","0",""
"2A","C4","6","3","true","-75","aquecimento","50","0","0","0","0","18.959594","19.699272","4","50","50","0","0","0",""
"2A","C4","6","3","true","-70","aquecimento","50","0","0","0","0","19.182128","19.575487","3","50","50","0","0","0",""
"2A","C4","6","3","true","-65","aquecimento","50","0","0","0","0","19.125118","19.671708","2","50","50","0","0","0",""
"2A","C4","6","3","true","-60","antes","50","0","0","0","0","19.132268","19.53185","3","50","50","0","0","0",""
"2A","C4","6","3","true","-55","antes","50","0","0","0","0","19.096244","19.630155","3","50","50","0","0","0",""
"2A","C4","6","3","true","-50","antes","50","0","0","0","0","7.331821","19.401215","2","50","50","0","0","0",""
"2A","C4","6","3","true","-45","antes","50","0","0","0","0","7.282326","8.166236","1","50","50","0","0","0",""
"2A","C4","6","3","true","-40","antes","50","0","0","0","0","7.650041","1082.49154","1","50","50","0","0","0",""
"2A","C4","6","3","true","-35","antes","50","0","0","0","0","7.306818","7.921329","2","50","50","0","0","0",""
"2A","C4","6","3","true","-30","antes","50","0","0","0","0","7.202654","7.572902","2","50","50","0","0","0",""
"2A","C4","6","3","true","-25","antes","50","0","0","0","0","7.24748","7.681432","2","50","50","0","0","0",""
"2A","C4","6","3","true","-20","antes","50","0","0","0","0","7.384841","7.774369","3","50","50","0","0","0",""
"2A","C4","6","3","true","-15","antes","50","0","0","0","0","7.24804","8.11454","1","50","50","0","0","0",""
"2A","C4","6","3","true","-10","antes","50","0","0","0","0","7.315612","7.824706","1","50","50","0","0","0",""
"2A","C4","6","3","true","-5","antes","43","0","0","0","0","7.211937","7.754937","1","50","50","0","0","0",""
"2A","C4","6","3","true","0","falha","44","0","0","0","0","3310.192647","3312.493156","0","29","29","2","1.294689","0","inicio_falha"
"2A","C4","6","3","true","5","falha","64","0","0","0","0","6.377826","3310.902002","1","71","71","2","5","0",""
"2A","C4","6","3","true","10","falha","50","0","0","0","0","6.642502","760.249937","1","50","50","2","5","0",""
"2A","C4","6","3","true","15","falha","21","0","0","0","0","6.951786","3312.972267","0","18","18","2","1.800186","0",""
"2A","C4","6","3","true","20","falha","79","0","0","0","0","6.429768","3323.912827","0","82","82","2","4.89489","0",""
"2A","C4","6","3","true","25","falha","50","0","0","0","0","6.300368","6.746029","3","50","50","2","5","0",""
"2A","C4","6","3","true","30","falha","24","0","0","0","0","6.391687","9.699801","4","32","32","2","3.199591","0",""
"2A","C4","6","3","true","35","falha","76","0","0","0","0","7.014848","3321.910898","0","68","68","2","3.496642","0",""
"2A","C4","6","3","true","40","falha","50","0","0","0","0","6.252871","6.542108","1","50","50","2","5","0",""
"2A","C4","6","3","true","45","falha","38","0","0","0","0","6.325424","6.802159","4","46","46","2","4.598333","0",""
"2A","C4","6","3","true","50","falha","56","0","0","0","0","1666.804209","3323.109772","0","41","41","2","2.096419","0",""
"2A","C4","6","3","true","55","falha","56","0","0","0","0","17.517275","3322.292382","5","63","63","2","5","0","fim_falha"
"2A","C4","6","3","true","60","depois","50","0","0","0","0","6.403242","13.345899","1","50","50","2","5","0",""
"2A","C4","6","3","true","65","depois","50","0","0","0","0","7.19162","8.152252","1","50","50","2","0.997795","0",""
"2A","C4","6","3","true","70","depois","50","0","0","0","0","8.261877","1494.414255","1","50","50","0","0","0",""
"2A","C4","6","3","true","75","depois","50","0","0","0","0","7.322903","8.000268","1","50","50","0","0","0",""
"2A","C4","6","3","true","80","depois","50","0","0","0","0","7.261996","7.705014","0","50","50","0","0","0",""
"2A","C4","6","3","true","85","depois","50","0","0","0","0","7.207279","7.638661","2","50","50","0","0","0",""
"2A","C4","6","3","true","90","depois","50","0","0","0","0","7.209372","7.74973","3","50","50","0","0","0",""
"2A","C4","6","3","true","95","depois","50","0","0","0","0","7.30484","7.921978","1","50","50","0","0","0",""
"2A","C4","6","3","true","100","depois","50","0","0","0","0","7.321426","7.696498","3","50","50","0","0","0",""
"2A","C4","6","3","true","105","depois","50","0","0","0","0","7.303288","7.998929","1","50","50","0","0","0",""
"2A","C4","6","3","true","110","depois","50","0","0","0","0","7.286709","7.739033","4","50","50","0","0","0",""
"2A","C4","6","3","true","115","depois","50","0","0","0","0","7.242286","7.807922","1","50","50","0","0","0",""
"2A","C4","6","3","true","120","depois","50","0","0","0","0","7.309036","7.650621","3","50","50","0","0","0",""
"2A","C4","6","3","true","125","depois","50","0","0","0","0","7.406461","987.926553","3","50","50","0","0","0",""
"2A","C4","6","3","true","130","depois","50","0","0","0","0","7.417687","8.040712","4","50","50","0","0","0",""
"2A","C4","6","3","true","135","depois","50","0","0","0","0","7.292387","7.588367","1","50","50","0","0","0",""
"2A","C4","6","3","true","140","depois","50","0","0","0","0","7.234664","7.590724","2","50","50","0","0","0",""
"2A","C4","6","3","true","145","depois","50","0","0","0","0","7.364663","7.912344","3","50","50","0","0","0",""
"2A","C4","6","3","true","150","depois","50","0","0","0","0","7.302685","7.739068","1","50","50","0","0","0",""
"2A","C4","6","3","true","155","depois","50","0","0","0","0","7.309946","8.024819","2","50","50","0","0","0",""
"2A","C4","6","3","true","160","depois","50","0","0","0","0","7.304846","7.567355","3","50","50","0","0","0",""
"2A","C4","6","3","true","165","depois","41","0","0","0","0","7.243044","7.669803","5","48","48","0","0","0",""
"2A","C4","6","3","true","170","depois","59","0","0","0","0","7.358435","635.205643","1","52","52","0","0","0",""
"2A","C4","6","3","true","175","depois","50","0","0","0","0","7.239878","7.80029","0","50","50","0","0","0",""
"2A","C4","6","3","true","180","depois","50","0","0","0","0","7.313334","7.694869","5","50","50","0","0","0",""
"2A","C4","6","3","true","185","depois","50","0","0","0","0","7.292852","8.131134","2","50","50","0","0","0",""
"2A","C4","6","3","true","190","depois","50","0","0","0","0","7.45241","8.256832","3","50","50","0","0","0",""
"2A","C4","6","3","true","195","depois","50","0","0","0","0","7.332296","8.054297","4","50","50","0","0","0",""
"2A","C4","6","3","true","200","depois","50","0","0","0","0","7.270704","7.702281","2","50","50","0","0","0",""
"2A","C4","6","3","true","205","depois","50","0","0","0","0","7.300811","7.881849","3","50","50","0","0","0",""
"2A","C4","6","3","true","210","depois","50","0","0","0","0","7.255768","7.482821","4","50","50","0","0","0",""
"2A","C4","6","3","true","215","depois","50","0","0","0","0","7.505773","1107.265982","2","50","50","0","0","0",""
"2A","C4","6","3","true","220","depois","50","0","0","0","0","7.323991","7.607518","2","50","50","0","0","0",""
"2A","C4","6","3","true","225","depois","50","0","0","0","0","7.312457","7.674326","3","50","50","0","0","0",""
"2A","C4","6","3","true","230","depois","50","0","0","0","0","7.308563","7.684127","2","50","50","0","0","0",""
"2A","C4","6","3","true","235","depois","43","0","0","0","0","7.275074","7.838696","2","50","50","0","0","0",""
"2A","C4","6","3","true","240","depois","0","","0","0","0","","","0","1","1","0","0","0",""
"2A","C4","6","3","true","245","depois","0","","0","0","0","","","0","0","0","0","0","0",""
"2A","C4","6","3","true","250","depois","0","","0","0","0","","","0","0","0","0","0","0",""
"2A","C4","6","3","true","255","depois","0","","0","0","0","","","","0","0","0","0","0",""
