"experimento","condicao","repeticao","posicao","valida","t_rel_s","fase","post_n","erro_pct","erro_503","erro_504","erro_conexao","lat_p50_ms","lat_p95_ms","fila_media","sagas_concluidas","sagas_confirmadas","cb_catalogo_estado_max","cb_catalogo_aberto_s","cb_gateway_estado_max","marcadores"
"2B","C0","1","3","true","-120","aquecimento","50","0","0","0","0","7.247028","7.691228","0","50","50","0","0","0",""
"2B","C0","1","3","true","-115","aquecimento","50","0","0","0","0","7.215762","7.496448","1","50","50","0","0","0",""
"2B","C0","1","3","true","-110","aquecimento","50","0","0","0","0","7.162473","7.891652","4","50","50","0","0","0",""
"2B","C0","1","3","true","-105","aquecimento","45","0","0","0","0","7.265785","8.357509","1","50","50","0","0","0",""
"2B","C0","1","3","true","-100","aquecimento","55","0","0","0","0","7.356578","746.223219","0","50","50","0","0","0",""
"2B","C0","1","3","true","-95","aquecimento","50","0","0","0","0","7.090939","7.695236","1","50","50","0","0","0",""
"2B","C0","1","3","true","-90","aquecimento","50","0","0","0","0","7.131153","8.089775","1","50","50","0","0","0",""
"2B","C0","1","3","true","-85","aquecimento","50","0","0","0","0","7.176714","7.670772","4","50","50","0","0","0",""
"2B","C0","1","3","true","-80","aquecimento","50","0","0","0","0","7.127596","7.727711","2","50","50","0","0","0",""
"2B","C0","1","3","true","-75","aquecimento","50","0","0","0","0","7.0831","7.547852","3","50","50","0","0","0",""
"2B","C0","1","3","true","-70","aquecimento","50","0","0","0","0","7.086156","7.713688","1","50","50","0","0","0",""
"2B","C0","1","3","true","-65","aquecimento","50","0","0","0","0","7.172914","7.782319","2","50","50","0","0","0",""
"2B","C0","1","3","true","-60","antes","50","0","0","0","0","7.180904","7.62748","3","50","50","0","0","0",""
"2B","C0","1","3","true","-55","antes","50","0","0","0","0","7.09172","8.128655","2","50","50","0","0","0",""
"2B","C0","1","3","true","-50","antes","50","0","0","0","0","7.381899","1150.049299","2","50","50","0","0","0",""
"2B","C0","1","3","true","-45","antes","50","0","0","0","0","7.21812","8.145744","0","50","50","0","0","0",""
"2B","C0","1","3","true","-40","antes","50","0","0","0","0","7.163539","7.579761","3","50","50","0","0","0",""
"2B","C0","1","3","true","-35","antes","50","0","0","0","0","7.145123","7.69378","0","50","50","0","0","0",""
"2B","C0","1","3","true","-30","antes","50","0","0","0","0","7.089556","7.486781","5","50","50","0","0","0",""
"2B","C0","1","3","true","-25","antes","50","0","0","0","0","7.059523","7.973306","2","50","50","0","0","0",""
"2B","C0","1","3","true","-20","antes","50","0","0","0","0","7.189661","7.6744","2","50","50","0","0","0",""
"2B","C0","1","3","true","-15","antes","50","0","0","0","0","7.205803","7.733197","1","50","50","0","0","0",""
"2B","C0","1","3","true","-10","antes","50","0","0","0","0","7.135571","7.774763","4","50","50","0","0","0",""
"2B","C0","1","3","true","-5","antes","50","12","6","0","0","7.071664","7.519741","1","50","50","0","0","0",""
"2B","C0","1","3","true","0","falha","50","100","50","0","0","1.288082","1.437235","0","0","0","0","0","0","inicio_falha"
"2B","C0","1","3","true","5","falha","50","100","50","0","0","1.271371","1.462074","0","0","0","0","0","0",""
"2B","C0","1","3","true","10","falha","50","100","50","0","0","1.271776","1.610647","0","0","0","0","0","0",""
"2B","C0","1","3","true","15","falha","50","100","50","0","0","1.285581","1.445296","0","0","0","0","0","0",""
"2B","C0","1","3","true","20","falha","51","100","51","0","0","1.283626","1.401863","0","0","0","0","0","0",""
"2B","C0","1","3","true","25","falha","50","100","50","0","0","1.27999","1.503208","0","0","0","0","0","0",""
"2B","C0","1","3","true","30","falha","50","100","50","0","0","1.283356","1.462162","0","0","0","0","0","0",""
"2B","C0","1","3","true","35","falha","50","100","50","0","0","1.339707","1.578838","0","0","0","0","0","0",""
"2B","C0","1","3","true","40","falha","50","100","50","0","0","1.366498","1.543969","0","0","0","0","0","0",""
"2B","C0","1","3","true","45","falha","50","100","50","0","0","1.280181","1.487037","0","0","0","0","0","0",""
"2B","C0","1","3","true","50","falha","50","100","50","0","0","1.301353","1.554576","0","0","0","0","0","0",""
"2B","C0","1","3","true","55","falha","49","89.795918","44","0","0","1.371401","8.833846","0","0","0","0","0","0","fim_falha"
"2B","C0","1","3","true","60","depois","50","0","0","0","0","7.620855","8.207357","0","49","49","0","0","0",""
"2B","C0","1","3","true","65","depois","50","0","0","0","0","7.167514","7.943642","0","50","50","0","0","0",""
"2B","C0","1","3","true","70","depois","50","0","0","0","0","7.198833","7.711217","3","50","50","0","0","0",""
"2B","C0","1","3","true","75","depois","50","0","0","0","0","7.183882","8.047367","0","50","50","0","0","0",""
"2B","C0","1","3","true","80","depois","50","0","0","0","0","7.196038","7.652346","0","50","50","0","0","0",""
"2B","C0","1","3","true","85","depois","50","0","0","0","0","7.173172","7.529423","5","50","50","0","0","0",""
"2B","C0","1","3","true","90","depois","50","0","0","0","0","7.11182","7.468795","1","50","50","0","0","0",""
"2B","C0","1","3","true","95","depois","50","0","0","0","0","7.078463","7.859091","2","50","50","0","0","0",""
"2B","C0","1","3","true","100","depois","50","0","0","0","0","7.12212","7.587799","1","50","50","0","0","0",""
"2B","C0","1","3","true","105","depois","50","0","0","0","0","7.166139","7.49507","4","50","50","0","0","0",""
"2B","C0","1","3","true","110","depois","50","0","0","0","0","7.217756","1122.871541","1","50","50","0","0","0",""
"2B","C0","1","3","true","115","depois","50","0","0","0","0","7.18806","7.805581","1","50","50","0","0","0",""
"2B","C0","1","3","true","120","depois","50","0","0","0","0","7.16755","7.921416","3","50","50","0","0","0",""
"2B","C0","1","3","true","125","depois","50","0","0","0","0","7.14619","7.969487","0","50","50","0","0","0",""
"2B","C0","1","3","true","130","depois","50","0","0","0","0","7.255017","7.945667","5","50","50","0","0","0",""
"2B","C0","1","3","true","135","depois","50","0","0","0","0","7.209309","7.634063","1","50","50","0","0","0",""
"2B","C0","1","3","true","140","depois","50","0","0","0","0","7.205835","7.581292","2","50","50","0","0","0",""
"2B","C0","1","3","true","145","depois","50","0","0","0","0","7.194105","7.52852","1","50","50","0","0","0",""
"2B","C0","1","3","true","150","depois","50","0","0","0","0","7.202934","8.035423","1","50","50","0","0","0",""
"2B","C0","1","3","true","155","depois","50","0","0","0","0","7.134513","7.938158","4","50","50","0","0","0",""
"2B","C0","1","3","true","160","depois","50","0","0","0","0","7.167795","7.786703","1","50","50","0","0","0",""
"2B","C0","1","3","true","165","depois","50","0","0","0","0","7.064083","7.842923","4","50","50","0","0","0",""
"2B","C0","1","3","true","170","depois","50","0","0","0","0","7.156271","902.28748","2","50","50","0","0","0",""
"2B","C0","1","3","true","175","depois","50","0","0","0","0","7.119118","8.081155","2","50","50","0","0","0",""
"2B","C0","1","3","true","180","depois","50","0","0","0","0","7.220022","7.680297","3","50","50","0","0","0",""
"2B","C0","1","3","true","185","depois","50","0","0","0","0","7.182116","8.309101","2","50","50","0","0","0",""
"2B","C0","1","3","true","190","depois","50","0","0","0","0","7.760613","8.766546","2","50","50","0","0","0",""
"2B","C0","1","3","true","195","depois","50","0","0","0","0","7.191944","8.489148","2","50","50","0","0","0",""
"2B","C0","1","3","true","200","depois","51","0","0","0","0","7.155993","7.504129","3","50","50","0","0","0",""
"2B","C0","1","3","true","205","depois","50","0","0","0","0","7.222121","8.58636","2","50","50","0","0","0",""
"2B","C0","1","3","true","210","depois","50","0","0","0","0","7.123524","7.616009","3","50","50","0","0","0",""
"2B","C0","1","3","true","215","depois","50","0","0","0","0","7.049044","7.715402","4","50","50","0","0","0",""
"2B","C0","1","3","true","220","depois","50","0","0","0","0","7.127524","7.679131","2","50","50","0","0","0",""
"2B","C0","1","3","true","225","depois","49","0","0","0","0","7.177356","7.6285","2","50","50","0","0","0",""
"2B","C0","1","3","true","230","depois","41","0","0","0","0","7.264139","7.738491","3","46","46","0","0","0",""
"2B","C0","1","3","true","235","depois","53","0","0","0","0","7.341411","844.986317","3","54","54","0","0","0",""
"2B","C0","1","3","true","240","depois","0","","0","0","0","","","0","0","0","0","0","0",""
"2B","C0","1","3","true","245","depois","0","","0","0","0","","","0","0","0","0","0","0",""
"2B","C0","1","3","true","250","depois","0","","0","0","0","","","0","0","0","0","0","0",""
"2B","C0","2","4","true","-120","aquecimento","51","0","0","0","0","7.287158","8.029115","0","50","50","0","0","0",""
"2B","C0","2","4","true","-115","aquecimento","50","0","0","0","0","7.172472","7.690151","0","50","50","0","0","0",""
"2B","C0","2","4","true","-110","aquecimento","50","0","0","0","0","7.123126","7.987351","1","50","50","0","0","0",""
"2B","C0","2","4","true","-105","aquecimento","50","0","0","0","0","7.097656","7.484046","3","50","50","0","0","0",""
"2B","C0","2","4","true","-100","aquecimento","50","0","0","0","0","7.107217","7.382397","2","50","50","0","0","0",""
"2B","C0","2","4","true","-95","aquecimento","50","0","0","0","0","7.076093","7.43804","3","50","50","0","0","0",""
"2B","C0","2","4","true","-90","aquecimento","50","0","0","0","0","7.067469","7.816604","1","50","50","0","0","0",""
"2B","C0","2","4","true","-85","aquecimento","50","0","0","0","0","7.141714","1544.244752","4","36","36","0","0","0",""
"2B","C0","2","4","true","-80","aquecimento","50","0","0","0","0","7.199846","8.427052","5","64","64","0","0","0",""
"2B","C0","2","4","true","-75","aquecimento","50","0","0","0","0","7.083568","7.326605","1","50","50","0","0","0",""
"2B","C0","2","4","true","-70","aquecimento","50","0","0","0","0","7.095185","7.926888","0","50","50","0","0","0",""
"2B","C0","2","4","true","-65","aquecimento","50","0","0","0","0","7.105257","7.613172","4","50","50","0","0","0",""
"2B","C0","2","4","true","-60","antes","50","0","0","0","0","7.189301","7.671289","3","50","50","0","0","0",""
"2B","C0","2","4","true","-55","antes","50","0","0","0","0","7.29406","8.894441","3","50","50","0","0","0",""
"2B","C0","2","4","true","-50","antes","50","0","0","0","0","7.361738","9.117005","1","50","50","0","0","0",""
"2B","C0","2","4","true","-45","antes","50","0","0","0","0","7.181482","7.691586","2","50","50","0","0","0",""
"2B","C0","2","4","true","-40","antes","50","0","0","0","0","7.15367","8.003849","1","50","50","0","0","0",""
"2B","C0","2","4","true","-35","antes","50","0","0","0","0","7.127985","7.413089","4","50","50","0","0","0",""
"2B","C0","2","4","true","-30","antes","50","0","0","0","0","7.150531","7.969153","1","50","50","0","0","0",""
"2B","C0","2","4","true","-25","antes","39","0","0","0","0","7.123395","7.520745","2","44","44","0","0","0",""
"2B","C0","2","4","true","-20","antes","61","0","0","0","0","7.259566","1131.859643","3","56","56","0","0","0",""
"2B","C0","2","4","true","-15","antes","50","0","0","0","0","7.150445","7.536975","0","50","50","0","0","0",""
"2B","C0","2","4","true","-10","antes","50","0","0","0","0","7.145786","8.08269","0","50","50","0","0","0",""
"2B","C0","2","4","true","-5","antes","50","12","6","0","0","7.117251","7.490785","3","50","50","0","0","0",""
"2B","C0","2","4","true","0","falha","50","100","50","0","0","1.325458","1.556787","3","0","0","0","0","0","inicio_falha"
"2B","C0","2","4","true","5","falha","50","100","50","0","0","1.297635","1.496579","0","0","0","0","0","0",""
"2B","C0","2","4","true","10","falha","50","100","50","0","0","1.326827","1.506434","0","0","0","0","0","0",""
"2B","C0","2","4","true","15","falha","50","100","50","0","0","1.301634","1.385942","0","0","0","0","0","0",""
"2B","C0","2","4","true","20","falha","50","100","50","0","0","1.30628","1.50753","0","0","0","0","0","0",""
"2B","C0","2","4","true","25","falha","50","100","50","0","0","1.313607","1.460267","0","0","0","0","0","0",""
"2B","C0","2","4","true","30","falha","50","100","50","0","0","1.318247","1.540277","0","0","0","0","0","0",""
"2B","C0","2","4","true","35","falha","50","100","50","0","0","1.298967","1.498095","0","0","0","0","0","0",""
"2B","C0","2","4","true","40","falha","50","100","50","0","0","1.336303","1.526953","0","0","0","0","0","0",""
"2B","C0","2","4","true","45","falha","50","100","50","0","0","1.324807","1.491557","0","0","0","0","0","0",""
"2B","C0","2","4","true","50","falha","50","100","50","0","0","1.317581","1.472856","0","0","0","0","0","0",""
"2B","C0","2","4","true","55","falha","50","90","45","0","0","1.351192","11.971413","0","0","0","0","0","0","fim_falha"
"2B","C0","2","4","true","60","depois","50","0","0","0","0","12.078784","12.997607","0","49","49","0","0","0",""
"2B","C0","2","4","true","65","depois","50","0","0","0","0","13.408909","13.95999","0","50","50","0","0","0",""
"2B","C0","2","4","true","70","depois","49","0","0","0","0","13.972847","15.104628","0","50","50","0","0","0",""
"2B","C0","2","4","true","75","depois","50","0","0","0","0","14.982519","1081.752072","0","42","42","0","0","0",""
"2B","C0","2","4","true","80","depois","50","0","0","0","0","17.426713","18.052803","3","58","58","0","0","0",""
"2B","C0","2","4","true","85","depois","51","0","0","0","0","17.936049","18.917084","0","50","50","0","0","0",""
"2B","C0","2","4","true","90","depois","49","0","0","0","0","18.897813","19.220859","1","50","50","0","0","0",""
"2B","C0","2","4","true","95","depois","51","0","0","0","0","7.140471","17.563702","3","50","50","0","0","0",""
"2B","C0","2","4","true","100","depois","49","0","0","0","0","18.873335","19.447769","2","50","50","0","0","0",""
"2B","C0","2","4","true","105","depois","50","0","0","0","0","18.957772","19.399201","0","50","50","0","0","0",""
"2B","C0","2","4","true","110","depois","50","0","0","0","0","18.978824","19.685604","0","50","50","0","0","0",""
"2B","C0","2","4","true","115","depois","51","0","0","0","0","19.020025","19.401209","2","50","50","0","0","0",""
"2B","C0","2","4","true","120","depois","50","0","0","0","0","18.938511","810.004059","3","50","50","0","0","0",""
"2B","C0","2","4","true","125","depois","50","0","0","0","0","7.146841","7.575981","3","50","50","0","0","0",""
"2B","C0","2","4","true","130","depois","50","0","0","0","0","7.226669","8.147044","1","50","50","0","0","0",""
"2B","C0","2","4","true","135","depois","50","0","0","0","0","7.135731","7.518263","0","50","50","0","0","0",""
"2B","C0","2","4","true","140","depois","50","0","0","0","0","7.119767","7.512281","1","50","50","0","0","0",""
"2B","C0","2","4","true","145","depois","50","0","0","0","0","7.128716","7.539098","4","50","50","0","0","0",""
"2B","C0","2","4","true","150","depois","50","0","0","0","0","7.307872","8.442547","3","50","50","0","0","0",""
"2B","C0","2","4","true","155","depois","50","0","0","0","0","7.161036","7.458464","4","50","50","0","0","0",""
"2B","C0","2","4","true","160","depois","50","0","0","0","0","7.143276","7.795167","1","50","50","0","0","0",""
"2B","C0","2","4","true","165","depois","50","0","0","0","0","7.307539","1060.845956","3","50","50","0","0","0",""
"2B","C0","2","4","true","170","depois","50","0","0","0","0","7.118712","7.636189","0","50","50","0","0","0",""
"2B","C0","2","4","true","175","depois","50","0","0","0","0","7.139424","7.466404","3","50","50","0","0","0",""
"2B","C0","2","4","true","180","depois","50","0","0","0","0","7.093764","7.802646","3","50","50","0","0","0",""
"2B","C0","2","4","true","185","depois","50","0","0","0","0","7.124875","7.766932","3","50","50","0","0","0",""
"2B","C0","2","4","true","190","depois","50","0","0","0","0","7.299897","8.222849","1","50","50","0","0","0",""
"2B","C0","2","4","true","195","depois","50","0","0","0","0","7.164033","7.807093","3","50","50","0","0","0",""
"2B","C0","2","4","true","200","depois","50","0","0","0","0","7.134068","7.910728","1","50","50","0","0","0",""
"2B","C0","2","4","true","205","depois","50","0","0","0","0","7.19343","7.795635","3","50","50","0","0","0",""
"2B","C0","2","4","true","210","depois","50","0","0","0","0","7.19375","7.7575","1","50","50","0","0","0",""
"2B","C0","2","4","true","215","depois","50","0","0","0","0","7.119382","7.557394","4","50","50","0","0","0",""
"2B","C0","2","4","true","220","depois","50","0","0","0","0","7.150768","8.127518","1","50","50","0","0","0",""
"2B","C0","2","4","true","225","depois","50","0","0","0","0","7.219646","922.146048","1","50","50","0","0","0",""
"2B","C0","2","4","true","230","depois","50","0","0","0","0","7.129557","7.421385","1","50","50","0","0","0",""
"2B","C0","2","4","true","235","depois","45","0","0","0","0","7.130406","7.802355","0","50","50","0","0","0",""
"2B","C0","2","4","true","240","depois","0","","0","0","0","","","5","1","1","0","0","0",""
"2B","C0","2","4","true","245","depois","0","","0","0","0","","","0","0","0","0","0","0",""
"2B","C0","2","4","true","250","depois","0","","0","0","0","","","0","0","0","0","0","0",""
"2B","C0","3","1","true","-120","aquecimento","50","0","0","0","0","7.355565","8.067835","0","50","50","0","0","0",""
"2B","C0","3","1","true","-115","aquecimento","50","0","0","0","0","7.182786","7.774435","1","50","50","0","0","0",""
"2B","C0","3","1","true","-110","aquecimento","50","0","0","0","0","7.198221","8.288118","4","50","50","0","0","0",""
"2B","C0","3","1","true","-105","aquecimento","50","0","0","0","0","7.128238","7.664988","3","50","50","0","0","0",""
"2B","C0","3","1","true","-100","aquecimento","50","0","0","0","0","7.084569","7.85445","2","50","50","0","0","0",""
"2B","C0","3","1","true","-95","aquecimento","50","0","0","0","0","7.163002","7.591929","2","50","50","0","0","0",""
"2B","C0","3","1","true","-90","aquecimento","50","0","0","0","0","7.186769","7.634383","4","50","50","0","0","0",""
"2B","C0","3","1","true","-85","aquecimento","43","0","0","0","0","7.128666","497.775509","4","39","39","0","0","0",""
"2B","C0","3","1","true","-80","aquecimento","57","0","0","0","0","7.214221","786.495424","10","61","61","0","0","0",""
"2B","C0","3","1","true","-75","aquecimento","50","0","0","0","0","7.088651","7.598772","0","50","50","0","0","0",""
"2B","C0","3","1","true","-70","aquecimento","50","0","0","0","0","7.198117","7.761479","5","50","50","0","0","0",""
"2B","C0","3","1","true","-65","aquecimento","50","0","0","0","0","7.342302","7.979067","1","50","50","0","0","0",""
"2B","C0","3","1","true","-60","antes","50","0","0","0","0","7.950111","8.862381","4","50","50","0","0","0",""
"2B","C0","3","1","true","-55","antes","50","0","0","0","0","8.865648","9.821797","4","50","50","0","0","0",""
"2B","C0","3","1","true","-50","antes","50","0","0","0","0","9.976043","10.931756","3","50","50","0","0","0",""
"2B","C0","3","1","true","-45","antes","50","0","0","0","0","10.939198","11.833248","2","50","50","0","0","0",""
"2B","C0","3","1","true","-40","antes","50","0","0","0","0","11.75859","915.267964","1","50","50","0","0","0",""
"2B","C0","3","1","true","-35","antes","50","0","0","0","0","7.12151","8.461136","4","50","50","0","0","0",""
"2B","C0","3","1","true","-30","antes","50","0","0","0","0","12.945729","13.985057","3","50","50","0","0","0",""
"2B","C0","3","1","true","-25","antes","50","0","0","0","0","13.94038","14.959652","2","50","50","0","0","0",""
"2B","C0","3","1","true","-20","antes","50","0","0","0","0","15.014617","15.803633","3","50","50","0","0","0",""
"2B","C0","3","1","true","-15","antes","50","0","0","0","0","15.891042","17.051379","3","50","50","0","0","0",""
"2B","C0","3","1","true","-10","antes","50","0","0","0","0","16.985123","17.888211","3","50","50","0","0","0",""
"2B","C0","3","1","true","-5","antes","50","12","6","0","0","17.888084","18.876473","2","50","50","0","0","0",""
"2B","C0","3","1","true","0","falha","50","100","50","0","0","1.31581","1.529854","0","0","0","0","0","0","inicio_falha"
"2B","C0","3","1","true","5","falha","50","100","50","0","0","1.2911","1.418391","0","0","0","0","0","0",""
"2B","C0","3","1","true","10","falha","50","100","50","0","0","1.347617","1.479797","0","0","0","0","0","0",""
"2B","C0","3","1","true","15","falha","50","100","50","0","0","1.286349","1.406072","0","0","0","0","0","0",""
"2B","C0","3","1","true","20","falha","50","100","50","0","0","1.331879","1.483786","0","0","0","0","0","0",""
"2B","C0","3","1","true","25","falha","50","100","50","0","0","1.297434","1.449312","0","0","0","0","0","0",""
"2B","C0","3","1","true","30","falha","50","100","50","0","0","1.316451","1.500646","0","0","0","0","0","0",""
"2B","C0","3","1","true","35","falha","50","100","50","0","0","1.289334","1.393447","0","0","0","0","0","0",""
"2B","C0","3","1","true","40","falha","50","100","50","0","0","1.316535","1.459006","0","0","0","0","0","0",""
"2B","C0","3","1","true","45","falha","50","100","50","0","0","1.318725","1.526486","0","0","0","0","0","0",""
"2B","C0","3","1","true","50","falha","50","100","50","0","0","1.335102","1.601127","0","0","0","0","0","0",""
"2B","C0","3","1","true","55","falha","50","90","45","0","0","1.326306","8.931867","0","0","0","0","0","0","fim_falha"
"2B","C0","3","1","true","60","depois","43","0","0","0","0","7.969735","598.647493","0","34","34","0","0","0",""
"2B","C0","3","1","true","65","depois","57","0","0","0","0","161.989143","717.074503","6","65","65","0","0","0",""
"2B","C0","3","1","true","70","depois","46","0","0","0","0","7.743901","738.378619","1","38","38","0","0","0",""
"2B","C0","3","1","true","75","depois","54","0","0","0","0","197.449097","636.645526","12","62","62","0","0","0",""
"2B","C0","3","1","true","80","depois","46","0","0","0","0","7.338393","530.995153","1","41","41","0","0","0",""
"2B","C0","3","1","true","85","depois","54","0","0","0","0","9.053691","962.740683","1","59","59","0","0","0",""
"2B","C0","3","1","true","90","depois","50","0","0","0","0","7.093674","7.930006","8","50","50","0","0","0",""
"2B","C0","3","1","true","95","depois","50","0","0","0","0","7.118156","7.473305","0","50","50","0","0","0",""
"2B","C0","3","1","true","100","depois","50","0","0","0","0","7.186102","7.726898","3","50","50","0","0","0",""
"2B","C0","3","1","true","105","depois","50","0","0","0","0","7.099283","7.864576","3","50","50","0","0","0",""
"2B","C0","3","1","true","110","depois","50","0","0","0","0","7.171865","7.585224","4","50","50","0","0","0",""
"2B","C0","3","1","true","115","depois","41","0","0","0","0","7.124076","7.310194","1","46","46","0","0","0",""
"2B","C0","3","1","true","120","depois","59","0","0","0","0","7.288575","1297.144092","5","54","54","0","0","0",""
"2B","C0","3","1","true","125","depois","50","0","0","0","0","7.134184","7.811344","0","50","50","0","0","0",""
"2B","C0","3","1","true","130","depois","50","0","0","0","0","7.357926","7.938136","3","50","50","0","0","0",""
"2B","C0","3","1","true","135","depois","50","0","0","0","0","7.316848","7.786312","4","50","50","0","0","0",""
"2B","C0","3","1","true","140","depois","50","0","0","0","0","7.154832","7.571755","1","50","50","0","0","0",""
"2B","C0","3","1","true","145","depois","50","0","0","0","0","7.124411","7.622518","3","50","50","0","0","0",""
"2B","C0","3","1","true","150","depois","50","0","0","0","0","7.247351","8.239474","2","50","50","0","0","0",""
"2B","C0","3","1","true","155","depois","50","0","0","0","0","7.205954","7.684492","2","50","50","0","0","0",""
"2B","C0","3","1","true","160","depois","50","0","0","0","0","7.290214","813.685076","3","50","50","0","0","0",""
"2B","C0","3","1","true","165","depois","50","0","0","0","0","7.107825","7.351895","0","50","50","0","0","0",""
"2B","C0","3","1","true","170","depois","50","0","0","0","0","7.114924","7.838592","0","50","50","0","0","0",""
"2B","C0","3","1","true","175","depois","50","0","0","0","0","7.284762","7.748942","5","50","50","0","0","0",""
"2B","C0","3","1","true","180","depois","50","0","0","0","0","7.264593","7.823076","0","50","50","0","0","0",""
"2B","C0","3","1","true","185","depois","50","0","0","0","0","7.165741","7.562679","2","50","50","0","0","0",""
"2B","C0","3","1","true","190","depois","50","0","0","0","0","7.312282","8.22635","3","50","50","0","0","0",""
"2B","C0","3","1","true","195","depois","50","0","0","0","0","7.182944","7.926444","2","50","50","0","0","0",""
"2B","C0","3","1","true","200","depois","50","0","0","0","0","7.202059","7.764418","3","50","50","0","0","0",""
"2B","C0","3","1","true","205","depois","50","0","0","0","0","7.199311","7.655944","2","50","50","0","0","0",""
"2B","C0","3","1","true","210","depois","50","0","0","0","0","7.701272","1326.90454","3","50","50","0","0","0",""
"2B","C0","3","1","true","215","depois","50","0","0","0","0","7.089828","7.607831","2","50","50","0","0","0",""
"2B","C0","3","1","true","220","depois","50","0","0","0","0","7.200213","8.113737","3","50","50","0","0","0",""
"2B","C0","3","1","true","225","depois","50","0","0","0","0","7.141353","7.564701","2","50","50","0","0","0",""
"2B","C0","3","1","true","230","depois","50","0","0","0","0","7.163595","7.834934","3","50","50","0","0","0",""
"2B","C0","3","1","true","235","depois","45","0","0","0","0","7.076502","7.430836","3","50","50","0","0","0",""
"2B","C0","3","1","true","240","depois","0","","0","0","0","","","0","1","1","0","0","0",""
"2B","C0","3","1","true","245","depois","0","","0","0","0","","","0","0","0","0","0","0",""
"2B","C0","3","1","true","250","depois","0","","0","0","0","","","0","0","0","0","0","0",""
"2B","C2","1","1","true","-120","aquecimento","50","0","0","0","0","7.20438","7.657348","0","50","50","0","0","0",""
"2B","C2","1","1","true","-115","aquecimento","50","0","0","0","0","7.173927","8.235056","1","50","50","0","0","0",""
"2B","C2","1","1","true","-110","aquecimento","50","0","0","0","0","7.225189","7.840282","0","50","50","0","0","0",""
"2B","C2","1","1","true","-105","aquecimento","50","0","0","0","0","7.219152","8.278853","5","50","50","0","0","0",""
"2B","C2","1","1","true","-100","aquecimento","50","0","0","0","0","7.109292","7.58362","5","50","50","0","0","0",""
"2B","C2","1","1","true","-95","aquecimento","36","0","0","0","0","565.545082","1409.35107","0","18","18","0","0","0",""
"2B","C2","1","1","true","-90","aquecimento","64","0","0","0","0","7.697992","1543.519902","10","82","82","0","0","0",""
"2B","C2","1","1","true","-85","aquecimento","50","0","0","0","0","9.273888","725.089019","0","50","50","0","0","0",""
"2B","C2","1","1","true","-80","aquecimento","50","0","0","0","0","7.088859","7.525592","3","50","50","0","0","0",""
"2B","C2","1","1","true","-75","aquecimento","50","0","0","0","0","7.111062","7.711115","4","50","50","0","0","0",""
"2B","C2","1","1","true","-70","aquecimento","50","0","0","0","0","7.097377","7.634574","4","50","50","0","0","0",""
"2B","C2","1","1","true","-65","aquecimento","50","0","0","0","0","7.181915","7.88268","0","50","50","0","0","0",""
"2B","C2","1","1","true","-60","antes","50","0","0","0","0","7.1627","7.450048","3","50","50","0","0","0",""
"2B","C2","1","1","true","-55","antes","50","0","0","0","0","7.173289","8.260676","3","50","50","0","0","0",""
"2B","C2","1","1","true","-50","antes","50","0","0","0","0","7.235614","8.282136","1","50","50","0","0","0",""
"2B","C2","1","1","true","-45","antes","50","0","0","0","0","7.165916","7.667755","2","50","50","0","0","0",""
"2B","C2","1","1","true","-40","antes","50","0","0","0","0","7.444522","1060.627548","3","42","42","0","0","0",""
"2B","C2","1","1","true","-35","antes","50","0","0","0","0","7.156476","8.021651","1","58","58","0","0","0",""
"2B","C2","1","1","true","-30","antes","50","0","0","0","0","7.137729","7.739731","4","50","50","0","0","0",""
"2B","C2","1","1","true","-25","antes","50","0","0","0","0","7.256897","8.39483","3","50","50","0","0","0",""
"2B","C2","1","1","true","-20","antes","50","0","0","0","0","7.155774","7.872022","2","50","50","0","0","0",""
"2B","C2","1","1","true","-15","antes","50","0","0","0","0","7.20451","7.735312","2","50","50","0","0","0",""
"2B","C2","1","1","true","-10","antes","50","0","0","0","0","7.169878","7.635504","3","50","50","0","0","0",""
"2B","C2","1","1","true","-5","antes","47","8.510638","4","0","0","7.093879","304.880279","2","50","50","0","0","0",""
"2B","C2","1","1","true","0","falha","50","100","50","0","0","304.877667","305.652341","0","0","0","0","0","0","inicio_falha"
"2B","C2","1","1","true","5","falha","50","100","50","0","0","304.947543","305.738171","0","0","0","0","0","0",""
"2B","C2","1","1","true","10","falha","50","100","50","0","0","304.69541","305.809418","0","0","0","0","0","0",""
"2B","C2","1","1","true","15","falha","50","100","50","0","0","304.886888","306.010086","0","0","0","0","0","0",""
"2B","C2","1","1","true","20","falha","50","100","50","0","0","304.81718","305.688502","0","0","0","0","0","0",""
"2B","C2","1","1","true","25","falha","50","100","50","0","0","304.960259","305.630558","0","0","0","0","0","0",""
"2B","C2","1","1","true","30","falha","50","100","50","0","0","304.727664","305.83519","0","0","0","0","0","0",""
"2B","C2","1","1","true","35","falha","50","100","50","0","0","304.845159","305.74257","0","0","0","0","0","0",""
"2B","C2","1","1","true","40","falha","50","100","50","0","0","304.786555","305.521458","0","0","0","0","0","0",""
"2B","C2","1","1","true","45","falha","51","100","51","0","0","304.760392","305.771283","0","0","0","0","0","0",""
"2B","C2","1","1","true","50","falha","50","100","50","0","0","304.795173","305.754697","0","0","0","0","0","0",""
"2B","C2","1","1","true","55","falha","53","79.245283","42","0","0","304.570511","305.834761","0","0","0","0","0","0","fim_falha"
"2B","C2","1","1","true","60","depois","49","0","0","0","0","7.518048","1041.302488","0","53","53","0","0","0",""
"2B","C2","1","1","true","65","depois","50","0","0","0","0","7.127695","7.991269","0","50","50","0","0","0",""
"2B","C2","1","1","true","70","depois","51","0","0","0","0","7.226538","7.655548","0","50","50","0","0","0",""
"2B","C2","1","1","true","75","depois","49","0","0","0","0","7.250939","7.7739","3","50","50","0","0","0",""
"2B","C2","1","1","true","80","depois","50","0","0","0","0","7.200441","8.606712","3","50","50","0","0","0",""
"2B","C2","1","1","true","85","depois","50","0","0","0","0","7.165104","7.587731","1","50","50","0","0","0",""
"2B","C2","1","1","true","90","depois","50","0","0","0","0","7.100532","7.528721","4","50","50","0","0","0",""
"2B","C2","1","1","true","95","depois","50","0","0","0","0","7.083576","7.720271","2","50","50","0","0","0",""
"2B","C2","1","1","true","100","depois","50","0","0","0","0","7.157507","7.612506","1","50","50","0","0","0",""
"2B","C2","1","1","true","105","depois","50","0","0","0","0","7.190783","7.875942","4","50","50","0","0","0",""
"2B","C2","1","1","true","110","depois","50","0","0","0","0","7.36482","1113.328922","3","50","50","0","0","0",""
"2B","C2","1","1","true","115","depois","50","0","0","0","0","7.127017","7.702237","2","50","50","0","0","0",""
"2B","C2","1","1","true","120","depois","50","0","0","0","0","7.195613","7.745806","1","50","50","0","0","0",""
"2B","C2","1","1","true","125","depois","50","0","0","0","0","7.240215","7.565524","4","50","50","0","0","0",""
"2B","C2","1","1","true","130","depois","50","0","0","0","0","7.406477","8.13783","3","50","50","0","0","0",""
"2B","C2","1","1","true","135","depois","50","0","0","0","0","7.34805","7.734661","3","50","50","0","0","0",""
"2B","C2","1","1","true","140","depois","50","0","0","0","0","7.149162","7.546876","3","50","50","0","0","0",""
"2B","C2","1","1","true","145","depois","50","0","0","0","0","7.217203","7.785535","1","50","50","0","0","0",""
"2B","C2","1","1","true","150","depois","50","0","0","0","0","7.316963","8.151727","4","50","50","0","0","0",""
"2B","C2","1","1","true","155","depois","50","0","0","0","0","7.200668","7.901366","1","50","50","0","0","0",""
"2B","C2","1","1","true","160","depois","50","0","0","0","0","7.254386","645.191389","5","50","50","0","0","0",""
"2B","C2","1","1","true","165","depois","50","0","0","0","0","7.121763","7.681216","2","50","50","0","0","0",""
"2B","C2","1","1","true","170","depois","50","0","0","0","0","7.147324","7.632603","1","50","50","0","0","0",""
"2B","C2","1","1","true","175","depois","50","0","0","0","0","7.132522","7.691724","4","50","50","0","0","0",""
"2B","C2","1","1","true","180","depois","50","0","0","0","0","7.224289","7.622466","4","50","50","0","0","0",""
"2B","C2","1","1","true","185","depois","50","0","0","0","0","7.193181","8.25453","1","50","50","0","0","0",""
"2B","C2","1","1","true","190","depois","50","0","0","0","0","7.295107","7.866029","5","50","50","0","0","0",""
"2B","C2","1","1","true","195","depois","50","0","0","0","0","7.203558","7.807578","2","50","50","0","0","0",""
"2B","C2","1","1","true","200","depois","50","0","0","0","0","7.114019","7.55376","3","50","50","0","0","0",""
"2B","C2","1","1","true","205","depois","50","0","0","0","0","7.159686","8.132174","3","50","50","0","0","0",""
"2B","C2","1","1","true","210","depois","50","0","0","0","0","7.133293","7.65861","2","50","50","0","0","0",""
"2B","C2","1","1","true","215","depois","50","0","0","0","0","7.467625","936.016185","3","50","50","0","0","0",""
"2B","C2","1","1","true","220","depois","50","0","0","0","0","7.162802","7.651332","0","50","50","0","0","0",""
"2B","C2","1","1","true","225","depois","50","0","0","0","0","7.181285","7.925325","5","50","50","0","0","0",""
"2B","C2","1","1","true","230","depois","50","0","0","0","0","7.209532","7.721899","0","50","50","0","0","0",""
"2B","C2","1","1","true","235","depois","43","0","0","0","0","7.118881","7.563713","5","50","50","0","0","0",""
"2B","C2","1","1","true","240","depois","0","","0","0","0","","","0","0","0","0","0","0",""
"2B","C2","1","1","true","245","depois","0","","0","0","0","","","0","0","0","0","0","0",""
"2B","C2","1","1","true","250","depois","0","","0","0","0","","","0","0","0","0","0","0",""
"2B","C2","2","1","true","-120","aquecimento","50","0","0","0","0","7.256703","7.793817","0","50","50","0","0","0",""
"2B","C2","2","1","true","-115","aquecimento","50","0","0","0","0","7.193643","7.78004","1","50","50","0","0","0",""
"2B","C2","2","1","true","-110","aquecimento","50","0","0","0","0","7.169207","7.911483","4","50","50","0","0","0",""
"2B","C2","2","1","true","-105","aquecimento","50","0","0","0","0","7.055758","7.521387","3","50","50","0","0","0",""
"2B","C2","2","1","true","-100","aquecimento","50","0","0","0","0","7.100744","7.881709","2","50","50","0","0","0",""
"2B","C2","2","1","true","-95","aquecimento","50","0","0","0","0","7.214054","7.900257","2","50","50","0","0","0",""
"2B","C2","2","1","true","-90","aquecimento","50","0","0","0","0","7.109474","7.592128","5","50","50","0","0","0",""
"2B","C2","2","1","true","-85","aquecimento","50","0","0","0","0","7.06262","7.625895","0","50","50","0","0","0",""
"2B","C2","2","1","true","-80","aquecimento","50","0","0","0","0","8.267649","953.018232","3","50","50","0","0","0",""
"2B","C2","2","1","true","-75","aquecimento","50","0","0","0","0","7.16578","7.610237","4","50","50","0","0","0",""
"2B","C2","2","1","true","-70","aquecimento","50","0","0","0","0","7.173142","7.724785","1","50","50","0","0","0",""
"2B","C2","2","1","true","-65","aquecimento","50","0","0","0","0","7.192204","7.653098","2","50","50","0","0","0",""
"2B","C2","2","1","true","-60","antes","50","0","0","0","0","7.151276","7.649707","3","50","50","0","0","0",""
"2B","C2","2","1","true","-55","antes","50","0","0","0","0","7.122746","7.727059","2","50","50","0","0","0",""
"2B","C2","2","1","true","-50","antes","50","0","0","0","0","7.351571","8.200935","2","50","50","0","0","0",""
"2B","C2","2","1","true","-45","antes","50","0","0","0","0","7.275502","8.028493","3","50","50","0","0","0",""
"2B","C2","2","1","true","-40","antes","50","0","0","0","0","7.190784","7.580812","4","50","50","0","0","0",""
"2B","C2","2","1","true","-35","antes","50","0","0","0","0","7.119332","8.230917","1","50","50","0","0","0",""
"2B","C2","2","1","true","-30","antes","50","0","0","0","0","7.158952","7.538551","1","50","50","0","0","0",""
"2B","C2","2","1","true","-25","antes","50","0","0","0","0","7.552207","1342.762453","3","50","50","0","0","0",""
"2B","C2","2","1","true","-20","antes","50","0","0","0","0","7.218295","7.826832","3","50","50","0","0","0",""
"2B","C2","2","1","true","-15","antes","50","0","0","0","0","7.101647","7.687624","2","50","50","0","0","0",""
"2B","C2","2","1","true","-10","antes","50","0","0","0","0","7.122948","7.595527","2","50","50","0","0","0",""
"2B","C2","2","1","true","-5","antes","47","8.510638","4","0","0","7.194598","304.851114","4","50","50","0","0","0",""
"2B","C2","2","1","true","0","falha","50","100","50","0","0","304.586804","305.611225","0","0","0","0","0","0","inicio_falha"
"2B","C2","2","1","true","5","falha","50","100","50","0","0","304.637972","305.783626","0","0","0","0","0","0",""
"2B","C2","2","1","true","10","falha","50","100","50","0","0","304.840026","305.648059","0","0","0","0","0","0",""
"2B","C2","2","1","true","15","falha","50","100","50","0","0","304.943072","305.834001","0","0","0","0","0","0",""
"2B","C2","2","1","true","20","falha","50","100","50","0","0","304.60889","305.682841","0","0","0","0","0","0",""
"2B","C2","2","1","true","25","falha","50","100","50","0","0","304.728049","305.667421","0","0","0","0","0","0",""
"2B","C2","2","1","true","30","falha","50","100","50","0","0","304.722659","305.555275","0","0","0","0","0","0",""
"2B","C2","2","1","true","35","falha","50","100","50","0","0","304.727163","305.360357","0","0","0","0","0","0",""
"2B","C2","2","1","true","40","falha","50","100","50","0","0","304.613505","305.760326","0","0","0","0","0","0",""
"2B","C2","2","1","true","45","falha","50","100","50","0","0","304.455754","305.654725","0","0","0","0","0","0",""
"2B","C2","2","1","true","50","falha","50","100","50","0","0","304.770137","305.776146","0","0","0","0","0","0",""
"2B","C2","2","1","true","55","falha","53","81.132075","43","0","0","304.422976","305.861737","0","0","0","0","0","0","fim_falha"
"2B","C2","2","1","true","60","depois","50","0","0","0","0","7.338429","8.59144","0","53","53","0","0","0",""
"2B","C2","2","1","true","65","depois","50","0","0","0","0","7.136221","7.593096","1","50","50","0","0","0",""
"2B","C2","2","1","true","70","depois","50","0","0","0","0","7.350439","1096.861755","5","50","50","0","0","0",""
"2B","C2","2","1","true","75","depois","50","0","0","0","0","7.133201","7.592616","3","50","50","0","0","0",""
"2B","C2","2","1","true","80","depois","50","0","0","0","0","7.19802","7.775746","2","50","50","0","0","0",""
"2B","C2","2","1","true","85","depois","50","0","0","0","0","7.139602","7.521832","2","50","50","0","0","0",""
"2B","C2","2","1","true","90","depois","50","0","0","0","0","7.182477","7.851537","3","50","50","0","0","0",""
"2B","C2","2","1","true","95","depois","50","0","0","0","0","7.048778","7.542621","3","50","50","0","0","0",""
"2B","C2","2","1","true","100","depois","50","0","0","0","0","7.141547","7.733424","2","50","50","0","0","0",""
"2B","C2","2","1","true","105","depois","50","0","0","0","0","7.077007","7.494382","3","50","50","0","0","0",""
"2B","C2","2","1","true","110","depois","50","0","0","0","0","7.200526","8.247227","1","50","50","0","0","0",""
"2B","C2","2","1","true","115","depois","50","0","0","0","0","7.172577","7.686511","5","50","50","0","0","0",""
"2B","C2","2","1","true","120","depois","50","0","0","0","0","7.116531","7.78143","2","50","50","0","0","0",""
"2B","C2","2","1","true","125","depois","50","0","0","0","0","7.254461","951.552416","4","50","50","0","0","0",""
"2B","C2","2","1","true","130","depois","50","0","0","0","0","7.288092","8.274725","2","50","50","0","0","0",""
"2B","C2","2","1","true","135","depois","50","0","0","0","0","7.269238","7.828802","4","50","50","0","0","0",""
"2B","C2","2","1","true","140","depois","50","0","0","0","0","7.135174","7.708213","3","50","50","0","0","0",""
"2B","C2","2","1","true","145","depois","50","0","0","0","0","7.19164","8.674361","2","50","50","0","0","0",""
"2B","C2","2","1","true","150","depois","50","0","0","0","0","7.429255","8.230676","5","50","50","0","0","0",""
"2B","C2","2","1","true","155","depois","50","0","0","0","0","7.151242","7.588153","1","50","50","0","0","0",""
"2B","C2","2","1","true","160","depois","50","0","0","0","0","7.182528","7.703049","3","50","50","0","0","0",""
"2B","C2","2","1","true","165","depois","50","0","0","0","0","7.11851","7.572444","3","50","50","0","0","0",""
"2B","C2","2","1","true","170","depois","50","0","0","0","0","7.14783","7.641762","3","50","50","0","0","0",""
"2B","C2","2","1","true","175","depois","50","0","0","0","0","7.212237","7.836751","1","50","50","0","0","0",""
"2B","C2","2","1","true","180","depois","50","0","0","0","0","7.222267","7.853328","4","50","50","0","0","0",""
"2B","C2","2","1","true","185","depois","50","0","0","0","0","8.041591","1752.839096","2","50","50","0","0","0",""
"2B","C2","2","1","true","190","depois","50","0","0","0","0","7.235378","9.082302","4","50","50","0","0","0",""
"2B","C2","2","1","true","195","depois","50","0","0","0","0","7.186623","7.717106","3","50","50","0","0","0",""
"2B","C2","2","1","true","200","depois","50","0","0","0","0","7.174913","8.029144","2","50","50","0","0","0",""
"2B","C2","2","1","true","205","depois","50","0","0","0","0","7.178608","8.134018","0","50","50","0","0","0",""
"2B","C2","2","1","true","210","depois","50","0","0","0","0","7.146172","7.718705","5","50","50","0","0","0",""
"2B","C2","2","1","true","215","depois","50","0","0","0","0","7.115702","7.522439","2","50","50","0","0","0",""
"2B","C2","2","1","true","220","depois","50","0","0","0","0","7.166985","8.164673","3","50","50","0","0","0",""
"2B","C2","2","1","true","225","depois","50","0","0","0","0","7.145717","7.797496","2","50","50","0","0","0",""
"2B","C2","2","1","true","230","depois","50","0","0","0","0","7.218328","8.025332","4","50","50","0","0","0",""
"2B","C2","2","1","true","235","depois","43","0","0","0","0","7.178621","938.963192","0","50","50","0","0","0",""
"2B","C2","2","1","true","240","depois","0","","0","0","0","","","0","0","0","0","0","0",""
"2B","C2","2","1","true","245","depois","0","","0","0","0","","","0","0","0","0","0","0",""
"2B","C2","2","1","true","250","depois","0","","0","0","0","","","0","0","0","0","0","0",""
"2B","C2","3","4","true","-120","aquecimento","50","0","0","0","0","7.210042","7.956867","0","50","50","0","0","0",""
"2B","C2","3","4","true","-115","aquecimento","50","0","0","0","0","11.949003","12.943824","0","50","50","0","0","0",""
"2B","C2","3","4","true","-110","aquecimento","50","0","0","0","0","12.829406","13.31197","1","50","50","0","0","0",""
"2B","C2","3","4","true","-105","aquecimento","50","0","0","0","0","7.170837","12.332094","1","50","50","0","0","0",""
"2B","C2","3","4","true","-100","aquecimento","42","0","0","0","0","14.103906","551.506075","3","42","42","0","0","0",""
"2B","C2","3","4","true","-95","aquecimento","58","0","0","0","0","15.360241","872.826278","2","58","58","0","0","0",""
"2B","C2","3","4","true","-90","aquecimento","50","0","0","0","0","7.708003","16.248306","0","50","50","0","0","0",""
"2B","C2","3","4","true","-85","aquecimento","50","0","0","0","0","7.375092","17.196764","0","50","50","0","0","0",""
"2B","C2","3","4","true","-80","aquecimento","50","0","0","0","0","7.875053","17.230142","1","50","50","0","0","0",""
"2B","C2","3","4","true","-75","aquecimento","50","0","0","0","0","13.49806","18.195073","1","50","50","0","0","0",""
"2B","C2","3","4","true","-70","aquecimento","50","0","0","0","0","18.170096","19.156609","2","50","50","0","0","0",""
"2B","C2","3","4","true","-65","aquecimento","50","0","0","0","0","18.997757","19.276144","3","50","50","0","0","0",""
"2B","C2","3","4","true","-60","antes","50","0","0","0","0","18.848745","19.225997","2","50","50","0","0","0",""
"2B","C2","3","4","true","-55","antes","50","0","0","0","0","7.236233","16.368489","4","50","50","0","0","0",""
"2B","C2","3","4","true","-50","antes","50","0","0","0","0","7.456898","19.052495","1","50","50","0","0","0",""
"2B","C2","3","4","true","-45","antes","50","0","0","0","0","18.814093","19.345086","1","50","50","0","0","0",""
"2B","C2","3","4","true","-40","antes","50","0","0","0","0","18.922142","911.717389","1","50","50","0","0","0",""
"2B","C2","3","4","true","-35","antes","50","0","0","0","0","7.21247","7.630471","0","50","50","0","0","0",""
"2B","C2","3","4","true","-30","antes","50","0","0","0","0","7.145006","7.559024","1","50","50","0","0","0",""
"2B","C2","3","4","true","-25","antes","50","0","0","0","0","7.135416","7.570873","2","50","50","0","0","0",""
"2B","C2","3","4","true","-20","antes","50","0","0","0","0","7.148277","7.964646","1","50","50","0","0","0",""
"2B","C2","3","4","true","-15","antes","50","0","0","0","0","7.194874","7.767044","3","50","50","0","0","0",""
"2B","C2","3","4","true","-10","antes","50","0","0","0","0","7.135807","7.46627","2","50","50","0","0","0",""
"2B","C2","3","4","true","-5","antes","47","2.12766","1","0","0","7.139581","7.988024","2","50","50","0","0","0",""
"2B","C2","3","4","true","0","falha","50","100","50","0","0","304.642994","305.609323","3","0","0","0","0","0","inicio_falha"
"2B","C2","3","4","true","5","falha","50","100","50","0","0","304.701476","305.926467","0","0","0","0","0","0",""
"2B","C2","3","4","true","10","falha","50","100","50","0","0","304.688557","305.731076","0","0","0","0","0","0",""
"2B","C2","3","4","true","15","falha","50","100","50","0","0","304.62359","305.646185","0","0","0","0","0","0",""
"2B","C2","3","4","true","20","falha","50","100","50","0","0","304.511549","305.772453","0","0","0","0","0","0",""
"2B","C2","3","4","true","25","falha","50","100","50","0","0","304.512831","305.847727","0","0","0","0","0","0",""
"2B","C2","3","4","true","30","falha","50","100","50","0","0","304.668786","305.688308","0","0","0","0","0","0",""
"2B","C2","3","4","true","35","falha","50","100","50","0","0","304.623652","305.784971","0","0","0","0","0","0",""
"2B","C2","3","4","true","40","falha","50","100","50","0","0","304.960934","305.971391","0","0","0","0","0","0",""
"2B","C2","3","4","true","45","falha","50","100","50","0","0","304.628324","305.716173","0","0","0","0","0","0",""
"2B","C2","3","4","true","50","falha","50","100","50","0","0","304.458541","305.83652","0","0","0","0","0","0",""
"2B","C2","3","4","true","55","falha","53","86.792453","46","0","0","304.61375","305.753501","0","0","0","0","0","0","fim_falha"
"2B","C2","3","4","true","60","depois","50","0","0","0","0","7.418846","1000.340582","0","41","41","0","0","0",""
"2B","C2","3","4","true","65","depois","50","0","0","0","0","7.197743","7.613201","0","62","62","0","0","0",""
"2B","C2","3","4","true","70","depois","50","0","0","0","0","7.228001","7.81212","0","50","50","0","0","0",""
"2B","C2","3","4","true","75","depois","50","0","0","0","0","7.190932","8.135705","0","50","50","0","0","0",""
"2B","C2","3","4","true","80","depois","50","0","0","0","0","7.179642","7.603032","2","50","50","0","0","0",""
"2B","C2","3","4","true","85","depois","50","0","0","0","0","7.165006","7.641953","4","50","50","0","0","0",""
"2B","C2","3","4","true","90","depois","50","0","0","0","0","7.114222","7.834047","1","50","50","0","0","0",""
"2B","C2","3","4","true","95","depois","50","0","0","0","0","7.147248","7.90238","1","50","50","0","0","0",""
"2B","C2","3","4","true","100","depois","50","0","0","0","0","7.138874","7.4785","5","50","50","0","0","0",""
"2B","C2","3","4","true","105","depois","50","0","0","0","0","7.219759","7.627014","3","50","50","0","0","0",""
"2B","C2","3","4","true","110","depois","50","0","0","0","0","7.134107","7.572022","2","50","50","0","0","0",""
"2B","C2","3","4","true","115","depois","50","0","0","0","0","7.117305","7.559051","1","50","50","0","0","0",""
"2B","C2","3","4","true","120","depois","50","0","0","0","0","7.542161","1199.768181","4","50","50","0","0","0",""
"2B","C2","3","4","true","125","depois","50","0","0","0","0","7.191384","7.889309","3","50","50","0","0","0",""
"2B","C2","3","4","true","130","depois","50","0","0","0","0","7.339769","8.060283","1","50","50","0","0","0",""
"2B","C2","3","4","true","135","depois","50","0","0","0","0","7.191504","7.518074","3","50","50","0","0","0",""
"2B","C2","3","4","true","140","depois","50","0","0","0","0","7.111836","7.418476","2","50","50","0","0","0",""
"2B","C2","3","4","true","145","depois","50","0","0","0","0","7.169358","7.874723","4","50","50","0","0","0",""
"2B","C2","3","4","true","150","depois","50","0","0","0","0","7.363866","7.948163","0","50","50","0","0","0",""
"2B","C2","3","4","true","155","depois","50","0","0","0","0","7.159451","7.900697","1","50","50","0","0","0",""
"2B","C2","3","4","true","160","depois","50","0","0","0","0","7.107696","7.803206","4","50","50","0","0","0",""
"2B","C2","3","4","true","165","depois","45","0","0","0","0","7.162317","7.623423","1","48","48","0","0","0",""
"2B","C2","3","4","true","170","depois","55","0","0","0","0","7.24125","855.665382","4","52","52","0","0","0",""
"2B","C2","3","4","true","175","depois","50","0","0","0","0","7.188013","7.580895","0","50","50","0","0","0",""
"2B","C2","3","4","true","180","depois","50","0","0","0","0","7.097471","7.583859","0","50","50","0","0","0",""
"2B","C2","3","4","true","185","depois","50","0","0","0","0","7.1939","7.533975","3","50","50","0","0","0",""
"2B","C2","3","4","true","190","depois","50","0","0","0","0","7.250401","8.023038","2","50","50","0","0","0",""
"2B","C2","3","4","true","195","depois","50","0","0","0","0","7.208931","7.904429","3","50","50","0","0","0",""
"2B","C2","3","4","true","200","depois","50","0","0","0","0","7.258373","8.1016","2","50","50","0","0","0",""
"2B","C2","3","4","true","205","depois","50","0","0","0","0","7.199966","7.683614","0","50","50","0","0","0",""
"2B","C2","3","4","true","210","depois","50","0","0","0","0","7.15602","8.311744","5","50","50","0","0","0",""
"2B","C2","3","4","true","215","depois","50","0","0","0","0","7.094214","7.544919","5","50","50","0","0","0",""
"2B","C2","3","4","true","220","depois","50","0","0","0","0","7.169037","7.713989","0","50","50","0","0","0",""
"2B","C2","3","4","true","225","depois","50","0","0","0","0","7.298863","1081.607168","0","50","50","0","0","0",""
"2B","C2","3","4","true","230","depois","50","0","0","0","0","7.114145","7.793407","0","50","50","0","0","0",""
"2B","C2","3","4","true","235","depois","46","0","0","0","0","7.20965","7.651048","1","50","50","0","0","0",""
"2B","C2","3","4","true","240","depois","0","","0","0","0","","","4","0","0","0","0","0",""
"2B","C2","3","4","true","245","depois","0","","0","0","0","","","0","0","0","0","0","0",""
"2B","C2","3","4","true","250","depois","0","","0","0","0","","","0","0","0","0","0","0",""
"2B","C3","1","4","true","-120","aquecimento","50","0","0","0","0","7.211918","7.754911","0","50","50","0","0","0",""
"2B","C3","1","4","true","-115","aquecimento","50","0","0","0","0","7.160089","7.60432","0","50","50","0","0","0",""
"2B","C3","1","4","true","-110","aquecimento","50","0","0","0","0","7.146928","8.586037","1","50","50","0","0","0",""
"2B","C3","1","4","true","-105","aquecimento","50","0","0","0","0","7.057982","7.368653","2","50","50","0","0","0",""
"2B","C3","1","4","true","-100","aquecimento","50","0","0","0","0","7.073012","8.145475","3","50","50","0","0","0",""
"2B","C3","1","4","true","-95","aquecimento","50","0","0","0","0","6.985448","7.473431","4","50","50","0","0","0",""
"2B","C3","1","4","true","-90","aquecimento","50","0","0","0","0","7.093815","7.802954","1","50","50","0","0","0",""
"2B","C3","1","4","true","-85","aquecimento","50","0","0","0","0","9.541334","1102.513727","3","50","50","0","0","0",""
"2B","C3","1","4","true","-80","aquecimento","50","0","0","0","0","7.239141","7.896909","2","50","50","0","0","0",""
"2B","C3","1","4","true","-75","aquecimento","50","0","0","0","0","7.02121","7.456974","4","50","50","0","0","0",""
"2B","C3","1","4","true","-70","aquecimento","50","0","0","0","0","9.123544","9.58664","3","50","50","0","0","0",""
"2B","C3","1","4","true","-65","aquecimento","50","0","0","0","0","10.006821","10.565074","1","50","50","0","0","0",""
"2B","C3","1","4","true","-60","antes","50","0","0","0","0","11.041453","11.435154","3","50","50","0","0","0",""
"2B","C3","1","4","true","-55","antes","50","0","0","0","0","12.070766","12.360994","2","50","50","0","0","0",""
"2B","C3","1","4","true","-50","antes","50","0","0","0","0","7.335826","12.19852","2","50","50","0","0","0",""
"2B","C3","1","4","true","-45","antes","50","0","0","0","0","13.097057","13.713107","3","50","50","0","0","0",""
"2B","C3","1","4","true","-40","antes","50","0","0","0","0","14.143477","14.544846","0","50","50","0","0","0",""
"2B","C3","1","4","true","-35","antes","50","0","0","0","0","14.864792","15.344727","0","50","50","0","0","0",""
"2B","C3","1","4","true","-30","antes","46","0","0","0","0","7.159742","8.228961","0","50","50","0","0","0",""
"2B","C3","1","4","true","-25","antes","54","0","0","0","0","7.135741","942.102627","3","50","50","0","0","0",""
"2B","C3","1","4","true","-20","antes","50","0","0","0","0","7.133844","7.977297","0","50","50","0","0","0",""
"2B","C3","1","4","true","-15","antes","50","0","0","0","0","7.634845","18.276081","2","50","50","0","0","0",""
"2B","C3","1","4","true","-10","antes","50","0","0","0","0","18.209673","19.128158","1","50","50","0","0","0",""
"2B","C3","1","4","true","-5","antes","48","14.583333","7","0","0","18.910258","305.434745","0","50","50","0","0","0",""
"2B","C3","1","4","true","0","falha","52","100","52","0","0","0.484024","0.561521","4","0","0","2","4.295264","0","inicio_falha"
"2B","C3","1","4","true","5","falha","49","100","49","0","0","0.482205","0.608327","0","0","0","2","5","0",""
"2B","C3","1","4","true","10","falha","51","100","51","0","0","0.491775","304.570208","0","0","0","2","4.695286","0",""
"2B","C3","1","4","true","15","falha","50","100","50","0","0","0.482304","0.526794","0","0","0","2","5","0",""
"2B","C3","1","4","true","20","falha","50","100","50","0","0","0.548592","304.500576","0","0","0","2","4.696024","0",""
"2B","C3","1","4","true","25","falha","50","100","50","0","0","0.483949","0.581771","0","0","0","2","5","0",""
"2B","C3","1","4","true","30","falha","50","100","50","0","0","0.495382","304.270277","0","0","0","2","4.695879","0",""
"2B","C3","1","4","true","35","falha","50","100","50","0","0","0.48576","0.570542","0","0","0","2","5","0",""
"2B","C3","1","4","true","40","falha","50","100","50","0","0","0.503151","304.220191","0","0","0","2","4.696001","0",""
"2B","C3","1","4","true","45","falha","50","100","50","0","0","0.481607","0.537343","0","0","0","2","5","0",""
"2B","C3","1","4","true","50","falha","50","100","50","0","0","0.485953","304.218763","0","0","0","2","4.695859","0",""
"2B","C3","1","4","true","55","falha","50","100","50","0","0","0.48981","0.550903","0","0","0","2","5","0","fim_falha"
"2B","C3","1","4","true","60","depois","50","38","19","0","0","13.05775","14.049095","0","22","22","2","2.79912","0",""
"2B","C3","1","4","true","65","depois","50","0","0","0","0","14.062508","14.783995","0","50","50","0","0","0",""
"2B","C3","1","4","true","70","depois","50","0","0","0","0","15.180517","15.936901","0","50","50","0","0","0",""
"2B","C3","1","4","true","75","depois","50","0","0","0","0","7.14369","16.062809","0","50","50","0","0","0",""
"2B","C3","1","4","true","80","depois","50","0","0","0","0","17.894886","1019.43134","5","50","50","0","0","0",""
"2B","C3","1","4","true","85","depois","50","0","0","0","0","18.163018","18.918701","1","50","50","0","0","0",""
"2B","C3","1","4","true","90","depois","50","0","0","0","0","18.842807","19.256338","0","50","50","0","0","0",""
"2B","C3","1","4","true","95","depois","50","0","0","0","0","18.920243","19.238077","5","50","50","0","0","0",""
"2B","C3","1","4","true","100","depois","50","0","0","0","0","18.954171","19.762442","5","50","50","0","0","0",""
"2B","C3","1","4","true","105","depois","50","0","0","0","0","18.937341","19.433613","0","50","50","0","0","0",""
"2B","C3","1","4","true","110","depois","50","0","0","0","0","7.100328","7.743095","1","50","50","0","0","0",""
"2B","C3","1","4","true","115","depois","50","0","0","0","0","19.081345","19.629196","0","50","50","0","0","0",""
"2B","C3","1","4","true","120","depois","50","0","0","0","0","7.250026","19.922658","0","50","50","0","0","0",""
"2B","C3","1","4","true","125","depois","50","0","0","0","0","7.31597","740.796128","5","50","50","0","0","0",""
"2B","C3","1","4","true","130","depois","50","0","0","0","0","7.798457","502.970862","8","40","40","0","0","0",""
"2B","C3","1","4","true","135","depois","50","0","0","0","0","7.160637","8.525233","1","60","60","0","0","0",""
"2B","C3","1","4","true","140","depois","50","0","0","0","0","374.624318","1126.353021","0","50","50","0","0","0",""
"2B","C3","1","4","true","145","depois","50","0","0","0","0","7.091167","7.355103","11","50","50","0","0","0",""
"2B","C3","1","4","true","150","depois","50","0","0","0","0","7.186613","7.821795","1","50","50","0","0","0",""
"2B","C3","1","4","true","155","depois","50","0","0","0","0","7.087586","7.497121","4","50","50","0","0","0",""
"2B","C3","1","4","true","160","depois","50","0","0","0","0","7.130612","7.809049","1","50","50","0","0","0",""
"2B","C3","1","4","true","165","depois","50","0","0","0","0","7.150567","7.552567","1","50","50","0","0","0",""
"2B","C3","1","4","true","170","depois","50","0","0","0","0","7.07992","7.758623","1","50","50","0","0","0",""
"2B","C3","1","4","true","175","depois","50","0","0","0","0","7.049727","7.411472","4","50","50","0","0","0",""
"2B","C3","1","4","true","180","depois","50","0","0","0","0","7.123702","868.760273","4","50","50","0","0","0",""
"2B","C3","1","4","true","185","depois","50","0","0","0","0","7.131676","7.555735","1","50","50","0","0","0",""
"2B","C3","1","4","true","190","depois","50","0","0","0","0","7.337636","8.216762","2","50","50","0","0","0",""
"2B","C3","1","4","true","195","depois","50","0","0","0","0","7.131397","7.433004","2","50","50","0","0","0",""
"2B","C3","1","4","true","200","depois","50","0","0","0","0","7.126085","7.630357","3","50","50","0","0","0",""
"2B","C3","1","4","true","205","depois","50","0","0","0","0","7.08245","7.456892","3","50","50","0","0","0",""
"2B","C3","1","4","true","210","depois","50","0","0","0","0","7.142028","7.723353","2","50","50","0","0","0",""
"2B","C3","1","4","true","215","depois","50","0","0","0","0","7.177212","7.649301","2","50","50","0","0","0",""
"2B","C3","1","4","true","220","depois","50","0","0","0","0","7.058105","7.979403","3","50","50","0","0","0",""
"2B","C3","1","4","true","225","depois","50","0","0","0","0","7.336788","932.585456","4","42","42","0","0","0",""
"2B","C3","1","4","true","230","depois","50","0","0","0","0","7.245127","8.405365","4","58","58","0","0","0",""
"2B","C3","1","4","true","235","depois","41","0","0","0","0","7.127805","7.477479","2","50","50","0","0","0",""
"2B","C3","1","4","true","240","depois","0","","0","0","0","","","0","0","0","0","0","0",""
"2B","C3","1","4","true","245","depois","0","","0","0","0","","","0","0","0","0","0","0",""
"2B","C3","1","4","true","250","depois","0","","0","0","0","","","0","0","0","0","0","0",""
"2B","C3","2","2","true","-120","aquecimento","50","0","0","0","0","7.358352","7.972843","0","50","50","0","0","0",""
"2B","C3","2","2","true","-115","aquecimento","50","0","0","0","0","7.336537","7.93016","0","50","50","0","0","0",""
"2B","C3","2","2","true","-110","aquecimento","50","0","0","0","0","7.297861","9.634773","5","50","50","0","0","0",""
"2B","C3","2","2","true","-105","aquecimento","50","0","0","0","0","7.172033","7.595069","2","50","50","0","0","0",""
"2B","C3","2","2","true","-100","aquecimento","50","0","0","0","0","7.252789","8.019379","1","50","50","0","0","0",""
"2B","C3","2","2","true","-95","aquecimento","50","0","0","0","0","8.122107","8.461009","4","50","50","0","0","0",""
"2B","C3","2","2","true","-90","aquecimento","50","0","0","0","0","9.082164","9.465875","0","50","50","0","0","0",""
"2B","C3","2","2","true","-85","aquecimento","50","0","0","0","0","7.235299","7.722422","5","50","50","0","0","0",""
"2B","C3","2","2","true","-80","aquecimento","50","0","0","0","0","9.602414","982.554813","0","50","50","0","0","0",""
"2B","C3","2","2","true","-75","aquecimento","50","0","0","0","0","7.522209","13.092655","2","50","50","0","0","0",""
"2B","C3","2","2","true","-70","aquecimento","50","0","0","0","0","13.184026","14.169255","0","50","50","0","0","0",""
"2B","C3","2","2","true","-65","aquecimento","50","0","0","0","0","14.309144","15.221377","2","50","50","0","0","0",""
"2B","C3","2","2","true","-60","antes","50","0","0","0","0","15.176874","16.215238","4","50","50","0","0","0",""
"2B","C3","2","2","true","-55","antes","50","0","0","0","0","16.242539","17.072326","0","50","50","0","0","0",""
"2B","C3","2","2","true","-50","antes","50","0","0","0","0","7.358901","17.287254","3","50","50","0","0","0",""
"2B","C3","2","2","true","-45","antes","50","0","0","0","0","7.384598","17.250188","1","50","50","0","0","0",""
"2B","C3","2","2","true","-40","antes","50","0","0","0","0","7.408437","18.296048","0","50","50","0","0","0",""
"2B","C3","2","2","true","-35","antes","50","0","0","0","0","18.548841","19.322916","0","50","50","0","0","0",""
"2B","C3","2","2","true","-30","antes","50","0","0","0","0","19.065514","1338.48253","0","50","50","0","0","0",""
"2B","C3","2","2","true","-25","antes","50","0","0","0","0","19.086374","19.663602","1","50","50","0","0","0",""
"2B","C3","2","2","true","-20","antes","50","0","0","0","0","18.935149","19.567332","1","50","50","0","0","0",""
"2B","C3","2","2","true","-15","antes","50","0","0","0","0","7.343047","19.347527","1","50","50","0","0","0",""
"2B","C3","2","2","true","-10","antes","50","0","0","0","0","19.142825","19.561207","1","50","50","0","0","0",""
"2B","C3","2","2","true","-5","antes","49","0","0","0","0","19.140105","19.856656","4","50","50","0","0","0",""
"2B","C3","2","2","true","0","falha","51","100","51","0","0","0.514498","305.031292","0","0","0","2","4.29406","0","inicio_falha"
"2B","C3","2","2","true","5","falha","50","100","50","0","0","0.517314","0.582344","0","0","0","2","5","0",""
"2B","C3","2","2","true","10","falha","50","100","50","0","0","0.489163","304.079252","0","0","0","2","4.696233","0",""
"2B","C3","2","2","true","15","falha","50","100","50","0","0","0.497238","0.540151","0","0","0","2","5","0",""
"2B","C3","2","2","true","20","falha","50","100","50","0","0","0.493888","303.571662","0","0","0","2","4.696881","0",""
"2B","C3","2","2","true","25","falha","50","100","50","0","0","0.496753","0.590281","0","0","0","2","5","0",""
"2B","C3","2","2","true","30","falha","50","100","50","0","0","0.492738","304.16214","0","0","0","2","4.694721","0",""
"2B","C3","2","2","true","35","falha","50","100","50","0","0","0.489577","0.561908","0","0","0","2","5","0",""
"2B","C3","2","2","true","40","falha","50","100","50","0","0","0.489034","304.686858","0","0","0","2","4.69554","0",""
"2B","C3","2","2","true","45","falha","50","100","50","0","0","0.505094","0.566013","0","0","0","2","5","0",""
"2B","C3","2","2","true","50","falha","50","100","50","0","0","0.514245","304.170852","0","0","0","2","4.695475","0",""
"2B","C3","2","2","true","55","falha","50","100","50","0","0","0.492283","0.561527","0","0","0","2","5","0","fim_falha"
"2B","C3","2","2","true","60","depois","50","54","27","0","0","0.56792","8.059825","0","22","22","2","2.798065","0",""
"2B","C3","2","2","true","65","depois","50","0","0","0","0","7.28831","7.79097","0","50","50","0","0","0",""
"2B","C3","2","2","true","70","depois","50","0","0","0","0","7.50992","806.256481","1","50","50","0","0","0",""
"2B","C3","2","2","true","75","depois","50","0","0","0","0","7.343098","7.731314","4","50","50","0","0","0",""
"2B","C3","2","2","true","80","depois","50","0","0","0","0","7.297712","7.766648","3","50","50","0","0","0",""
"2B","C3","2","2","true","85","depois","50","0","0","0","0","7.226221","7.537637","2","50","50","0","0","0",""
"2B","C3","2","2","true","90","depois","50","0","0","0","0","7.192409","7.774784","3","50","50","0","0","0",""
"2B","C3","2","2","true","95","depois","50","0","0","0","0","7.13817","7.702763","3","50","50","0","0","0",""
"2B","C3","2","2","true","100","depois","50","0","0","0","0","7.244055","7.769791","2","50","50","0","0","0",""
"2B","C3","2","2","true","105","depois","50","0","0","0","0","7.176986","7.579806","3","50","50","0","0","0",""
"2B","C3","2","2","true","110","depois","50","0","0","0","0","7.25286","7.730859","2","50","50","0","0","0",""
"2B","C3","2","2","true","115","depois","50","0","0","0","0","7.243831","7.602919","4","50","50","0","0","0",""
"2B","C3","2","2","true","120","depois","50","0","0","0","0","7.427991","1099.336869","0","36","36","0","0","0",""
"2B","C3","2","2","true","125","depois","50","0","0","0","0","7.262176","7.698273","5","64","64","0","0","0",""
"2B","C3","2","2","true","130","depois","50","0","0","0","0","7.350044","8.483397","3","50","50","0","0","0",""
"2B","C3","2","2","true","135","depois","50","0","0","0","0","7.332588","7.925444","1","50","50","0","0","0",""
"2B","C3","2","2","true","140","depois","50","0","0","0","0","7.253925","7.861866","3","50","50","0","0","0",""
"2B","C3","2","2","true","145","depois","50","0","0","0","0","7.214441","7.613953","2","50","50","0","0","0",""
"2B","C3","2","2","true","150","depois","50","0","0","0","0","7.32931","8.144648","0","50","50","0","0","0",""
"2B","C3","2","2","true","155","depois","50","0","0","0","0","7.23945","7.744766","4","50","50","0","0","0",""
"2B","C3","2","2","true","160","depois","50","0","0","0","0","7.258361","7.770834","3","50","50","0","0","0",""
"2B","C3","2","2","true","165","depois","50","0","0","0","0","7.199174","7.453463","0","50","50","0","0","0",""
"2B","C3","2","2","true","170","depois","50","0","0","0","0","7.309598","7.917672","4","50","50","0","0","0",""
"2B","C3","2","2","true","175","depois","50","0","0","0","0","7.317982","7.680663","4","50","50","0","0","0",""
"2B","C3","2","2","true","180","depois","50","0","0","0","0","7.481074","781.070927","2","50","50","0","0","0",""
"2B","C3","2","2","true","185","depois","50","0","0","0","0","7.289885","7.632761","1","50","50","0","0","0",""
"2B","C3","2","2","true","190","depois","50","0","0","0","0","7.305953","7.974693","2","50","50","0","0","0",""
"2B","C3","2","2","true","195","depois","50","0","0","0","0","7.283061","7.754338","1","50","50","0","0","0",""
"2B","C3","2","2","true","200","depois","50","0","0","0","0","7.340989","7.863282","4","50","50","0","0","0",""
"2B","C3","2","2","true","205","depois","50","0","0","0","0","7.35934","7.761405","1","50","50","0","0","0",""
"2B","C3","2","2","true","210","depois","50","0","0","0","0","7.298308","7.782795","3","50","50","0","0","0",""
"2B","C3","2","2","true","215","depois","50","0","0","0","0","7.242041","7.502069","0","50","50","0","0","0",""
"2B","C3","2","2","true","220","depois","50","0","0","0","0","7.268356","7.949049","3","50","50","0","0","0",""
"2B","C3","2","2","true","225","depois","50","0","0","0","0","7.290508","7.8009","3","50","50","0","0","0",""
"2B","C3","2","2","true","230","depois","50","0","0","0","0","7.312962","8.303673","3","50","50","0","0","0",""
"2B","C3","2","2","true","235","depois","50","0","0","0","0","7.221285","872.981413","3","38","38","0","0","0",""
"2B","C3","2","2","true","240","depois","0","","0","0","0","","","0","13","13","0","0","0",""
"2B","C3","2","2","true","245","depois","0","","0","0","0","","","0","0","0","0","0","0",""
"2B","C3","2","2","true","250","depois","0","","0","0","0","","","0","0","0","0","0","0",""
"2B","C3","3","2","true","-120","aquecimento","50","0","0","0","0","7.271224","8.102965","0","50","50","0","0","0",""
"2B","C3","3","2","true","-115","aquecimento","46","0","0","0","0","7.292364","740.293791","0","40","40","0","0","0",""
"2B","C3","3","2","true","-110","aquecimento","54","0","0","0","0","7.35977","255.712583","0","60","60","0","0","0",""
"2B","C3","3","2","true","-105","aquecimento","50","0","0","0","0","7.132747","32.573031","3","49","49","0","0","0",""
"2B","C3","3","2","true","-100","aquecimento","50","0","0","0","0","7.10667","7.879114","1","51","51","0","0","0",""
"2B","C3","3","2","true","-95","aquecimento","50","0","0","0","0","7.193196","7.741544","0","50","50","0","0","0",""
"2B","C3","3","2","true","-90","aquecimento","50","0","0","0","0","7.195111","8.145265","3","50","50","0","0","0",""
"2B","C3","3","2","true","-85","aquecimento","50","0","0","0","0","7.140278","7.739478","5","50","50","0","0","0",""
"2B","C3","3","2","true","-80","aquecimento","50","0","0","0","0","7.036092","7.825054","1","50","50","0","0","0",""
"2B","C3","3","2","true","-75","aquecimento","50","0","0","0","0","7.100474","8.117959","0","50","50","0","0","0",""
"2B","C3","3","2","true","-70","aquecimento","50","0","0","0","0","7.136223","7.782772","4","50","50","0","0","0",""
"2B","C3","3","2","true","-65","aquecimento","50","0","0","0","0","7.244867","7.617971","4","50","50","0","0","0",""
"2B","C3","3","2","true","-60","antes","50","0","0","0","0","7.15427","7.651793","1","50","50","0","0","0",""
"2B","C3","3","2","true","-55","antes","49","0","0","0","0","7.069372","7.707279","4","50","50","0","0","0",""
"2B","C3","3","2","true","-50","antes","51","0","0","0","0","7.568936","788.0467","0","50","50","0","0","0",""
"2B","C3","3","2","true","-45","antes","50","0","0","0","0","7.221881","7.702776","0","50","50","0","0","0",""
"2B","C3","3","2","true","-40","antes","50","0","0","0","0","7.244404","7.675358","5","50","50","0","0","0",""
"2B","C3","3","2","true","-35","antes","50","0","0","0","0","7.158661","7.568193","3","50","50","0","0","0",""
"2B","C3","3","2","true","-30","antes","50","0","0","0","0","7.081506","7.942861","2","50","50","0","0","0",""
"2B","C3","3","2","true","-25","antes","50","0","0","0","0","7.163525","7.625035","0","50","50","0","0","0",""
"2B","C3","3","2","true","-20","antes","50","0","0","0","0","7.205106","7.802191","0","50","50","0","0","0",""
"2B","C3","3","2","true","-15","antes","50","0","0","0","0","7.123536","7.717101","5","50","50","0","0","0",""
"2B","C3","3","2","true","-10","antes","50","0","0","0","0","7.115109","7.751396","2","50","50","0","0","0",""
"2B","C3","3","2","true","-5","antes","47","2.12766","1","0","0","7.169969","7.566291","3","50","50","0","0","0",""
"2B","C3","3","2","true","0","falha","53","100","53","0","0","0.538778","304.931339","0","0","0","2","4.295594","0","inicio_falha"
"2B","C3","3","2","true","5","falha","50","100","50","0","0","0.518128","0.610972","0","0","0","2","5","0",""
"2B","C3","3","2","true","10","falha","50","100","50","0","0","0.517288","304.318147","0","0","0","2","4.696536","0",""
"2B","C3","3","2","true","15","falha","50","100","50","0","0","0.506237","0.575578","0","0","0","2","5","0",""
"2B","C3","3","2","true","20","falha","50","100","50","0","0","0.523708","304.511126","0","0","0","2","4.696155","0",""
"2B","C3","3","2","true","25","falha","50","100","50","0","0","0.529442","0.633378","0","0","0","2","5","0",""
"2B","C3","3","2","true","30","falha","50","100","50","0","0","0.561438","305.08695","0","0","0","2","4.695371","0",""
"2B","C3","3","2","true","35","falha","50","100","50","0","0","0.514327","0.602804","0","0","0","2","5","0",""
"2B","C3","3","2","true","40","falha","50","100","50","0","0","0.539863","304.872046","0","0","0","2","4.695063","0",""
"2B","C3","3","2","true","45","falha","50","100","50","0","0","0.526508","0.61422","0","0","0","2","5","0",""
"2B","C3","3","2","true","50","falha","50","100","50","0","0","0.528317","303.940025","0","0","0","2","4.695469","0",""
"2B","C3","3","2","true","55","falha","50","100","50","0","0","0.517803","0.600314","0","0","0","2","5","0","fim_falha"
"2B","C3","3","2","true","60","depois","50","48","24","0","0","7.041754","8.193675","0","22","22","2","2.799083","0",""
"2B","C3","3","2","true","65","depois","50","0","0","0","0","7.189664","7.877864","0","50","50","0","0","0",""
"2B","C3","3","2","true","70","depois","50","0","0","0","0","7.244277","7.919935","0","50","50","0","0","0",""
"2B","C3","3","2","true","75","depois","50","0","0","0","0","7.268852","7.759613","5","50","50","0","0","0",""
"2B","C3","3","2","true","80","depois","50","0","0","0","0","7.176909","7.91006","1","50","50","0","0","0",""
"2B","C3","3","2","true","85","depois","50","0","0","0","0","7.217446","7.654957","1","50","50","0","0","0",""
"2B","C3","3","2","true","90","depois","50","0","0","0","0","7.161425","7.552212","0","50","50","0","0","0",""
"2B","C3","3","2","true","95","depois","50","0","0","0","0","7.138624","7.68724","1","50","50","0","0","0",""
"2B","C3","3","2","true","100","depois","42","0","0","0","0","7.186071","8.523029","4","46","46","0","0","0",""
"2B","C3","3","2","true","105","depois","58","0","0","0","0","7.288677","1326.950376","2","54","54","0","0","0",""
"2B","C3","3","2","true","110","depois","50","0","0","0","0","7.154712","7.666877","3","50","50","0","0","0",""
"2B","C3","3","2","true","115","depois","50","0","0","0","0","7.113125","7.316984","0","50","50","0","0","0",""
"2B","C3","3","2","true","120","depois","50","0","0","0","0","7.158439","7.788055","0","50","50","0","0","0",""
"2B","C3","3","2","true","125","depois","50","0","0","0","0","7.177881","7.674832","5","50","50","0","0","0",""
"2B","C3","3","2","true","130","depois","50","0","0","0","0","7.189413","8.485268","1","50","50","0","0","0",""
"2B","C3","3","2","true","135","depois","50","0","0","0","0","7.273115","7.768845","2","50","50","0","0","0",""
"2B","C3","3","2","true","140","depois","50","0","0","0","0","7.128381","7.924318","0","50","50","0","0","0",""
"2B","C3","3","2","true","145","depois","50","0","0","0","0","7.166976","7.739291","4","50","50","0","0","0",""
"2B","C3","3","2","true","150","depois","50","0","0","0","0","7.271506","7.911959","1","50","50","0","0","0",""
"2B","C3","3","2","true","155","depois","50","0","0","0","0","7.156992","7.628682","1","50","50","0","0","0",""
"2B","C3","3","2","true","160","depois","50","0","0","0","0","7.331531","755.282524","3","50","50","0","0","0",""
"2B","C3","3","2","true","165","depois","50","0","0","0","0","7.14337","7.816157","0","50","50","0","0","0",""
"2B","C3","3","2","true","170","depois","50","0","0","0","0","7.140903","7.815838","1","50","50","0","0","0",""
"2B","C3","3","2","true","175","depois","50","0","0","0","0","7.169901","7.75323","3","50","50","0","0","0",""
"2B","C3","3","2","true","180","depois","50","0","0","0","0","7.220208","7.80917","4","50","50","0","0","0",""
"2B","C3","3","2","true","185","depois","50","0","0","0","0","7.204221","7.716527","2","50","50","0","0","0",""
"2B","C3","3","2","true","190","depois","50","0","0","0","0","7.149493","8.513027","1","50","50","0","0","0",""
"2B","C3","3","2","true","195","depois","50","0","0","0","0","7.248465","8.492372","4","50","50","0","0","0",""
"2B","C3","3","2","true","200","depois","50","0","0","0","0","7.142121","8.201089","1","50","50","0","0","0",""
"2B","C3","3","2","true","205","depois","50","0","0","0","0","7.219701","7.594547","4","50","50","0","0","0",""
"2B","C3","3","2","true","210","depois","50","0","0","0","0","7.351652","734.223208","1","50","50","0","0","0",""
"2B","C3","3","2","true","215","depois","50","0","0","0","0","7.123089","7.518167","1","50","50","0","0","0",""
"2B","C3","3","2","true","220","depois","50","0","0","0","0","7.195288","7.744326","2","50","50","0","0","0",""
"2B","C3","3","2","true","225","depois","50","0","0","0","0","7.153332","7.616737","3","50","50","0","0","0",""
"2B","C3","3","2","true","230","depois","50","0","0","0","0","7.135494","7.876172","2","50","50","0","0","0",""
"2B","C3","3","2","true","235","depois","46","0","0","0","0","7.114269","7.380279","4","50","50","0","0","0",""
"2B","C3","3","2","true","240","depois","0","","0","0","0","","","0","0","0","0","0","0",""
"2B","C3","3","2","true","245","depois","0","","0","0","0","","","0","0","0","0","0","0",""
"2B","C3","3","2","true","250","depois","0","","0","0","0","","","0","0","0","0","0","0",""
"2B","C4","1","2","true","-120","aquecimento","50","0","0","0","0","7.172513","7.673812","0","50","50","0","0","0",""
"2B","C4","1","2","true","-115","aquecimento","50","0","0","0","0","7.067357","7.469749","1","50","50","0","0","0",""
"2B","C4","1","2","true","-110","aquecimento","50","0","0","0","0","8.039343","849.115351","3","50","50","0","0","0",""
"2B","C4","1","2","true","-105","aquecimento","50","0","0","0","0","7.077972","7.703493","2","50","50","0","0","0",""
"2B","C4","1","2","true","-100","aquecimento","50","0","0","0","0","7.032675","7.601344","3","50","50","0","0","0",""
"2B","C4","1","2","true","-95","aquecimento","50","0","0","0","0","7.094002","7.851022","5","50","50","0","0","0",""
"2B","C4","1","2","true","-90","aquecimento","50","0","0","0","0","7.172316","7.680147","1","50","50","0","0","0",""
"2B","C4","1","2","true","-85","aquecimento","50","0","0","0","0","7.003797","7.748574","2","50","50","0","0","0",""
"2B","C4","1","2","true","-80","aquecimento","50","0","0","0","0","7.059058","7.466429","2","50","50","0","0","0",""
"2B","C4","1","2","true","-75","aquecimento","50","0","0","0","0","7.061796","7.704345","0","50","50","0","0","0",""
"2B","C4","1","2","true","-70","aquecimento","50","0","0","0","0","7.130224","7.797774","5","50","50","0","0","0",""
"2B","C4","1","2","true","-65","aquecimento","50","0","0","0","0","7.291389","626.786303","2","50","50","0","0","0",""
"2B","C4","1","2","true","-60","antes","50","0","0","0","0","7.0759","7.617378","1","50","50","0","0","0",""
"2B","C4","1","2","true","-55","antes","50","0","0","0","0","7.08243","7.502065","1","50","50","0","0","0",""
"2B","C4","1","2","true","-50","antes","50","0","0","0","0","7.275106","7.898394","4","50","50","0","0","0",""
"2B","C4","1","2","true","-45","antes","50","0","0","0","0","7.210889","7.848542","1","50","50","0","0","0",""
"2B","C4","1","2","true","-40","antes","50","0","0","0","0","7.076356","7.600277","1","50","50","0","0","0",""
"2B","C4","1","2","true","-35","antes","50","0","0","0","0","7.187753","7.68215","5","50","50","0","0","0",""
"2B","C4","1","2","true","-30","antes","50","0","0","0","0","7.065721","7.394386","3","50","50","0","0","0",""
"2B","C4","1","2","true","-25","antes","38","0","0","0","0","7.103242","7.414991","1","46","46","0","0","0",""
"2B","C4","1","2","true","-20","antes","62","0","0","0","0","7.201525","887.152625","14","54","54","0","0","0",""
"2B","C4","1","2","true","-15","antes","50","0","0","0","0","7.034499","7.473144","1","50","50","0","0","0",""
"2B","C4","1","2","true","-10","antes","50","0","0","0","0","7.16489","7.658299","4","50","50","0","0","0",""
"2B","C4","1","2","true","-5","antes","47","0","0","0","0","7.085005","310.292357","1","50","50","0","0","0",""
"2B","C4","1","2","true","0","falha","53","0","0","0","0","6.251659","128.59732","2","50","50","2","4.294264","0","inicio_falha"
"2B","C4","1","2","true","5","falha","50","0","0","0","0","6.187047","6.567976","4","50","50","2","5","0",""
"2B","C4","1","2","true","10","falha","50","0","0","0","0","6.44957","310.657586","0","50","50","2","4.694693","0",""
"2B","C4","1","2","true","15","falha","50","0","0","0","0","6.302512","6.577051","3","50","50","2","5","0",""
"2B","C4","1","2","true","20","falha","50","0","0","0","0","6.593924","805.346058","1","50","50","2","4.696852","0",""
"2B","C4","1","2","true","25","falha","50","0","0","0","0","6.291533","6.81109","1","50","50","2","5","0",""
"2B","C4","1","2","true","30","falha","50","0","0","0","0","6.283259","309.95192","4","50","50","2","4.696801","0",""
"2B","C4","1","2","true","35","falha","50","0","0","0","0","6.261162","7.081499","1","50","50","2","5","0",""
"2B","C4","1","2","true","40","falha","50","0","0","0","0","6.248661","310.637673","4","50","50","2","4.694282","0",""
"2B","C4","1","2","true","45","falha","50","0","0","0","0","6.204879","6.587501","3","50","50","2","5","0",""
"2B","C4","1","2","true","50","falha","50","0","0","0","0","6.248877","310.437694","3","50","50","2","4.695458","0",""
"2B","C4","1","2","true","55","falha","50","0","0","0","0","6.286617","6.687779","2","50","50","2","5","0","fim_falha"
"2B","C4","1","2","true","60","depois","50","0","0","0","0","7.029648","7.508212","2","50","50","2","2.799396","0",""
"2B","C4","1","2","true","65","depois","50","0","0","0","0","7.083293","7.365212","2","50","50","0","0","0",""
"2B","C4","1","2","true","70","depois","50","0","0","0","0","7.6064","891.740457","0","50","50","0","0","0",""
"2B","C4","1","2","true","75","depois","50","0","0","0","0","7.190493","8.414367","0","50","50","0","0","0",""
"2B","C4","1","2","true","80","depois","50","0","0","0","0","7.072267","7.63939","5","50","50","0","0","0",""
"2B","C4","1","2","true","85","depois","50","0","0","0","0","7.036825","7.931071","0","50","50","0","0","0",""
"2B","C4","1","2","true","90","depois","50","0","0","0","0","7.013206","7.419551","1","50","50","0","0","0",""
"2B","C4","1","2","true","95","depois","50","0","0","0","0","6.996191","7.750878","4","50","50","0","0","0",""
"2B","C4","1","2","true","100","depois","50","0","0","0","0","7.043781","7.7642","4","50","50","0","0","0",""
"2B","C4","1","2","true","105","depois","50","0","0","0","0","7.073468","7.596536","1","50","50","0","0","0",""
"2B","C4","1","2","true","110","depois","41","0","0","0","0","7.060828","8.331061","4","48","48","0","0","0",""
"2B","C4","1","2","true","115","depois","59","0","0","0","0","7.112694","712.872097","3","52","52","0","0","0",""
"2B","C4","1","2","true","120","depois","50","0","0","0","0","7.116929","7.610314","2","50","50","0","0","0",""
"2B","C4","1","2","true","125","depois","50","0","0","0","0","7.165724","7.613503","4","50","50","0","0","0",""
"2B","C4","1","2","true","130","depois","50","0","0","0","0","7.329542","7.92513","1","50","50","0","0","0",""
"2B","C4","1","2","true","135","depois","50","0","0","0","0","7.152408","7.671723","4","50","50","0","0","0",""
"2B","C4","1","2","true","140","depois","50","0","0","0","0","7.036382","7.23318","1","50","50","0","0","0",""
"2B","C4","1","2","true","145","depois","50","0","0","0","0","7.17175","7.732163","4","50","50","0","0","0",""
"2B","C4","1","2","true","150","depois","50","0","0","0","0","7.203487","8.133231","4","50","50","0","0","0",""
"2B","C4","1","2","true","155","depois","50","0","0","0","0","7.077569","7.573214","1","50","50","0","0","0",""
"2B","C4","1","2","true","160","depois","50","0","0","0","0","7.243336","712.602854","4","50","50","0","0","0",""
"2B","C4","1","2","true","165","depois","50","0","0","0","0","7.221987","8.740575","1","50","50","0","0","0",""
"2B","C4","1","2","true","170","depois","50","0","0","0","0","7.180546","7.846972","4","50","50","0","0","0",""
"2B","C4","1","2","true","175","depois","50","0","0","0","0","7.176071","7.702601","2","50","50","0","0","0",""
"2B","C4","1","2","true","180","depois","50","0","0","0","0","7.179934","7.549287","3","50","50","0","0","0",""
"2B","C4","1","2","true","185","depois","50","0","0","0","0","7.104631","7.374129","2","50","50","0","0","0",""
"2B","C4","1","2","true","190","depois","50","0","0","0","0","7.256387","8.313741","1","50","50","0","0","0",""
"2B","C4","1","2","true","195","depois","50","0","0","0","0","7.249748","7.87106","4","50","50","0","0","0",""
"2B","C4","1","2","true","200","depois","50","0","0","0","0","7.272148","8.81575","4","50","50","0","0","0",""
"2B","C4","1","2","true","205","depois","50","0","0","0","0","7.190022","7.917692","1","50","50","0","0","0",""
"2B","C4","1","2","true","210","depois","50","0","0","0","0","7.301646","8.548813","4","50","50","0","0","0",""
"2B","C4","1","2","true","215","depois","50","0","0","0","0","7.331837","962.921343","4","50","50","0","0","0",""
"2B","C4","1","2","true","220","depois","50","0","0","0","0","7.211837","8.030831","0","50","50","0","0","0",""
"2B","C4","1","2","true","225","depois","50","0","0","0","0","7.082242","8.06126","1","50","50","0","0","0",""
"2B","C4","1","2","true","230","depois","50","0","0","0","0","7.141922","7.495037","2","50","50","0","0","0",""
"2B","C4","1","2","true","235","depois","43","0","0","0","0","7.044935","7.990292","4","50","50","0","0","0",""
"2B","C4","1","2","true","240","depois","0","","0","0","0","","","0","1","1","0","0","0",""
"2B","C4","1","2","true","245","depois","0","","0","0","0","","","0","0","0","0","0","0",""
"2B","C4","1","2","true","250","depois","0","","0","0","0","","","0","0","0","0","0","0",""
"2B","C4","1","2","true","255","depois","0","","0","0","0","","","","0","0","0","0","0",""
"2B","C4","2","3","true","-120","aquecimento","50","0","0","0","0","7.181558","8.194081","0","50","50","0","0","0",""
"2B","C4","2","3","true","-115","aquecimento","50","0","0","0","0","7.146753","7.649979","0","50","50","0","0","0",""
"2B","C4","2","3","true","-110","aquecimento","50","0","0","0","0","7.133553","7.996785","1","50","50","0","0","0",""
"2B","C4","2","3","true","-105","aquecimento","50","0","0","0","0","7.116398","7.494797","4","50","50","0","0","0",""
"2B","C4","2","3","true","-100","aquecimento","50","0","0","0","0","7.067162","8.148407","2","50","50","0","0","0",""
"2B","C4","2","3","true","-95","aquecimento","50","0","0","0","0","7.064098","7.380712","3","50","50","0","0","0",""
"2B","C4","2","3","true","-90","aquecimento","50","0","0","0","0","7.097375","8.20066","3","50","50","0","0","0",""
"2B","C4","2","3","true","-85","aquecimento","42","0","0","0","0","7.193909","263.378342","2","45","45","0","0","0",""
"2B","C4","2","3","true","-80","aquecimento","58","0","0","0","0","8.753952","1121.346181","3","55","55","0","0","0",""
"2B","C4","2","3","true","-75","aquecimento","50","0","0","0","0","7.076997","7.438673","0","50","50","0","0","0",""
"2B","C4","2","3","true","-70","aquecimento","50","0","0","0","0","7.170821","7.815845","0","50","50","0","0","0",""
"2B","C4","2","3","true","-65","aquecimento","50","0","0","0","0","7.151258","7.766947","0","50","50","0","0","0",""
"2B","C4","2","3","true","-60","antes","50","0","0","0","0","7.146105","7.51095","5","50","50","0","0","0",""
"2B","C4","2","3","true","-55","antes","50","0","0","0","0","7.15315","7.379133","5","50","50","0","0","0",""
"2B","C4","2","3","true","-50","antes","50","0","0","0","0","7.36436","8.774472","0","50","50","0","0","0",""
"2B","C4","2","3","true","-45","antes","50","0","0","0","0","7.268481","7.709303","0","50","50","0","0","0",""
"2B","C4","2","3","true","-40","antes","50","0","0","0","0","7.143467","7.953193","5","50","50","0","0","0",""
"2B","C4","2","3","true","-35","antes","50","0","0","0","0","7.399199","1202.855423","5","50","50","0","0","0",""
"2B","C4","2","3","true","-30","antes","50","0","0","0","0","7.148119","8.122268","0","50","50","0","0","0",""
"2B","C4","2","3","true","-25","antes","50","0","0","0","0","7.149119","7.894562","0","50","50","0","0","0",""
"2B","C4","2","3","true","-20","antes","50","0","0","0","0","7.212492","7.916829","3","50","50","0","0","0",""
"2B","C4","2","3","true","-15","antes","50","0","0","0","0","8.077999","8.799142","2","50","50","0","0","0",""
"2B","C4","2","3","true","-10","antes","50","0","0","0","0","9.060167","9.304856","5","50","50","0","0","0",""
"2B","C4","2","3","true","-5","antes","47","0","0","0","0","10.057537","221.050962","0","50","50","0","0","0",""
"2B","C4","2","3","true","0","falha","53","0","0","0","0","6.272673","310.326107","4","50","50","2","4.294886","0","inicio_falha"
"2B","C4","2","3","true","5","falha","50","0","0","0","0","6.33162","11.433597","1","50","50","2","5","0",""
"2B","C4","2","3","true","10","falha","50","0","0","0","0","12.144576","312.118736","2","50","50","2","4.694967","0",""
"2B","C4","2","3","true","15","falha","50","0","0","0","0","13.254301","574.19392","2","50","50","2","5","0",""
"2B","C4","2","3","true","20","falha","50","0","0","0","0","14.143305","312.421699","5","50","50","2","4.695994","0",""
"2B","C4","2","3","true","25","falha","50","0","0","0","0","15.180967","15.878687","5","50","50","2","5","0",""
"2B","C4","2","3","true","30","falha","50","0","0","0","0","16.206922","314.481463","3","50","50","2","4.695051","0",""
"2B","C4","2","3","true","35","falha","50","0","0","0","0","17.181651","18.01659","3","50","50","2","5","0",""
"2B","C4","2","3","true","40","falha","50","0","0","0","0","17.994438","315.193847","3","50","50","2","4.695063","0",""
"2B","C4","2","3","true","45","falha","50","0","0","0","0","18.13175","18.479798","2","50","50","2","5","0",""
"2B","C4","2","3","true","50","falha","50","0","0","0","0","18.118672","315.362648","2","50","50","2","4.696579","0",""
"2B","C4","2","3","true","55","falha","50","0","0","0","0","18.221157","704.067779","3","50","50","2","5","0","fim_falha"
"2B","C4","2","3","true","60","depois","50","0","0","0","0","7.174715","18.834824","3","50","50","2","2.798631","0",""
"2B","C4","2","3","true","65","depois","50","0","0","0","0","7.244318","19.174436","0","50","50","0","0","0",""
"2B","C4","2","3","true","70","depois","50","0","0","0","0","7.323588","20.044952","2","50","50","0","0","0",""
"2B","C4","2","3","true","75","depois","50","0","0","0","0","7.145031","7.428027","2","50","50","0","0","0",""
"2B","C4","2","3","true","80","depois","50","0","0","0","0","7.10792","7.585413","2","50","50","0","0","0",""
"2B","C4","2","3","true","85","depois","50","0","0","0","0","7.098949","7.616448","3","50","50","0","0","0",""
"2B","C4","2","3","true","90","depois","50","0","0","0","0","7.069804","7.540727","4","50","50","0","0","0",""
"2B","C4","2","3","true","95","depois","50","0","0","0","0","7.20092","7.8397","1","50","50","0","0","0",""
"2B","C4","2","3","true","100","depois","50","0","0","0","0","7.108224","7.949977","4","50","50","0","0","0",""
"2B","C4","2","3","true","105","depois","50","0","0","0","0","7.295027","852.938086","1","50","50","0","0","0",""
"2B","C4","2","3","true","110","depois","50","0","0","0","0","7.090256","7.882835","3","50","50","0","0","0",""
"2B","C4","2","3","true","115","depois","50","0","0","0","0","7.211611","7.697816","2","50","50","0","0","0",""
"2B","C4","2","3","true","120","depois","50","0","0","0","0","7.192641","7.861709","1","50","50","0","0","0",""
"2B","C4","2","3","true","125","depois","50","0","0","0","0","7.126393","7.830337","4","50","50","0","0","0",""
"2B","C4","2","3","true","130","depois","50","0","0","0","0","7.203066","8.366993","5","50","50","0","0","0",""
"2B","C4","2","3","true","135","depois","50","0","0","0","0","7.201608","7.849329","0","50","50","0","0","0",""
"2B","C4","2","3","true","140","depois","50","0","0","0","0","7.138567","7.864499","1","50","50","0","0","0",""
"2B","C4","2","3","true","145","depois","44","0","0","0","0","7.105076","7.51875","5","49","49","0","0","0",""
"2B","C4","2","3","true","150","depois","56","0","0","0","0","7.594795","841.559857","2","51","51","0","0","0",""
"2B","C4","2","3","true","155","depois","50","0","0","0","0","7.222509","7.79441","2","50","50","0","0","0",""
"2B","C4","2","3","true","160","depois","50","0","0","0","0","7.15561","7.998329","2","50","50","0","0","0",""
"2B","C4","2","3","true","165","depois","50","0","0","0","0","7.173101","7.625631","3","50","50","0","0","0",""
"2B","C4","2","3","true","170","depois","50","0","0","0","0","7.1045","7.832868","2","50","50","0","0","0",""
"2B","C4","2","3","true","175","depois","50","0","0","0","0","7.113411","7.731702","4","50","50","0","0","0",""
"2B","C4","2","3","true","180","depois","50","0","0","0","0","7.19931","7.728753","3","50","50","0","0","0",""
"2B","C4","2","3","true","185","depois","50","0","0","0","0","7.176571","7.654938","2","50","50","0","0","0",""
"2B","C4","2","3","true","190","depois","50","0","0","0","0","7.631111","1045.615303","3","46","46","0","0","0",""
"2B","C4","2","3","true","195","depois","50","0","0","0","0","7.159555","7.686614","4","54","54","0","0","0",""
"2B","C4","2","3","true","200","depois","49","0","0","0","0","503.301211","774.055087","4","11","11","0","0","0",""
"2B","C4","2","3","true","205","depois","51","0","0","0","0","7.387891","56.986004","1","89","89","0","0","0",""
"2B","C4","2","3","true","210","depois","50","0","0","0","0","7.319469","428.226684","33","50","50","0","0","0",""
"2B","C4","2","3","true","215","depois","50","0","0","0","0","7.38406","9.143898","0","50","50","0","0","0",""
"2B","C4","2","3","true","220","depois","50","0","0","0","0","7.171195","7.819218","0","50","50","0","0","0",""
"2B","C4","2","3","true","225","depois","50","0","0","0","0","7.153783","7.908729","5","50","50","0","0","0",""
"2B","C4","2","3","true","230","depois","50","0","0","0","0","7.154168","7.780818","3","50","50","0","0","0",""
"2B","C4","2","3","true","235","depois","44","0","0","0","0","7.172671","7.601736","2","50","50","0","0","0",""
"2B","C4","2","3","true","240","depois","0","","0","0","0","","","2","0","0","0","0","0",""
"2B","C4","2","3","true","245","depois","0","","0","0","0","","","0","0","0","0","0","0",""
"2B","C4","2","3","true","250","depois","0","","0","0","0","","","0","0","0","0","0","0",""
"2B","C4","2","3","true","255","depois","0","","0","0","0","","","","0","0","0","0","0",""
"2B","C4","3","3","true","-120","aquecimento","50","0","0","0","0","7.258807","7.877375","0","50","50","0","0","0",""
"2B","C4","3","3","true","-115","aquecimento","50","0","0","0","0","7.500541","744.334103","2","50","50","0","0","0",""
"2B","C4","3","3","true","-110","aquecimento","50","0","0","0","0","7.337356","7.985374","3","50","50","0","0","0",""
"2B","C4","3","3","true","-105","aquecimento","50","0","0","0","0","7.149545","7.661031","3","50","50","0","0","0",""
"2B","C4","3","3","true","-100","aquecimento","50","0","0","0","0","7.111641","7.762661","2","50","50","0","0","0",""
"2B","C4","3","3","true","-95","aquecimento","50","0","0","0","0","7.114701","7.563126","3","50","50","0","0","0",""
"2B","C4","3","3","true","-90","aquecimento","50","0","0","0","0","7.129954","7.71633","2","50","50","0","0","0",""
"2B","C4","3","3","true","-85","aquecimento","50","0","0","0","0","7.135999","7.751334","3","50","50","0","0","0",""
"2B","C4","3","3","true","-80","aquecimento","50","0","0","0","0","7.170441","8.765249","0","50","50","0","0","0",""
"2B","C4","3","3","true","-75","aquecimento","50","0","0","0","0","7.114857","8.01414","1","50","50","0","0","0",""
"2B","C4","3","3","true","-70","aquecimento","50","0","0","0","0","7.129158","7.769221","2","50","50","0","0","0",""
"2B","C4","3","3","true","-65","aquecimento","50","0","0","0","0","7.542417","875.980098","0","50","50","0","0","0",""
"2B","C4","3","3","true","-60","antes","50","0","0","0","0","7.24828","7.926109","0","50","50","0","0","0",""
"2B","C4","3","3","true","-55","antes","50","0","0","0","0","7.14991","7.798533","3","50","50","0","0","0",""
"2B","C4","3","3","true","-50","antes","50","0","0","0","0","7.291849","8.258785","1","50","50","0","0","0",""
"2B","C4","3","3","true","-45","antes","50","0","0","0","0","7.214948","7.651362","0","50","50","0","0","0",""
"2B","C4","3","3","true","-40","antes","50","0","0","0","0","7.205982","8.10726","5","50","50","0","0","0",""
"2B","C4","3","3","true","-35","antes","50","0","0","0","0","7.189189","7.67762","0","50","50","0","0","0",""
"2B","C4","3","3","true","-30","antes","50","0","0","0","0","7.134298","7.543728","5","50","50","0","0","0",""
"2B","C4","3","3","true","-25","antes","50","0","0","0","0","7.252658","7.599728","4","50","50","0","0","0",""
"2B","C4","3","3","true","-20","antes","50","0","0","0","0","7.217128","7.610785","1","50","50","0","0","0",""
"2B","C4","3","3","true","-15","antes","50","0","0","0","0","7.165117","7.64218","4","50","50","0","0","0",""
"2B","C4","3","3","true","-10","antes","50","0","0","0","0","7.267889","767.175824","1","50","50","0","0","0",""
"2B","C4","3","3","true","-5","antes","49","0","0","0","0","7.167586","7.638554","4","50","50","0","0","0",""
"2B","C4","3","3","true","0","falha","51","0","0","0","0","6.325039","311.340863","3","50","50","2","4.293692","0","inicio_falha"
"2B","C4","3","3","true","5","falha","50","0","0","0","0","6.282724","6.669827","2","50","50","2","5","0",""
"2B","C4","3","3","true","10","falha","50","0","0","0","0","6.433423","310.647422","3","50","50","2","4.695516","0",""
"2B","C4","3","3","true","15","falha","50","0","0","0","0","6.323224","6.85757","1","50","50","2","5","0",""
"2B","C4","3","3","true","20","falha","50","0","0","0","0","6.240623","310.012817","2","50","50","2","4.696498","0",""
"2B","C4","3","3","true","25","falha","50","0","0","0","0","6.291043","6.7161","4","50","50","2","5","0",""
"2B","C4","3","3","true","30","falha","50","0","0","0","0","6.322385","310.440343","6","50","50","2","4.696533","0",""
"2B","C4","3","3","true","35","falha","41","0","0","0","0","6.261753","6.936666","1","41","41","2","5","0",""
"2B","C4","3","3","true","40","falha","59","0","0","0","0","6.406117","696.496437","0","59","59","2","4.696329","0",""
"2B","C4","3","3","true","45","falha","50","0","0","0","0","6.343975","7.023718","5","50","50","2","5","0",""
"2B","C4","3","3","true","50","falha","50","0","0","0","0","6.394442","310.687269","3","50","50","2","4.695512","0",""
"2B","C4","3","3","true","55","falha","50","0","0","0","0","6.332331","6.666503","0","50","50","2","5","0","fim_falha"
"2B","C4","3","3","true","60","depois","50","0","0","0","0","6.517101","7.993382","5","50","50","2","2.798864","0",""
"2B","C4","3","3","true","65","depois","50","0","0","0","0","7.184916","7.713832","5","50","50","0","0","0",""
"2B","C4","3","3","true","70","depois","50","0","0","0","0","7.315406","8.015746","1","50","50","0","0","0",""
"2B","C4","3","3","true","75","depois","50","0","0","0","0","7.186988","7.873026","4","50","50","0","0","0",""
"2B","C4","3","3","true","80","depois","50","0","0","0","0","7.2778","870.429188","3","50","50","0","0","0",""
"2B","C4","3","3","true","85","depois","50","0","0","0","0","7.150075","7.41586","2","50","50","0","0","0",""
"2B","C4","3","3","true","90","depois","50","0","0","0","0","7.150638","7.51035","3","50","50","0","0","0",""
"2B","C4","3","3","true","95","depois","50","0","0","0","0","7.124381","7.479642","2","50","50","0","0","0",""
"2B","C4","3","3","true","100","depois","50","0","0","0","0","7.173441","7.806633","2","50","50","0","0","0",""
"2B","C4","3","3","true","105","depois","50","0","0","0","0","7.173339","7.763926","2","50","50","0","0","0",""
"2B","C4","3","3","true","110","depois","50","0","0","0","0","7.21083","7.673619","3","50","50","0","0","0",""
"2B","C4","3","3","true","115","depois","50","0","0","0","0","7.156849","7.554221","2","50","50","0","0","0",""
"2B","C4","3","3","true","120","depois","50","0","0","0","0","7.158001","8.219605","3","50","50","0","0","0",""
"2B","C4","3","3","true","125","depois","50","0","0","0","0","7.206758","7.750032","4","50","50","0","0","0",""
"2B","C4","3","3","true","130","depois","50","0","0","0","0","7.199466","8.106376","4","50","50","0","0","0",""
"2B","C4","3","3","true","135","depois","50","0","0","0","0","7.56015","1066.061703","1","50","50","0","0","0",""
"2B","C4","3","3","true","140","depois","50","0","0","0","0","7.13981","7.640607","4","50","50","0","0","0",""
"2B","C4","3","3","true","145","depois","50","0","0","0","0","7.15411","7.781296","1","50","50","0","0","0",""
"2B","C4","3","3","true","150","depois","50","0","0","0","0","7.205114","7.969173","3","50","50","0","0","0",""
"2B","C4","3","3","true","155","depois","50","0","0","0","0","7.163363","7.692544","5","50","50","0","0","0",""
"2B","C4","3","3","true","160","depois","50","0","0","0","0","7.130025","7.700267","0","50","50","0","0","0",""
"2B","C4","3","3","true","165","depois","50","0","0","0","0","7.150725","8.5659","5","50","50","0","0","0",""
"2B","C4","3","3","true","170","depois","50","0","0","0","0","7.131684","7.744693","2","50","50","0","0","0",""
"2B","C4","3","3","true","175","depois","46","0","0","0","0","7.24094","8.427142","3","46","46","0","0","0",""
"2B","C4","3","3","true","180","depois","54","0","0","0","0","7.316737","884.655004","3","54","54","0","0","0",""
"2B","C4","3","3","true","185","depois","50","0","0","0","0","7.832094","8.503837","2","50","50","0","0","0",""
"2B","C4","3","3","true","190","depois","50","0","0","0","0","8.968523","9.337134","2","50","50","0","0","0",""
"2B","C4","3","3","true","195","depois","50","0","0","0","0","9.983912","10.231846","3","50","50","0","0","0",""
"2B","C4","3","3","true","200","depois","50","0","0","0","0","10.911936","11.308048","1","50","50","0","0","0",""
"2B","C4","3","3","true","205","depois","50","0","0","0","0","11.877369","12.440562","0","50","50","0","0","0",""
"2B","C4","3","3","true","210","depois","50","0","0","0","0","8.566632","13.072123","4","50","50","0","0","0",""
"2B","C4","3","3","true","215","depois","50","0","0","0","0","7.327599","13.248305","0","50","50","0","0","0",""
"2B","C4","3","3","true","220","depois","50","0","0","0","0","14.084973","14.338797","0","50","50","0","0","0",""
"2B","C4","3","3","true","225","depois","50","0","0","0","0","15.139132","1310.805043","0","50","50","0","0","0",""
"2B","C4","3","3","true","230","depois","50","0","0","0","0","16.055396","16.321154","0","50","50","0","0","0",""
"2B","C4","3","3","true","235","depois","49","0","0","0","0","17.112123","17.43807","0","50","50","0","0","0",""
"2B","C4","3","3","true","240","depois","0","","0","0","0","","","0","0","0","0","0","0",""
"2B","C4","3","3","true","245","depois","0","","0","0","0","","","0","0","0","0","0","0",""
"2B","C4","3","3","true","250","depois","0","","0","0","0","","","0","0","0","0","0","0",""
