"experimento","condicao","repeticao","posicao","valida","t_rel_s","fase","post_n","erro_pct","erro_503","erro_504","erro_conexao","lat_p50_ms","lat_p95_ms","fila_media","sagas_concluidas","sagas_confirmadas","cb_catalogo_estado_max","cb_catalogo_aberto_s","cb_gateway_estado_max","marcadores"
"3A","R-OFF","1","2","true","-120","aquecimento","50","0","0","0","0","7.21493","8.017539","0","50","50","0","0","0",""
"3A","R-OFF","1","2","true","-115","aquecimento","50","0","0","0","0","7.209138","7.761737","0","50","50","0","0","0",""
"3A","R-OFF","1","2","true","-110","aquecimento","50","0","0","0","0","7.289948","8.330319","5","50","50","0","0","0",""
"3A","R-OFF","1","2","true","-105","aquecimento","49","0","0","0","0","7.155732","7.486485","1","50","50","0","0","0",""
"3A","R-OFF","1","2","true","-100","aquecimento","51","0","0","0","0","7.435439","547.035202","0","50","50","0","0","0",""
"3A","R-OFF","1","2","true","-95","aquecimento","50","0","0","0","0","7.240267","8.004109","0","50","50","0","0","0",""
"3A","R-OFF","1","2","true","-90","aquecimento","50","0","0","0","0","7.260045","7.9792","5","50","50","0","0","0",""
"3A","R-OFF","1","2","true","-85","aquecimento","50","0","0","0","0","7.193273","7.813905","0","50","50","0","0","0",""
"3A","R-OFF","1","2","true","-80","aquecimento","50","0","0","0","0","7.27612","8.452615","0","50","50","0","0","0",""
"3A","R-OFF","1","2","true","-75","aquecimento","50","0","0","0","0","7.17219","8.972817","2","50","50","0","0","0",""
"3A","R-OFF","1","2","true","-70","aquecimento","50","0","0","0","0","9.045981","9.619812","2","50","50","0","0","0",""
"3A","R-OFF","1","2","true","-65","aquecimento","50","0","0","0","0","10.08084","10.551732","1","50","50","0","0","0",""
"3A","R-OFF","1","2","true","-60","antes","50","0","0","0","0","11.129837","11.914425","4","50","50","0","0","0",""
"3A","R-OFF","1","2","true","-55","antes","50","0","0","0","0","11.851272","12.430049","3","50","50","0","0","0",""
"3A","R-OFF","1","2","true","-50","antes","50","0","0","0","0","7.328534","8.141692","2","50","50","0","0","0",""
"3A","R-OFF","1","2","true","-45","antes","50","0","0","0","0","7.334806","926.843726","1","50","50","0","0","0",""
"3A","R-OFF","1","2","true","-40","antes","50","0","0","0","0","7.2636","15.233204","2","50","50","0","0","0",""
"3A","R-OFF","1","2","true","-35","antes","50","0","0","0","0","16.14147","16.425804","1","50","50","0","0","0",""
"3A","R-OFF","1","2","true","-30","antes","50","0","0","0","0","17.136286","17.415246","1","50","50","0","0","0",""
"3A","R-OFF","1","2","true","-25","antes","50","0","0","0","0","18.099534","18.471413","2","50","50","0","0","0",""
"3A","R-OFF","1","2","true","-20","antes","50","0","0","0","0","15.344859","19.107394","2","50","50","0","0","0",""
"3A","R-OFF","1","2","true","-15","antes","50","0","0","0","0","7.170323","19.264697","2","50","50","0","0","0",""
"3A","R-OFF","1","2","true","-10","antes","50","0","0","0","0","18.980677","19.437671","1","50","50","0","0","0",""
"3A","R-OFF","1","2","true","-5","antes","50","0","0","0","0","19.029947","19.914415","3","50","50","0","0","0",""
"3A","R-OFF","1","2","true","0","falha","45","0","0","0","0","19.093838","20.184508","3","45","0","0","0","2","inicio_falha"
"3A","R-OFF","1","2","true","5","falha","55","0","0","0","0","7.382806","1071.301615","1","55","0","0","0","2",""
"3A","R-OFF","1","2","true","10","falha","50","0","0","0","0","7.190293","7.927462","2","50","0","0","0","2",""
"3A","R-OFF","1","2","true","15","falha","50","0","0","0","0","7.127489","7.472722","0","50","0","0","0","2",""
"3A","R-OFF","1","2","true","20","falha","50","0","0","0","0","7.12575","8.353151","2","50","0","0","0","2",""
"3A","R-OFF","1","2","true","25","falha","50","0","0","0","0","7.190927","7.758006","2","50","0","0","0","2",""
"3A","R-OFF","1","2","true","30","falha","50","0","0","0","0","7.166691","7.740624","3","50","0","0","0","2",""
"3A","R-OFF","1","2","true","35","falha","50","0","0","0","0","7.074178","7.636884","3","50","0","0","0","2",""
"3A","R-OFF","1","2","true","40","falha","50","0","0","0","0","7.135435","7.903499","1","50","0","0","0","2",""
"3A","R-OFF","1","2","true","45","falha","50","0","0","0","0","7.138218","7.825866","2","50","0","0","0","2",""
"3A","R-OFF","1","2","true","50","falha","50","0","0","0","0","7.44164","911.201636","1","50","0","0","0","2",""
"3A","R-OFF","1","2","true","55","falha","50","0","0","0","0","7.158916","7.672823","1","50","0","0","0","2","fim_falha"
"3A","R-OFF","1","2","true","60","depois","50","0","0","0","0","7.057737","7.537387","2","50","43","0","0","2",""
"3A","R-OFF","1","2","true","65","depois","50","0","0","0","0","7.096699","7.736016","4","50","50","0","0","0",""
"3A","R-OFF","1","2","true","70","depois","50","0","0","0","0","7.26906","7.902752","3","50","50","0","0","0",""
"3A","R-OFF","1","2","true","75","depois","50","0","0","0","0","7.215701","7.830517","1","50","50","0","0","0",""
"3A","R-OFF","1","2","true","80","depois","50","0","0","0","0","7.145923","7.564664","3","50","50","0","0","0",""
"3A","R-OFF","1","2","true","85","depois","50","0","0","0","0","7.100906","7.651123","0","50","50","0","0","0",""
"3A","R-OFF","1","2","true","90","depois","50","0","0","0","0","7.123418","7.527614","3","50","50","0","0","0",""
"3A","R-OFF","1","2","true","95","depois","50","0","0","0","0","7.211448","7.691511","1","50","50","0","0","0",""
"3A","R-OFF","1","2","true","100","depois","50","0","0","0","0","7.256993","939.061344","2","50","50","0","0","0",""
"3A","R-OFF","1","2","true","105","depois","50","0","0","0","0","7.140084","7.620663","3","50","50","0","0","0",""
"3A","R-OFF","1","2","true","110","depois","50","0","0","0","0","7.166343","7.531128","0","50","50","0","0","0",""
"3A","R-OFF","1","2","true","115","depois","50","0","0","0","0","7.137072","7.481308","2","50","50","0","0","0",""
"3A","R-OFF","1","2","true","120","depois","50","0","0","0","0","7.149025","7.541624","3","50","50","0","0","0",""
"3A","R-OFF","1","2","true","125","depois","50","0","0","0","0","7.21356","7.501788","1","50","50","0","0","0",""
"3A","R-OFF","1","2","true","130","depois","50","0","0","0","0","7.325234","7.868535","1","50","50","0","0","0",""
"3A","R-OFF","1","2","true","135","depois","50","0","0","0","0","7.162947","7.61777","2","50","50","0","0","0",""
"3A","R-OFF","1","2","true","140","depois","50","0","0","0","0","7.160847","7.803156","3","50","50","0","0","0",""
"3A","R-OFF","1","2","true","145","depois","50","0","0","0","0","7.157507","7.68805","3","50","50","0","0","0",""
"3A","R-OFF","1","2","true","150","depois","46","0","0","0","0","7.215653","8.04244","2","47","47","0","0","0",""
"3A","R-OFF","1","2","true","155","depois","54","0","0","0","0","7.419042","957.434511","2","53","53","0","0","0",""
"3A","R-OFF","1","2","true","160","depois","50","0","0","0","0","7.12884","7.720116","2","50","50","0","0","0",""
"3A","R-OFF","1","2","true","165","depois","50","0","0","0","0","7.192499","7.769485","2","50","50","0","0","0",""
"3A","R-OFF","1","2","true","170","depois","50","0","0","0","0","7.282939","7.734074","2","50","50","0","0","0",""
"3A","R-OFF","1","2","true","175","depois","50","0","0","0","0","7.205505","7.769113","3","50","50","0","0","0",""
"3A","R-OFF","1","2","true","180","depois","51","0","0","0","0","7.162847","7.615735","2","50","50","0","0","0",""
"3A","R-OFF","1","2","true","185","depois","50","0","0","0","0","7.111513","7.595866","3","50","50","0","0","0",""
"3A","R-OFF","1","2","true","190","depois","50","0","0","0","0","7.242847","8.121005","1","50","50","0","0","0",""
"3A","R-OFF","1","2","true","195","depois","50","0","0","0","0","7.150684","7.56553","5","50","50","0","0","0",""
"3A","R-OFF","1","2","true","200","depois","50","0","0","0","0","7.158219","833.855155","1","50","50","0","0","0",""
"3A","R-OFF","1","2","true","205","depois","50","0","0","0","0","7.178327","7.679711","0","50","50","0","0","0",""
"3A","R-OFF","1","2","true","210","depois","50","0","0","0","0","7.142204","7.655491","3","50","50","0","0","0",""
"3A","R-OFF","1","2","true","215","depois","50","0","0","0","0","7.177474","7.654187","3","50","50","0","0","0",""
"3A","R-OFF","1","2","true","220","depois","50","0","0","0","0","7.19943","7.985803","1","50","50","0","0","0",""
"3A","R-OFF","1","2","true","225","depois","50","0","0","0","0","7.260334","7.823389","2","50","50","0","0","0",""
"3A","R-OFF","1","2","true","230","depois","50","0","0","0","0","7.136237","7.540074","1","50","50","0","0","0",""
"3A","R-OFF","1","2","true","235","depois","49","0","0","0","0","7.162554","7.802451","2","50","50","0","0","0",""
"3A","R-OFF","1","2","true","240","depois","0","","0","0","0","","","1","1","1","0","0","0",""
"3A","R-OFF","1","2","true","245","depois","0","","0","0","0","","","0","0","0","0","0","0",""
"3A","R-OFF","1","2","true","250","depois","0","","0","0","0","","","0","0","0","0","0","0",""
"3A","R-OFF","1","2","true","255","depois","0","","0","0","0","","","","0","0","0","0","0",""
"3A","R-OFF","2","1","true","-120","aquecimento","50","0","0","0","0","7.181666","7.803369","0","50","50","0","0","0",""
"3A","R-OFF","2","1","true","-115","aquecimento","50","0","0","0","0","7.173987","8.062147","0","50","50","0","0","0",""
"3A","R-OFF","2","1","true","-110","aquecimento","50","0","0","0","0","7.154031","7.501346","2","50","50","0","0","0",""
"3A","R-OFF","2","1","true","-105","aquecimento","50","0","0","0","0","7.074032","7.934783","1","50","50","0","0","0",""
"3A","R-OFF","2","1","true","-100","aquecimento","50","0","0","0","0","7.109452","7.468315","4","50","50","0","0","0",""
"3A","R-OFF","2","1","true","-95","aquecimento","50","0","0","0","0","7.153241","7.667374","3","50","50","0","0","0",""
"3A","R-OFF","2","1","true","-90","aquecimento","50","0","0","0","0","7.111472","7.44137","2","50","50","0","0","0",""
"3A","R-OFF","2","1","true","-85","aquecimento","50","0","0","0","0","7.107182","8.358859","2","50","50","0","0","0",""
"3A","R-OFF","2","1","true","-80","aquecimento","50","0","0","0","0","7.087917","7.410462","3","50","50","0","0","0",""
"3A","R-OFF","2","1","true","-75","aquecimento","50","0","0","0","0","7.15924","7.691747","2","50","50","0","0","0",""
"3A","R-OFF","2","1","true","-70","aquecimento","50","0","0","0","0","7.135497","7.439033","3","50","50","0","0","0",""
"3A","R-OFF","2","1","true","-65","aquecimento","50","0","0","0","0","7.105959","7.649764","2","50","50","0","0","0",""
"3A","R-OFF","2","1","true","-60","antes","50","0","0","0","0","7.185593","7.425079","3","50","50","0","0","0",""
"3A","R-OFF","2","1","true","-55","antes","50","0","0","0","0","7.151001","7.907208","3","50","50","0","0","0",""
"3A","R-OFF","2","1","true","-50","antes","50","0","0","0","0","7.12434","7.861244","2","50","50","0","0","0",""
"3A","R-OFF","2","1","true","-45","antes","50","0","0","0","0","7.122038","7.580427","3","50","50","0","0","0",""
"3A","R-OFF","2","1","true","-40","antes","50","0","0","0","0","7.108852","7.310669","1","50","50","0","0","0",""
"3A","R-OFF","2","1","true","-35","antes","50","0","0","0","0","7.126795","8.067728","5","50","50","0","0","0",""
"3A","R-OFF","2","1","true","-30","antes","50","0","0","0","0","7.099195","7.430657","4","50","50","0","0","0",""
"3A","R-OFF","2","1","true","-25","antes","50","0","0","0","0","7.192988","7.979589","1","50","50","0","0","0",""
"3A","R-OFF","2","1","true","-20","antes","50","0","0","0","0","7.098876","7.365289","4","50","50","0","0","0",""
"3A","R-OFF","2","1","true","-15","antes","50","0","0","0","0","7.098467","7.79119","2","50","50","0","0","0",""
"3A","R-OFF","2","1","true","-10","antes","50","0","0","0","0","7.127323","7.440451","5","50","50","0","0","0",""
"3A","R-OFF","2","1","true","-5","antes","50","0","0","0","0","7.165896","8.019932","3","50","50","0","0","0",""
"3A","R-OFF","2","1","true","0","falha","50","0","0","0","0","7.129925","7.748163","2","50","0","0","0","2","inicio_falha"
"3A","R-OFF","2","1","true","5","falha","50","0","0","0","0","7.104089","7.910711","2","50","0","0","0","2",""
"3A","R-OFF","2","1","true","10","falha","50","0","0","0","0","7.111604","7.526106","3","50","0","0","0","2",""
"3A","R-OFF","2","1","true","15","falha","50","0","0","0","0","7.08965","7.869828","2","50","0","0","0","2",""
"3A","R-OFF","2","1","true","20","falha","50","0","0","0","0","7.160031","7.478445","2","50","0","0","0","2",""
"3A","R-OFF","2","1","true","25","falha","50","0","0","0","0","7.184827","7.774156","4","50","0","0","0","2",""
"3A","R-OFF","2","1","true","30","falha","50","0","0","0","0","7.108436","7.708766","1","50","0","0","0","2",""
"3A","R-OFF","2","1","true","35","falha","50","0","0","0","0","7.141674","7.562596","1","50","0","0","0","2",""
"3A","R-OFF","2","1","true","40","falha","50","0","0","0","0","7.124563","12.809644","4","50","0","0","0","2",""
"3A","R-OFF","2","1","true","45","falha","50","0","0","0","0","7.15916","7.932632","3","50","0","0","0","2",""
"3A","R-OFF","2","1","true","50","falha","50","0","0","0","0","7.215603","7.848846","1","50","0","0","0","2",""
"3A","R-OFF","2","1","true","55","falha","50","0","0","0","0","7.130842","7.634244","4","50","0","0","0","2","fim_falha"
"3A","R-OFF","2","1","true","60","depois","50","0","0","0","0","421.059022","2596.712157","3","28","20","0","0","2",""
"3A","R-OFF","2","1","true","65","depois","50","0","0","0","0","7.172108","8.704736","2","72","72","0","0","0",""
"3A","R-OFF","2","1","true","70","depois","50","0","0","0","0","7.210222","7.921505","4","50","50","0","0","0",""
"3A","R-OFF","2","1","true","75","depois","22","0","0","0","0","7.207427","149.550518","3","31","31","0","0","0",""
"3A","R-OFF","2","1","true","80","depois","78","0","0","0","0","10.071906","2556.316931","2","69","69","0","0","0",""
"3A","R-OFF","2","1","true","85","depois","28","0","0","0","0","7.249272","8.385935","19","37","37","0","0","0",""
"3A","R-OFF","2","1","true","90","depois","72","0","0","0","0","10.24036","2584.530878","3","63","63","0","0","0",""
"3A","R-OFF","2","1","true","95","depois","50","0","0","0","0","7.211131","7.799393","0","50","50","0","0","0",""
"3A","R-OFF","2","1","true","100","depois","50","0","0","0","0","7.169897","7.537444","0","50","50","0","0","0",""
"3A","R-OFF","2","1","true","105","depois","50","0","0","0","0","7.162425","7.819903","3","50","50","0","0","0",""
"3A","R-OFF","2","1","true","110","depois","50","0","0","0","0","7.105118","7.410854","2","50","50","0","0","0",""
"3A","R-OFF","2","1","true","115","depois","50","0","0","0","0","7.286069","8.580396","5","50","50","0","0","0",""
"3A","R-OFF","2","1","true","120","depois","50","0","0","0","0","7.170083","7.392288","3","50","50","0","0","0",""
"3A","R-OFF","2","1","true","125","depois","50","0","0","0","0","7.171248","8.291257","2","50","50","0","0","0",""
"3A","R-OFF","2","1","true","130","depois","50","0","0","0","0","7.186164","8.091252","2","50","50","0","0","0",""
"3A","R-OFF","2","1","true","135","depois","50","0","0","0","0","7.20912","7.977906","3","50","50","0","0","0",""
"3A","R-OFF","2","1","true","140","depois","50","0","0","0","0","7.165024","7.594152","3","50","50","0","0","0",""
"3A","R-OFF","2","1","true","145","depois","50","0","0","0","0","7.200314","8.371267","2","50","50","0","0","0",""
"3A","R-OFF","2","1","true","150","depois","50","0","0","0","0","7.210772","7.582181","2","50","50","0","0","0",""
"3A","R-OFF","2","1","true","155","depois","50","0","0","0","0","7.162387","8.313108","3","50","50","0","0","0",""
"3A","R-OFF","2","1","true","160","depois","50","0","0","0","0","7.176468","7.53314","3","50","50","0","0","0",""
"3A","R-OFF","2","1","true","165","depois","50","0","0","0","0","7.153726","7.84634","2","50","50","0","0","0",""
"3A","R-OFF","2","1","true","170","depois","50","0","0","0","0","7.129879","7.824883","5","50","50","0","0","0",""
"3A","R-OFF","2","1","true","175","depois","50","0","0","0","0","7.098925","7.773739","3","50","50","0","0","0",""
"3A","R-OFF","2","1","true","180","depois","50","0","0","0","0","7.140108","7.583371","2","50","50","0","0","0",""
"3A","R-OFF","2","1","true","185","depois","50","0","0","0","0","7.174419","7.772236","3","50","50","0","0","0",""
"3A","R-OFF","2","1","true","190","depois","50","0","0","0","0","7.249215","8.105579","3","50","50","0","0","0",""
"3A","R-OFF","2","1","true","195","depois","50","0","0","0","0","7.16081","7.526242","0","50","50","0","0","0",""
"3A","R-OFF","2","1","true","200","depois","50","0","0","0","0","7.150024","7.449108","5","50","50","0","0","0",""
"3A","R-OFF","2","1","true","205","depois","50","0","0","0","0","7.13768","7.891307","0","50","50","0","0","0",""
"3A","R-OFF","2","1","true","210","depois","50","0","0","0","0","7.155621","7.724824","5","50","50","0","0","0",""
"3A","R-OFF","2","1","true","215","depois","50","0","0","0","0","7.13027","7.625212","4","50","50","0","0","0",""
"3A","R-OFF","2","1","true","220","depois","50","0","0","0","0","7.103812","7.531596","1","50","50","0","0","0",""
"3A","R-OFF","2","1","true","225","depois","50","0","0","0","0","7.164081","7.556297","1","50","50","0","0","0",""
"3A","R-OFF","2","1","true","230","depois","50","0","0","0","0","7.110891","7.529767","2","50","50","0","0","0",""
"3A","R-OFF","2","1","true","235","depois","42","0","0","0","0","7.147562","7.980881","3","50","50","0","0","0",""
"3A","R-OFF","2","1","true","240","depois","0","","0","0","0","","","2","1","1","0","0","0",""
"3A","R-OFF","2","1","true","245","depois","0","","0","0","0","","","0","0","0","0","0","0",""
"3A","R-OFF","2","1","true","250","depois","0","","0","0","0","","","0","0","0","0","0","0",""
"3A","R-OFF","2","1","true","255","depois","0","","0","0","0","","","","0","0","0","0","0",""
"3A","R-OFF","3","1","true","-120","aquecimento","50","0","0","0","0","7.366543","7.792636","0","50","50","0","0","0",""
"3A","R-OFF","3","1","true","-115","aquecimento","50","0","0","0","0","7.25301","8.016816","2","50","50","0","0","0",""
"3A","R-OFF","3","1","true","-110","aquecimento","50","0","0","0","0","7.174713","7.747785","2","50","50","0","0","0",""
"3A","R-OFF","3","1","true","-105","aquecimento","50","0","0","0","0","7.166897","7.656719","1","50","50","0","0","0",""
"3A","R-OFF","3","1","true","-100","aquecimento","50","0","0","0","0","7.099134","7.712588","2","50","50","0","0","0",""
"3A","R-OFF","3","1","true","-95","aquecimento","50","0","0","0","0","7.17903","7.789462","3","50","50","0","0","0",""
"3A","R-OFF","3","1","true","-90","aquecimento","50","0","0","0","0","7.243865","8.013597","1","50","50","0","0","0",""
"3A","R-OFF","3","1","true","-85","aquecimento","50","0","0","0","0","11.417946","964.866882","5","46","46","0","0","0",""
"3A","R-OFF","3","1","true","-80","aquecimento","50","0","0","0","0","7.140963","8.093861","2","54","54","0","0","0",""
"3A","R-OFF","3","1","true","-75","aquecimento","50","0","0","0","0","7.162217","7.652818","4","50","50","0","0","0",""
"3A","R-OFF","3","1","true","-70","aquecimento","50","0","0","0","0","7.245667","7.949011","1","50","50","0","0","0",""
"3A","R-OFF","3","1","true","-65","aquecimento","50","0","0","0","0","7.205491","7.603936","4","50","50","0","0","0",""
"3A","R-OFF","3","1","true","-60","antes","50","0","0","0","0","7.121357","7.857835","2","50","50","0","0","0",""
"3A","R-OFF","3","1","true","-55","antes","50","0","0","0","0","7.140613","7.558442","2","50","50","0","0","0",""
"3A","R-OFF","3","1","true","-50","antes","50","0","0","0","0","7.435538","8.036856","2","50","50","0","0","0",""
"3A","R-OFF","3","1","true","-45","antes","50","0","0","0","0","7.308192","7.808362","2","50","50","0","0","0",""
"3A","R-OFF","3","1","true","-40","antes","50","0","0","0","0","7.306789","8.473265","3","50","50","0","0","0",""
"3A","R-OFF","3","1","true","-35","antes","50","0","0","0","0","7.196438","7.750473","2","50","50","0","0","0",""
"3A","R-OFF","3","1","true","-30","antes","50","0","0","0","0","7.133553","7.6668","3","50","50","0","0","0",""
"3A","R-OFF","3","1","true","-25","antes","50","0","0","0","0","8.801338","1797.663046","3","50","50","0","0","0",""
"3A","R-OFF","3","1","true","-20","antes","50","0","0","0","0","7.250463","7.820198","2","50","50","0","0","0",""
"3A","R-OFF","3","1","true","-15","antes","50","0","0","0","0","7.249944","7.857137","3","50","50","0","0","0",""
"3A","R-OFF","3","1","true","-10","antes","50","0","0","0","0","7.217434","7.871617","1","50","50","0","0","0",""
"3A","R-OFF","3","1","true","-5","antes","50","0","0","0","0","7.175865","7.789634","2","50","50","0","0","0",""
"3A","R-OFF","3","1","true","0","falha","50","0","0","0","0","7.228153","7.628331","2","50","0","0","0","2","inicio_falha"
"3A","R-OFF","3","1","true","5","falha","50","0","0","0","0","7.268499","7.949221","3","50","0","0","0","2",""
"3A","R-OFF","3","1","true","10","falha","50","0","0","0","0","7.315562","8.022324","4","50","0","0","0","2",""
"3A","R-OFF","3","1","true","15","falha","50","0","0","0","0","7.294832","7.852028","1","50","0","0","0","2",""
"3A","R-OFF","3","1","true","20","falha","50","0","0","0","0","7.123042","9.154089","4","50","0","0","0","2",""
"3A","R-OFF","3","1","true","25","falha","50","0","0","0","0","7.481317","1107.696519","3","46","0","0","0","2",""
"3A","R-OFF","3","1","true","30","falha","50","0","0","0","0","7.217111","7.858955","1","54","0","0","0","2",""
"3A","R-OFF","3","1","true","35","falha","50","0","0","0","0","7.211014","7.696602","2","50","0","0","0","2",""
"3A","R-OFF","3","1","true","40","falha","50","0","0","0","0","7.142878","7.745859","3","50","0","0","0","2",""
"3A","R-OFF","3","1","true","45","falha","50","0","0","0","0","7.260259","7.934847","3","50","0","0","0","2",""
"3A","R-OFF","3","1","true","50","falha","50","0","0","0","0","7.312339","7.761127","0","50","0","0","0","2",""
"3A","R-OFF","3","1","true","55","falha","50","0","0","0","0","7.241511","7.729691","3","50","0","0","0","2","fim_falha"
"3A","R-OFF","3","1","true","60","depois","50","0","0","0","0","7.26223","8.994917","1","50","44","0","0","2",""
"3A","R-OFF","3","1","true","65","depois","50","0","0","0","0","7.222295","7.863608","3","50","50","0","0","0",""
"3A","R-OFF","3","1","true","70","depois","50","0","0","0","0","7.423024","8.252222","1","50","50","0","0","0",""
"3A","R-OFF","3","1","true","75","depois","50","0","0","0","0","7.237674","7.779668","2","50","50","0","0","0",""
"3A","R-OFF","3","1","true","80","depois","50","0","0","0","0","7.334544","943.455019","3","50","50","0","0","0",""
"3A","R-OFF","3","1","true","85","depois","50","0","0","0","0","7.23631","7.66714","2","50","50","0","0","0",""
"3A","R-OFF","3","1","true","90","depois","50","0","0","0","0","7.132103","7.4859","2","50","50","0","0","0",""
"3A","R-OFF","3","1","true","95","depois","50","0","0","0","0","7.289748","8.191965","2","50","50","0","0","0",""
"3A","R-OFF","3","1","true","100","depois","50","0","0","0","0","7.24337","7.680199","2","50","50","0","0","0",""
"3A","R-OFF","3","1","true","105","depois","50","0","0","0","0","7.221695","7.750435","3","50","50","0","0","0",""
"3A","R-OFF","3","1","true","110","depois","50","0","0","0","0","7.232456","7.726946","2","50","50","0","0","0",""
"3A","R-OFF","3","1","true","115","depois","50","0","0","0","0","7.231411","8.605402","2","50","50","0","0","0",""
"3A","R-OFF","3","1","true","120","depois","50","0","0","0","0","7.269592","8.08925","5","50","50","0","0","0",""
"3A","R-OFF","3","1","true","125","depois","50","0","0","0","0","7.235908","7.653237","2","50","50","0","0","0",""
"3A","R-OFF","3","1","true","130","depois","42","0","0","0","0","7.447973","8.228341","0","47","47","0","0","0",""
"3A","R-OFF","3","1","true","135","depois","58","0","0","0","0","7.453121","523.530286","5","53","53","0","0","0",""
"3A","R-OFF","3","1","true","140","depois","50","0","0","0","0","7.181969","7.548862","1","50","50","0","0","0",""
"3A","R-OFF","3","1","true","145","depois","50","0","0","0","0","7.33634","7.914046","1","50","50","0","0","0",""
"3A","R-OFF","3","1","true","150","depois","50","0","0","0","0","7.258069","8.113402","2","50","50","0","0","0",""
"3A","R-OFF","3","1","true","155","depois","50","0","0","0","0","7.238123","7.649755","2","50","50","0","0","0",""
"3A","R-OFF","3","1","true","160","depois","50","0","0","0","0","7.226499","7.695931","2","50","50","0","0","0",""
"3A","R-OFF","3","1","true","165","depois","50","0","0","0","0","7.1932","7.585316","3","50","50","0","0","0",""
"3A","R-OFF","3","1","true","170","depois","50","0","0","0","0","7.272432","8.400057","2","50","50","0","0","0",""
"3A","R-OFF","3","1","true","175","depois","50","0","0","0","0","7.235415","7.665283","1","50","50","0","0","0",""
"3A","R-OFF","3","1","true","180","depois","50","0","0","0","0","7.334078","8.409343","3","50","50","0","0","0",""
"3A","R-OFF","3","1","true","185","depois","50","0","0","0","0","7.282151","7.938803","1","50","50","0","0","0",""
"3A","R-OFF","3","1","true","190","depois","50","0","0","0","0","7.686506","887.738965","3","50","50","0","0","0",""
"3A","R-OFF","3","1","true","195","depois","50","0","0","0","0","7.252315","7.795409","2","50","50","0","0","0",""
"3A","R-OFF","3","1","true","200","depois","50","0","0","0","0","7.29215","7.893324","1","50","50","0","0","0",""
"3A","R-OFF","3","1","true","205","depois","50","0","0","0","0","7.311189","7.63037","4","50","50","0","0","0",""
"3A","R-OFF","3","1","true","210","depois","50","0","0","0","0","7.232","7.743706","1","50","50","0","0","0",""
"3A","R-OFF","3","1","true","215","depois","50","0","0","0","0","7.275669","7.722149","2","50","50","0","0","0",""
"3A","R-OFF","3","1","true","220","depois","50","0","0","0","0","7.245593","7.813305","3","50","50","0","0","0",""
"3A","R-OFF","3","1","true","225","depois","50","0","0","0","0","7.286035","8.348521","0","50","50","0","0","0",""
"3A","R-OFF","3","1","true","230","depois","50","0","0","0","0","7.276406","7.698174","3","50","50","0","0","0",""
"3A","R-OFF","3","1","true","235","depois","45","0","0","0","0","7.211358","8.136896","3","50","50","0","0","0",""
"3A","R-OFF","3","1","true","240","depois","0","","0","0","0","","","0","1","1","0","0","0",""
"3A","R-OFF","3","1","true","245","depois","0","","0","0","0","","","0","0","0","0","0","0",""
"3A","R-OFF","3","1","true","250","depois","0","","0","0","0","","","0","0","0","0","0","0",""
"3A","R-OFF","4","1","true","-120","aquecimento","50","0","0","0","0","7.257719","7.599092","0","50","50","0","0","0",""
"3A","R-OFF","4","1","true","-115","aquecimento","43","0","0","0","0","553.817292","845.20645","0","12","12","0","0","0",""
"3A","R-OFF","4","1","true","-110","aquecimento","57","0","0","0","0","7.478534","426.033959","0","88","88","0","0","0",""
"3A","R-OFF","4","1","true","-105","aquecimento","46","0","0","0","0","7.120586","8.501455","32","48","48","0","0","0",""
"3A","R-OFF","4","1","true","-100","aquecimento","54","0","0","0","0","7.162976","444.393883","2","52","52","0","0","0",""
"3A","R-OFF","4","1","true","-95","aquecimento","50","0","0","0","0","7.855522","571.81267","0","50","50","0","0","0",""
"3A","R-OFF","4","1","true","-90","aquecimento","50","0","0","0","0","7.1054","7.584344","0","50","50","0","0","0",""
"3A","R-OFF","4","1","true","-85","aquecimento","50","0","0","0","0","8.916448","9.310504","3","50","50","0","0","0",""
"3A","R-OFF","4","1","true","-80","aquecimento","50","0","0","0","0","7.140068","10.032544","4","50","50","0","0","0",""
"3A","R-OFF","4","1","true","-75","aquecimento","50","0","0","0","0","7.535007","10.865733","2","50","50","0","0","0",""
"3A","R-OFF","4","1","true","-70","aquecimento","50","0","0","0","0","11.209175","12.200289","1","50","50","0","0","0",""
"3A","R-OFF","4","1","true","-65","aquecimento","50","0","0","0","0","12.229394","12.896079","1","50","50","0","0","0",""
"3A","R-OFF","4","1","true","-60","antes","50","0","0","0","0","13.217805","14.119454","1","50","50","0","0","0",""
"3A","R-OFF","4","1","true","-55","antes","50","0","0","0","0","13.977259","885.582089","2","50","50","0","0","0",""
"3A","R-OFF","4","1","true","-50","antes","50","0","0","0","0","7.27446","7.825053","3","50","50","0","0","0",""
"3A","R-OFF","4","1","true","-45","antes","50","0","0","0","0","16.688746","17.635899","3","50","50","0","0","0",""
"3A","R-OFF","4","1","true","-40","antes","50","0","0","0","0","17.651057","18.298955","3","50","50","0","0","0",""
"3A","R-OFF","4","1","true","-35","antes","50","0","0","0","0","18.319224","19.35318","3","50","50","0","0","0",""
"3A","R-OFF","4","1","true","-30","antes","50","0","0","0","0","18.970305","19.668566","3","50","50","0","0","0",""
"3A","R-OFF","4","1","true","-25","antes","50","0","0","0","0","19.121982","19.505723","1","50","50","0","0","0",""
"3A","R-OFF","4","1","true","-20","antes","50","0","0","0","0","7.646106","19.203604","4","50","50","0","0","0",""
"3A","R-OFF","4","1","true","-15","antes","50","0","0","0","0","7.370635","19.288008","1","50","50","0","0","0",""
"3A","R-OFF","4","1","true","-10","antes","50","0","0","0","0","18.851468","19.479063","1","50","50","0","0","0",""
"3A","R-OFF","4","1","true","-5","antes","50","0","0","0","0","7.286504","19.195019","1","50","50","0","0","0",""
"3A","R-OFF","4","1","true","0","falha","50","0","0","0","0","7.26753","7.690349","0","50","0","0","0","2","inicio_falha"
"3A","R-OFF","4","1","true","5","falha","50","0","0","0","0","7.422467","1000.428716","3","50","0","0","0","2",""
"3A","R-OFF","4","1","true","10","falha","50","0","0","0","0","7.31028","8.424176","1","50","0","0","0","2",""
"3A","R-OFF","4","1","true","15","falha","50","0","0","0","0","7.214616","7.670029","2","50","0","0","0","2",""
"3A","R-OFF","4","1","true","20","falha","50","0","0","0","0","7.1243","7.533557","1","50","0","0","0","2",""
"3A","R-OFF","4","1","true","25","falha","50","0","0","0","0","7.229181","7.553525","3","50","0","0","0","2",""
"3A","R-OFF","4","1","true","30","falha","50","0","0","0","0","7.130472","8.199376","3","50","0","0","0","2",""
"3A","R-OFF","4","1","true","35","falha","50","0","0","0","0","7.224297","8.006643","4","50","0","0","0","2",""
"3A","R-OFF","4","1","true","40","falha","50","0","0","0","0","7.148894","7.586046","1","50","0","0","0","2",""
"3A","R-OFF","4","1","true","45","falha","50","0","0","0","0","7.210731","7.81972","4","50","0","0","0","2",""
"3A","R-OFF","4","1","true","50","falha","50","0","0","0","0","7.105873","8.272259","2","50","0","0","0","2",""
"3A","R-OFF","4","1","true","55","falha","50","0","0","0","0","7.135513","7.714551","2","50","0","0","0","2","fim_falha"
"3A","R-OFF","4","1","true","60","depois","50","0","0","0","0","7.397953","1050.612175","2","50","47","0","0","2",""
"3A","R-OFF","4","1","true","65","depois","50","0","0","0","0","7.172244","7.552444","11","50","50","0","0","0",""
"3A","R-OFF","4","1","true","70","depois","50","0","0","0","0","7.290306","7.885686","2","50","50","0","0","0",""
"3A","R-OFF","4","1","true","75","depois","50","0","0","0","0","7.187892","7.828641","2","50","50","0","0","0",""
"3A","R-OFF","4","1","true","80","depois","50","0","0","0","0","7.203998","7.642749","2","50","50","0","0","0",""
"3A","R-OFF","4","1","true","85","depois","50","0","0","0","0","7.240468","7.56051","1","50","50","0","0","0",""
"3A","R-OFF","4","1","true","90","depois","50","0","0","0","0","7.086191","7.903985","2","50","50","0","0","0",""
"3A","R-OFF","4","1","true","95","depois","50","0","0","0","0","7.152797","7.811184","1","50","50","0","0","0",""
"3A","R-OFF","4","1","true","100","depois","50","0","0","0","0","7.258938","8.158953","2","50","50","0","0","0",""
"3A","R-OFF","4","1","true","105","depois","50","0","0","0","0","7.185773","7.768149","3","50","50","0","0","0",""
"3A","R-OFF","4","1","true","110","depois","50","0","0","0","0","7.181902","8.385324","2","50","50","0","0","0",""
"3A","R-OFF","4","1","true","115","depois","47","0","0","0","0","7.090815","7.587286","2","50","50","0","0","0",""
"3A","R-OFF","4","1","true","120","depois","53","0","0","0","0","7.133507","706.120737","5","50","50","0","0","0",""
"3A","R-OFF","4","1","true","125","depois","50","0","0","0","0","7.163032","7.671236","0","50","50","0","0","0",""
"3A","R-OFF","4","1","true","130","depois","50","0","0","0","0","7.326005","8.032605","1","50","50","0","0","0",""
"3A","R-OFF","4","1","true","135","depois","50","0","0","0","0","7.239656","7.508989","4","50","50","0","0","0",""
"3A","R-OFF","4","1","true","140","depois","50","0","0","0","0","7.130011","7.661567","1","50","50","0","0","0",""
"3A","R-OFF","4","1","true","145","depois","50","0","0","0","0","7.116427","8.081518","1","50","50","0","0","0",""
"3A","R-OFF","4","1","true","150","depois","50","0","0","0","0","7.180294","8.395152","3","50","50","0","0","0",""
"3A","R-OFF","4","1","true","155","depois","50","0","0","0","0","7.19366","8.301629","3","50","50","0","0","0",""
"3A","R-OFF","4","1","true","160","depois","50","0","0","0","0","7.111217","8.272426","2","50","50","0","0","0",""
"3A","R-OFF","4","1","true","165","depois","50","0","0","0","0","7.087586","8.008863","3","50","50","0","0","0",""
"3A","R-OFF","4","1","true","170","depois","50","0","0","0","0","7.128729","7.604079","3","50","50","0","0","0",""
"3A","R-OFF","4","1","true","175","depois","50","0","0","0","0","7.35204","1138.292328","2","50","50","0","0","0",""
"3A","R-OFF","4","1","true","180","depois","50","0","0","0","0","7.142964","7.785397","7","50","50","0","0","0",""
"3A","R-OFF","4","1","true","185","depois","50","0","0","0","0","7.117908","7.494373","3","50","50","0","0","0",""
"3A","R-OFF","4","1","true","190","depois","50","0","0","0","0","7.35695","7.935652","3","50","50","0","0","0",""
"3A","R-OFF","4","1","true","195","depois","50","0","0","0","0","7.260441","7.650237","3","50","50","0","0","0",""
"3A","R-OFF","4","1","true","200","depois","50","0","0","0","0","7.177004","7.880673","2","50","50","0","0","0",""
"3A","R-OFF","4","1","true","205","depois","50","0","0","0","0","7.21914","7.590944","2","50","50","0","0","0",""
"3A","R-OFF","4","1","true","210","depois","50","0","0","0","0","7.083445","7.90185","3","50","50","0","0","0",""
"3A","R-OFF","4","1","true","215","depois","44","0","0","0","0","7.20816","7.721802","3","47","47","0","0","0",""
"3A","R-OFF","4","1","true","220","depois","56","0","0","0","0","7.302044","826.156334","2","53","53","0","0","0",""
"3A","R-OFF","4","1","true","225","depois","50","0","0","0","0","7.162183","7.642036","4","50","50","0","0","0",""
"3A","R-OFF","4","1","true","230","depois","50","0","0","0","0","7.11109","7.708065","3","50","50","0","0","0",""
"3A","R-OFF","4","1","true","235","depois","46","0","0","0","0","7.127159","7.562778","2","50","50","0","0","0",""
"3A","R-OFF","4","1","true","240","depois","0","","0","0","0","","","3","0","0","0","0","0",""
"3A","R-OFF","4","1","true","245","depois","0","","0","0","0","","","0","0","0","0","0","0",""
"3A","R-OFF","4","1","true","250","depois","0","","0","0","0","","","0","0","0","0","0","0",""
"3A","R-OFF","4","1","true","255","depois","0","","0","0","0","","","","0","0","0","0","0",""
"3A","R-OFF","5","1","true","-120","aquecimento","50","0","0","0","0","7.205673","7.885279","0","50","50","0","0","0",""
"3A","R-OFF","5","1","true","-115","aquecimento","50","0","0","0","0","7.155227","7.476076","1","50","50","0","0","0",""
"3A","R-OFF","5","1","true","-110","aquecimento","50","0","0","0","0","7.173349","8.306624","4","50","50","0","0","0",""
"3A","R-OFF","5","1","true","-105","aquecimento","50","0","0","0","0","7.136918","7.55601","3","50","50","0","0","0",""
"3A","R-OFF","5","1","true","-100","aquecimento","50","0","0","0","0","8.098505","864.101373","3","35","35","0","0","0",""
"3A","R-OFF","5","1","true","-95","aquecimento","50","0","0","0","0","7.260742","7.672801","9","65","65","0","0","0",""
"3A","R-OFF","5","1","true","-90","aquecimento","50","0","0","0","0","7.170863","7.963501","0","50","50","0","0","0",""
"3A","R-OFF","5","1","true","-85","aquecimento","50","0","0","0","0","7.119242","7.487354","3","50","50","0","0","0",""
"3A","R-OFF","5","1","true","-80","aquecimento","50","0","0","0","0","7.127435","7.943968","2","50","50","0","0","0",""
"3A","R-OFF","5","1","true","-75","aquecimento","50","0","0","0","0","7.191217","7.741493","3","50","50","0","0","0",""
"3A","R-OFF","5","1","true","-70","aquecimento","50","0","0","0","0","7.22254","7.711023","1","50","50","0","0","0",""
"3A","R-OFF","5","1","true","-65","aquecimento","50","0","0","0","0","7.109451","7.513526","3","50","50","0","0","0",""
"3A","R-OFF","5","1","true","-60","antes","50","0","0","0","0","7.167168","8.006211","3","50","50","0","0","0",""
"3A","R-OFF","5","1","true","-55","antes","50","0","0","0","0","7.139363","7.455142","0","50","50","0","0","0",""
"3A","R-OFF","5","1","true","-50","antes","50","0","0","0","0","7.345606","8.195344","2","50","50","0","0","0",""
"3A","R-OFF","5","1","true","-45","antes","50","0","0","0","0","7.156888","7.644089","0","50","50","0","0","0",""
"3A","R-OFF","5","1","true","-40","antes","50","0","0","0","0","7.164835","9.005704","5","50","50","0","0","0",""
"3A","R-OFF","5","1","true","-35","antes","50","0","0","0","0","7.250962","787.480286","3","40","40","0","0","0",""
"3A","R-OFF","5","1","true","-30","antes","50","0","0","0","0","7.170451","8.299585","2","60","60","0","0","0",""
"3A","R-OFF","5","1","true","-25","antes","50","0","0","0","0","7.158194","7.527138","1","50","50","0","0","0",""
"3A","R-OFF","5","1","true","-20","antes","50","0","0","0","0","7.111157","7.952169","0","50","50","0","0","0",""
"3A","R-OFF","5","1","true","-15","antes","50","0","0","0","0","7.154289","7.338194","2","50","50","0","0","0",""
"3A","R-OFF","5","1","true","-10","antes","50","0","0","0","0","7.128308","7.659061","2","50","50","0","0","0",""
"3A","R-OFF","5","1","true","-5","antes","50","0","0","0","0","7.129253","7.435084","5","50","50","0","0","0",""
"3A","R-OFF","5","1","true","0","falha","50","0","0","0","0","7.165779","8.368737","1","50","0","0","0","2","inicio_falha"
"3A","R-OFF","5","1","true","5","falha","50","0","0","0","0","7.127993","7.751715","3","50","0","0","0","2",""
"3A","R-OFF","5","1","true","10","falha","50","0","0","0","0","7.245494","8.462219","2","50","0","0","0","2",""
"3A","R-OFF","5","1","true","15","falha","50","0","0","0","0","7.160041","7.625748","1","50","0","0","0","2",""
"3A","R-OFF","5","1","true","20","falha","50","0","0","0","0","7.126948","7.757271","4","50","0","0","0","2",""
"3A","R-OFF","5","1","true","25","falha","50","0","0","0","0","7.944355","1644.575139","1","44","0","0","0","2",""
"3A","R-OFF","5","1","true","30","falha","50","0","0","0","0","7.165119","7.896074","0","56","0","0","0","2",""
"3A","R-OFF","5","1","true","35","falha","50","0","0","0","0","7.239485","7.662681","2","50","0","0","0","2",""
"3A","R-OFF","5","1","true","40","falha","50","0","0","0","0","7.160317","7.889236","5","50","0","0","0","2",""
"3A","R-OFF","5","1","true","45","falha","50","0","0","0","0","7.127396","7.426779","2","50","0","0","0","2",""
"3A","R-OFF","5","1","true","50","falha","50","0","0","0","0","7.163456","7.566832","2","50","0","0","0","2",""
"3A","R-OFF","5","1","true","55","falha","50","0","0","0","0","7.15959","7.571639","2","50","0","0","0","2","fim_falha"
"3A","R-OFF","5","1","true","60","depois","50","0","0","0","0","7.164049","7.650471","2","50","44","0","0","2",""
"3A","R-OFF","5","1","true","65","depois","50","0","0","0","0","7.182996","7.589304","4","50","50","0","0","0",""
"3A","R-OFF","5","1","true","70","depois","50","0","0","0","0","7.26736","7.905941","1","50","50","0","0","0",""
"3A","R-OFF","5","1","true","75","depois","50","0","0","0","0","7.143661","7.742844","0","50","50","0","0","0",""
"3A","R-OFF","5","1","true","80","depois","50","0","0","0","0","7.097912","7.611165","2","50","50","0","0","0",""
"3A","R-OFF","5","1","true","85","depois","50","0","0","0","0","7.266897","834.664345","4","46","46","0","0","0",""
"3A","R-OFF","5","1","true","90","depois","50","0","0","0","0","7.133806","7.75902","0","54","54","0","0","0",""
"3A","R-OFF","5","1","true","95","depois","50","0","0","0","0","7.154797","7.496978","0","50","50","0","0","0",""
"3A","R-OFF","5","1","true","100","depois","50","0","0","0","0","7.135359","7.863556","2","50","50","0","0","0",""
"3A","R-OFF","5","1","true","105","depois","50","0","0","0","0","7.238672","7.713282","2","50","50","0","0","0",""
"3A","R-OFF","5","1","true","110","depois","50","0","0","0","0","7.173921","8.152399","4","50","50","0","0","0",""
"3A","R-OFF","5","1","true","115","depois","50","0","0","0","0","7.171339","7.54615","1","50","50","0","0","0",""
"3A","R-OFF","5","1","true","120","depois","50","0","0","0","0","7.160005","7.981137","2","50","50","0","0","0",""
"3A","R-OFF","5","1","true","125","depois","50","0","0","0","0","7.129475","7.61717","1","50","50","0","0","0",""
"3A","R-OFF","5","1","true","130","depois","50","0","0","0","0","7.378995","8.68315","3","50","50","0","0","0",""
"3A","R-OFF","5","1","true","135","depois","50","0","0","0","0","7.396214","874.388834","1","50","50","0","0","0",""
"3A","R-OFF","5","1","true","140","depois","50","0","0","0","0","7.161864","7.930204","5","50","50","0","0","0",""
"3A","R-OFF","5","1","true","145","depois","50","0","0","0","0","7.073575","7.566678","1","50","50","0","0","0",""
"3A","R-OFF","5","1","true","150","depois","50","0","0","0","0","7.205695","8.159235","0","50","50","0","0","0",""
"3A","R-OFF","5","1","true","155","depois","50","0","0","0","0","7.156352","7.471606","1","50","50","0","0","0",""
"3A","R-OFF","5","1","true","160","depois","50","0","0","0","0","7.218658","7.778248","4","50","50","0","0","0",""
"3A","R-OFF","5","1","true","165","depois","50","0","0","0","0","7.15162","7.634154","2","50","50","0","0","0",""
"3A","R-OFF","5","1","true","170","depois","50","0","0","0","0","7.113874","7.423475","3","50","50","0","0","0",""
"3A","R-OFF","5","1","true","175","depois","50","0","0","0","0","7.204473","7.760394","1","50","50","0","0","0",""
"3A","R-OFF","5","1","true","180","depois","50","0","0","0","0","7.368769","1055.49805","1","50","50","0","0","0",""
"3A","R-OFF","5","1","true","185","depois","50","0","0","0","0","7.160021","8.317193","0","50","50","0","0","0",""
"3A","R-OFF","5","1","true","190","depois","50","0","0","0","0","7.240993","8.063504","5","50","50","0","0","0",""
"3A","R-OFF","5","1","true","195","depois","50","0","0","0","0","7.122825","7.632181","3","50","50","0","0","0",""
"3A","R-OFF","5","1","true","200","depois","50","0","0","0","0","7.153643","8.329085","2","50","50","0","0","0",""
"3A","R-OFF","5","1","true","205","depois","50","0","0","0","0","7.442428","7.890397","0","50","50","0","0","0",""
"3A","R-OFF","5","1","true","210","depois","50","0","0","0","0","7.353958","8.182729","0","50","50","0","0","0",""
"3A","R-OFF","5","1","true","215","depois","50","0","0","0","0","7.24538","8.947109","5","50","50","0","0","0",""
"3A","R-OFF","5","1","true","220","depois","50","0","0","0","0","9.654303","10.110964","3","50","50","0","0","0",""
"3A","R-OFF","5","1","true","225","depois","50","0","0","0","0","7.186212","9.763243","3","50","50","0","0","0",""
"3A","R-OFF","5","1","true","230","depois","50","0","0","0","0","10.788804","11.373239","1","50","50","0","0","0",""
"3A","R-OFF","5","1","true","235","depois","41","0","0","0","0","11.987168","1038.880073","1","38","38","0","0","0",""
"3A","R-OFF","5","1","true","240","depois","0","","0","0","0","","","0","13","13","0","0","0",""
"3A","R-OFF","5","1","true","245","depois","0","","0","0","0","","","0","0","0","0","0","0",""
"3A","R-OFF","5","1","true","250","depois","0","","0","0","0","","","0","0","0","0","0","0",""
"3A","R-OFF","6","1","true","-120","aquecimento","50","0","0","0","0","7.22945","7.720259","0","50","50","0","0","0",""
"3A","R-OFF","6","1","true","-115","aquecimento","50","0","0","0","0","7.231166","7.705764","0","50","50","0","0","0",""
"3A","R-OFF","6","1","true","-110","aquecimento","50","0","0","0","0","7.150092","7.59543","0","50","50","0","0","0",""
"3A","R-OFF","6","1","true","-105","aquecimento","50","0","0","0","0","7.093347","7.590678","1","50","50","0","0","0",""
"3A","R-OFF","6","1","true","-100","aquecimento","50","0","0","0","0","7.210226","8.025208","4","50","50","0","0","0",""
"3A","R-OFF","6","1","true","-95","aquecimento","50","0","0","0","0","7.140919","7.662685","3","50","50","0","0","0",""
"3A","R-OFF","6","1","true","-90","aquecimento","50","0","0","0","0","7.188201","7.549504","2","50","50","0","0","0",""
"3A","R-OFF","6","1","true","-85","aquecimento","50","0","0","0","0","7.18569","7.609385","1","50","50","0","0","0",""
"3A","R-OFF","6","1","true","-80","aquecimento","50","0","0","0","0","7.41841","1468.74154","1","50","50","0","0","0",""
"3A","R-OFF","6","1","true","-75","aquecimento","50","0","0","0","0","7.219477","7.722827","2","50","50","0","0","0",""
"3A","R-OFF","6","1","true","-70","aquecimento","50","0","0","0","0","7.167344","7.527005","1","50","50","0","0","0",""
"3A","R-OFF","6","1","true","-65","aquecimento","50","0","0","0","0","7.150774","7.748408","4","50","50","0","0","0",""
"3A","R-OFF","6","1","true","-60","antes","50","0","0","0","0","7.186476","7.58343","3","50","50","0","0","0",""
"3A","R-OFF","6","1","true","-55","antes","50","0","0","0","0","7.099414","7.493909","2","50","50","0","0","0",""
"3A","R-OFF","6","1","true","-50","antes","50","0","0","0","0","7.25244","8.19921","4","50","50","0","0","0",""
"3A","R-OFF","6","1","true","-45","antes","50","0","0","0","0","7.262696","7.815014","2","50","50","0","0","0",""
"3A","R-OFF","6","1","true","-40","antes","50","0","0","0","0","7.251613","8.023409","3","50","50","0","0","0",""
"3A","R-OFF","6","1","true","-35","antes","50","0","0","0","0","7.936263","862.111524","3","50","50","0","0","0",""
"3A","R-OFF","6","1","true","-30","antes","50","0","0","0","0","7.267654","7.707754","2","50","50","0","0","0",""
"3A","R-OFF","6","1","true","-25","antes","50","0","0","0","0","7.160887","8.211616","3","50","50","0","0","0",""
"3A","R-OFF","6","1","true","-20","antes","50","0","0","0","0","7.185654","7.733582","2","50","50","0","0","0",""
"3A","R-OFF","6","1","true","-15","antes","50","0","0","0","0","7.154069","8.052399","2","50","50","0","0","0",""
"3A","R-OFF","6","1","true","-10","antes","50","0","0","0","0","7.107981","7.71127","1","50","50","0","0","0",""
"3A","R-OFF","6","1","true","-5","antes","50","0","0","0","0","7.156811","7.813366","3","50","50","0","0","0",""
"3A","R-OFF","6","1","true","0","falha","50","0","0","0","0","7.180458","7.650117","2","50","0","0","0","2","inicio_falha"
"3A","R-OFF","6","1","true","5","falha","50","0","0","0","0","7.182567","7.82506","1","50","0","0","0","2",""
"3A","R-OFF","6","1","true","10","falha","50","0","0","0","0","7.494775","1079.578987","2","41","0","0","0","2",""
"3A","R-OFF","6","1","true","15","falha","50","0","0","0","0","7.18606","7.578549","3","59","0","0","0","2",""
"3A","R-OFF","6","1","true","20","falha","50","0","0","0","0","7.171569","7.617496","3","50","0","0","0","2",""
"3A","R-OFF","6","1","true","25","falha","50","0","0","0","0","7.203735","8.133523","2","50","0","0","0","2",""
"3A","R-OFF","6","1","true","30","falha","50","0","0","0","0","7.227435","7.831782","3","50","0","0","0","2",""
"3A","R-OFF","6","1","true","35","falha","50","0","0","0","0","7.237171","8.338937","3","50","0","0","0","2",""
"3A","R-OFF","6","1","true","40","falha","50","0","0","0","0","7.123326","7.543943","2","50","0","0","0","2",""
"3A","R-OFF","6","1","true","45","falha","50","0","0","0","0","7.160042","7.664284","4","50","0","0","0","2",""
"3A","R-OFF","6","1","true","50","falha","50","0","0","0","0","7.159638","7.596021","3","50","0","0","0","2",""
"3A","R-OFF","6","1","true","55","falha","50","0","0","0","0","7.327693","751.794482","3","50","0","0","0","2","fim_falha"
"3A","R-OFF","6","1","true","60","depois","50","0","0","0","0","7.160547","7.670977","1","50","43","0","0","2",""
"3A","R-OFF","6","1","true","65","depois","50","0","0","0","0","7.057825","8.962749","2","50","50","0","0","0",""
"3A","R-OFF","6","1","true","70","depois","50","0","0","0","0","7.286082","8.323276","5","50","50","0","0","0",""
"3A","R-OFF","6","1","true","75","depois","50","0","0","0","0","7.20368","7.80513","4","50","50","0","0","0",""
"3A","R-OFF","6","1","true","80","depois","50","0","0","0","0","7.20718","7.621805","1","50","50","0","0","0",""
"3A","R-OFF","6","1","true","85","depois","50","0","0","0","0","7.145123","7.657004","4","50","50","0","0","0",""
"3A","R-OFF","6","1","true","90","depois","50","0","0","0","0","7.191864","7.76735","3","50","50","0","0","0",""
"3A","R-OFF","6","1","true","95","depois","50","0","0","0","0","7.144451","7.915026","2","50","50","0","0","0",""
"3A","R-OFF","6","1","true","100","depois","50","0","0","0","0","7.280314","7.856472","3","50","50","0","0","0",""
"3A","R-OFF","6","1","true","105","depois","50","0","0","0","0","7.441127","928.857327","2","50","50","0","0","0",""
"3A","R-OFF","6","1","true","110","depois","50","0","0","0","0","7.163382","8.072954","5","50","50","0","0","0",""
"3A","R-OFF","6","1","true","115","depois","50","0","0","0","0","7.135776","7.837651","0","50","50","0","0","0",""
"3A","R-OFF","6","1","true","120","depois","50","0","0","0","0","7.195172","7.732396","5","50","50","0","0","0",""
"3A","R-OFF","6","1","true","125","depois","50","0","0","0","0","7.135476","7.72607","5","50","50","0","0","0",""
"3A","R-OFF","6","1","true","130","depois","50","0","0","0","0","7.364705","7.97571","0","50","50","0","0","0",""
"3A","R-OFF","6","1","true","135","depois","50","0","0","0","0","7.208646","7.679027","5","50","50","0","0","0",""
"3A","R-OFF","6","1","true","140","depois","50","0","0","0","0","7.221651","7.671958","0","50","50","0","0","0",""
"3A","R-OFF","6","1","true","145","depois","50","0","0","0","0","7.216174","734.04265","3","50","50","0","0","0",""
"3A","R-OFF","6","1","true","150","depois","50","0","0","0","0","7.236625","7.855357","2","50","50","0","0","0",""
"3A","R-OFF","6","1","true","155","depois","50","0","0","0","0","7.239695","7.958118","0","50","50","0","0","0",""
"3A","R-OFF","6","1","true","160","depois","50","0","0","0","0","7.158823","7.580228","3","50","50","0","0","0",""
"3A","R-OFF","6","1","true","165","depois","50","0","0","0","0","7.208561","7.807856","2","50","50","0","0","0",""
"3A","R-OFF","6","1","true","170","depois","50","0","0","0","0","7.186242","7.657066","1","50","50","0","0","0",""
"3A","R-OFF","6","1","true","175","depois","50","0","0","0","0","7.23536","7.683043","4","50","50","0","0","0",""
"3A","R-OFF","6","1","true","180","depois","50","0","0","0","0","7.27137","7.774352","2","50","50","0","0","0",""
"3A","R-OFF","6","1","true","185","depois","50","0","0","0","0","7.128182","7.716368","3","50","50","0","0","0",""
"3A","R-OFF","6","1","true","190","depois","49","0","0","0","0","7.286195","7.983215","4","50","50","0","0","0",""
"3A","R-OFF","6","1","true","195","depois","51","0","0","0","0","7.328697","703.528961","2","50","50","0","0","0",""
"3A","R-OFF","6","1","true","200","depois","50","0","0","0","0","7.206777","7.609899","3","50","50","0","0","0",""
"3A","R-OFF","6","1","true","205","depois","50","0","0","0","0","7.250406","7.710882","3","50","50","0","0","0",""
"3A","R-OFF","6","1","true","210","depois","50","0","0","0","0","7.129624","8.039096","3","50","50","0","0","0",""
"3A","R-OFF","6","1","true","215","depois","50","0","0","0","0","7.176167","7.809964","3","50","50","0","0","0",""
"3A","R-OFF","6","1","true","220","depois","50","0","0","0","0","7.166786","7.979373","3","50","50","0","0","0",""
"3A","R-OFF","6","1","true","225","depois","50","0","0","0","0","7.219823","7.849192","3","50","50","0","0","0",""
"3A","R-OFF","6","1","true","230","depois","50","0","0","0","0","7.27003","7.809608","3","50","50","0","0","0",""
"3A","R-OFF","6","1","true","235","depois","48","0","0","0","0","7.137026","7.684404","1","50","50","0","0","0",""
"3A","R-OFF","6","1","true","240","depois","0","","0","0","0","","","5","1","1","0","0","0",""
"3A","R-OFF","6","1","true","245","depois","0","","0","0","0","","","0","0","0","0","0","0",""
"3A","R-OFF","6","1","true","250","depois","0","","0","0","0","","","0","0","0","0","0","0",""
"3A","R-OFF","6","1","true","255","depois","0","","0","0","0","","","","0","0","0","0","0",""
"3A","R-ON","1","1","true","-120","aquecimento","50","0","0","0","0","7.235517","7.672761","0","50","50","0","0","0",""
"3A","R-ON","1","1","true","-115","aquecimento","50","0","0","0","0","7.292624","7.692839","1","50","50","0","0","0",""
"3A","R-ON","1","1","true","-110","aquecimento","50","0","0","0","0","7.172624","7.636678","4","50","50","0","0","0",""
"3A","R-ON","1","1","true","-105","aquecimento","50","0","0","0","0","7.055128","7.685042","2","50","50","0","0","0",""
"3A","R-ON","1","1","true","-100","aquecimento","50","0","0","0","0","7.120156","7.565705","4","50","50","0","0","0",""
"3A","R-ON","1","1","true","-95","aquecimento","50","0","0","0","0","7.175233","7.611553","2","50","50","0","0","0",""
"3A","R-ON","1","1","true","-90","aquecimento","50","0","0","0","0","7.138359","7.666458","3","50","50","0","0","0",""
"3A","R-ON","1","1","true","-85","aquecimento","50","0","0","0","0","7.187284","7.760652","4","50","50","0","0","0",""
"3A","R-ON","1","1","true","-80","aquecimento","50","0","0","0","0","7.061528","7.396888","2","50","50","0","0","0",""
"3A","R-ON","1","1","true","-75","aquecimento","29","0","0","0","0","7.390013","1071.720357","3","30","30","0","0","0",""
"3A","R-ON","1","1","true","-70","aquecimento","71","0","0","0","0","7.54507","1949.105385","0","70","70","0","0","0",""
"3A","R-ON","1","1","true","-65","aquecimento","50","0","0","0","0","7.187458","7.973723","4","50","50","0","0","0",""
"3A","R-ON","1","1","true","-60","antes","50","0","0","0","0","7.173456","7.9196","1","50","50","0","0","0",""
"3A","R-ON","1","1","true","-55","antes","50","0","0","0","0","7.065757","7.943444","5","50","50","0","0","0",""
"3A","R-ON","1","1","true","-50","antes","50","0","0","0","0","7.231895","8.311603","4","50","50","0","0","0",""
"3A","R-ON","1","1","true","-45","antes","50","0","0","0","0","7.146126","7.793923","1","50","50","0","0","0",""
"3A","R-ON","1","1","true","-40","antes","50","0","0","0","0","7.314221","7.969507","5","50","50","0","0","0",""
"3A","R-ON","1","1","true","-35","antes","50","0","0","0","0","7.962545","8.700931","3","50","50","0","0","0",""
"3A","R-ON","1","1","true","-30","antes","50","0","0","0","0","8.83184","1019.482615","1","50","50","0","0","0",""
"3A","R-ON","1","1","true","-25","antes","50","0","0","0","0","7.245599","9.945546","4","50","50","0","0","0",""
"3A","R-ON","1","1","true","-20","antes","50","0","0","0","0","7.160822","7.866268","1","50","50","0","0","0",""
"3A","R-ON","1","1","true","-15","antes","50","0","0","0","0","7.335528","11.15516","3","50","50","0","0","0",""
"3A","R-ON","1","1","true","-10","antes","50","0","0","0","0","11.919491","12.477697","3","50","50","0","0","0",""
"3A","R-ON","1","1","true","-5","antes","50","0","0","0","0","12.868639","13.781404","3","50","50","0","0","0",""
"3A","R-ON","1","1","true","0","falha","50","0","0","0","0","13.843551","14.55446","2","0","0","0","0","2","inicio_falha"
"3A","R-ON","1","1","true","5","falha","50","0","0","0","0","14.863967","15.821253","54","0","0","0","0","2",""
"3A","R-ON","1","1","true","10","falha","50","0","0","0","0","15.872217","16.950728","103","0","0","0","0","2",""
"3A","R-ON","1","1","true","15","falha","50","0","0","0","0","16.729894","17.089791","153","0","0","0","0","2",""
"3A","R-ON","1","1","true","20","falha","50","0","0","0","0","7.228594","17.601265","201","0","0","0","0","2",""
"3A","R-ON","1","1","true","25","falha","50","0","0","0","0","17.701233","1037.341832","251","0","0","0","0","2",""
"3A","R-ON","1","1","true","30","falha","50","0","0","0","0","7.19034","7.623114","301","0","0","0","0","2",""
"3A","R-ON","1","1","true","35","falha","50","0","0","0","0","20.907348","71.673706","354","0","0","0","0","2",""
"3A","R-ON","1","1","true","40","falha","50","0","0","0","0","21.738023","22.206152","401","0","0","0","0","2",""
"3A","R-ON","1","1","true","45","falha","50","0","0","0","0","22.207","23.004079","453","0","0","0","0","2",""
"3A","R-ON","1","1","true","50","falha","50","0","0","0","0","7.812888","22.952115","504","0","0","0","0","2",""
"3A","R-ON","1","1","true","55","falha","50","0","0","0","0","7.198351","7.853832","552","0","0","0","0","2","fim_falha"
"3A","R-ON","1","1","true","60","depois","50","0","0","0","0","8.939527","11.287242","602","520","520","0","0","2",""
"3A","R-ON","1","1","true","65","depois","50","0","0","0","0","7.132337","11.085228","183","180","180","0","0","0",""
"3A","R-ON","1","1","true","70","depois","50","0","0","0","0","7.26151","8.387634","1","50","50","0","0","0",""
"3A","R-ON","1","1","true","75","depois","50","0","0","0","0","7.187607","7.698761","1","50","50","0","0","0",""
"3A","R-ON","1","1","true","80","depois","50","0","0","0","0","7.228341","1075.752405","1","50","50","0","0","0",""
"3A","R-ON","1","1","true","85","depois","50","0","0","0","0","7.107685","7.439066","1","50","50","0","0","0",""
"3A","R-ON","1","1","true","90","depois","50","0","0","0","0","7.132525","7.72064","1","50","50","0","0","0",""
"3A","R-ON","1","1","true","95","depois","50","0","0","0","0","7.153484","7.768809","5","50","50","0","0","0",""
"3A","R-ON","1","1","true","100","depois","50","0","0","0","0","7.13019","7.488141","2","50","50","0","0","0",""
"3A","R-ON","1","1","true","105","depois","50","0","0","0","0","7.1529","7.90475","2","50","50","0","0","0",""
"3A","R-ON","1","1","true","110","depois","50","0","0","0","0","7.143445","7.524065","1","50","50","0","0","0",""
"3A","R-ON","1","1","true","115","depois","50","0","0","0","0","7.222409","8.225557","4","50","50","0","0","0",""
"3A","R-ON","1","1","true","120","depois","50","0","0","0","0","7.111559","7.47845","1","50","50","0","0","0",""
"3A","R-ON","1","1","true","125","depois","50","0","0","0","0","7.181736","7.89079","3","50","50","0","0","0",""
"3A","R-ON","1","1","true","130","depois","50","0","0","0","0","7.455045","924.947163","2","50","50","0","0","0",""
"3A","R-ON","1","1","true","135","depois","50","0","0","0","0","7.110104","7.748829","0","50","50","0","0","0",""
"3A","R-ON","1","1","true","140","depois","50","0","0","0","0","7.181419","7.629165","3","50","50","0","0","0",""
"3A","R-ON","1","1","true","145","depois","50","0","0","0","0","7.255916","7.852402","3","50","50","0","0","0",""
"3A","R-ON","1","1","true","150","depois","50","0","0","0","0","7.204002","8.390296","2","50","50","0","0","0",""
"3A","R-ON","1","1","true","155","depois","50","0","0","0","0","7.175401","7.477059","3","50","50","0","0","0",""
"3A","R-ON","1","1","true","160","depois","50","0","0","0","0","7.105334","7.676298","2","50","50","0","0","0",""
"3A","R-ON","1","1","true","165","depois","50","0","0","0","0","7.165364","7.965804","2","50","50","0","0","0",""
"3A","R-ON","1","1","true","170","depois","42","0","0","0","0","7.073821","7.614365","1","46","46","0","0","0",""
"3A","R-ON","1","1","true","175","depois","58","0","0","0","0","7.312144","735.461966","1","54","54","0","0","0",""
"3A","R-ON","1","1","true","180","depois","50","0","0","0","0","7.226785","8.015667","2","50","50","0","0","0",""
"3A","R-ON","1","1","true","185","depois","50","0","0","0","0","7.039159","7.880557","2","50","50","0","0","0",""
"3A","R-ON","1","1","true","190","depois","50","0","0","0","0","7.263793","8.147991","3","50","50","0","0","0",""
"3A","R-ON","1","1","true","195","depois","50","0","0","0","0","7.18274","7.85332","5","50","50","0","0","0",""
"3A","R-ON","1","1","true","200","depois","50","0","0","0","0","7.165385","7.879967","4","50","50","0","0","0",""
"3A","R-ON","1","1","true","205","depois","50","0","0","0","0","7.139234","7.710954","1","50","50","0","0","0",""
"3A","R-ON","1","1","true","210","depois","50","0","0","0","0","7.172729","7.650423","4","50","50","0","0","0",""
"3A","R-ON","1","1","true","215","depois","50","0","0","0","0","7.319203","1053.866888","2","50","50","0","0","0",""
"3A","R-ON","1","1","true","220","depois","50","0","0","0","0","7.108154","7.756113","1","50","50","0","0","0",""
"3A","R-ON","1","1","true","225","depois","50","0","0","0","0","7.185421","7.923355","2","50","50","0","0","0",""
"3A","R-ON","1","1","true","230","depois","50","0","0","0","0","7.166351","7.622744","3","50","50","0","0","0",""
"3A","R-ON","1","1","true","235","depois","47","0","0","0","0","7.157859","7.904222","3","50","50","0","0","0",""
"3A","R-ON","1","1","true","240","depois","0","","0","0","0","","","1","1","1","0","0","0",""
"3A","R-ON","1","1","true","245","depois","0","","0","0","0","","","0","0","0","0","0","0",""
"3A","R-ON","1","1","true","250","depois","0","","0","0","0","","","0","0","0","0","0","0",""
"3A","R-ON","1","1","true","255","depois","0","","0","0","0","","","","0","0","0","0","0",""
"3A","R-ON","2","2","true","-120","aquecimento","50","0","0","0","0","7.197821","9.270859","0","50","50","0","0","0",""
"3A","R-ON","2","2","true","-115","aquecimento","50","0","0","0","0","7.19124","8.008611","4","50","50","0","0","0",""
"3A","R-ON","2","2","true","-110","aquecimento","50","0","0","0","0","7.187287","8.149316","0","50","50","0","0","0",""
"3A","R-ON","2","2","true","-105","aquecimento","50","0","0","0","0","7.097031","7.749178","4","50","50","0","0","0",""
"3A","R-ON","2","2","true","-100","aquecimento","50","0","0","0","0","7.131031","7.533314","2","50","50","0","0","0",""
"3A","R-ON","2","2","true","-95","aquecimento","50","0","0","0","0","7.103653","7.821869","3","50","50","0","0","0",""
"3A","R-ON","2","2","true","-90","aquecimento","42","0","0","0","0","7.070575","282.908391","1","45","45","0","0","0",""
"3A","R-ON","2","2","true","-85","aquecimento","58","0","0","0","0","7.547396","962.437278","1","55","55","0","0","0",""
"3A","R-ON","2","2","true","-80","aquecimento","50","0","0","0","0","7.171882","7.957999","0","50","50","0","0","0",""
"3A","R-ON","2","2","true","-75","aquecimento","50","0","0","0","0","7.116074","7.896552","0","50","50","0","0","0",""
"3A","R-ON","2","2","true","-70","aquecimento","50","0","0","0","0","7.167862","7.385021","1","50","50","0","0","0",""
"3A","R-ON","2","2","true","-65","aquecimento","50","0","0","0","0","7.092632","7.64034","5","50","50","0","0","0",""
"3A","R-ON","2","2","true","-60","antes","50","0","0","0","0","7.154298","7.48902","0","50","50","0","0","0",""
"3A","R-ON","2","2","true","-55","antes","50","0","0","0","0","7.144953","7.835659","4","50","50","0","0","0",""
"3A","R-ON","2","2","true","-50","antes","50","0","0","0","0","7.221182","7.924428","2","50","50","0","0","0",""
"3A","R-ON","2","2","true","-45","antes","50","0","0","0","0","7.171125","8.019893","4","50","50","0","0","0",""
"3A","R-ON","2","2","true","-40","antes","50","0","0","0","0","7.080238","7.419079","3","50","50","0","0","0",""
"3A","R-ON","2","2","true","-35","antes","50","0","0","0","0","7.287157","923.074955","2","50","50","0","0","0",""
"3A","R-ON","2","2","true","-30","antes","50","0","0","0","0","7.190493","7.457576","2","50","50","0","0","0",""
"3A","R-ON","2","2","true","-25","antes","50","0","0","0","0","7.149049","7.694295","4","50","50","0","0","0",""
"3A","R-ON","2","2","true","-20","antes","50","0","0","0","0","7.102238","7.430302","2","50","50","0","0","0",""
"3A","R-ON","2","2","true","-15","antes","50","0","0","0","0","7.228376","8.496535","2","50","50","0","0","0",""
"3A","R-ON","2","2","true","-10","antes","50","0","0","0","0","7.198529","7.564519","3","50","50","0","0","0",""
"3A","R-ON","2","2","true","-5","antes","50","0","0","0","0","7.115144","7.523174","4","50","50","0","0","0",""
"3A","R-ON","2","2","true","0","falha","50","0","0","0","0","7.162466","7.690341","1","0","0","0","0","2","inicio_falha"
"3A","R-ON","2","2","true","5","falha","50","0","0","0","0","7.199588","7.751355","54","0","0","0","0","2",""
"3A","R-ON","2","2","true","10","falha","50","0","0","0","0","7.424412","888.090181","102","0","0","0","0","2",""
"3A","R-ON","2","2","true","15","falha","50","0","0","0","0","7.161283","7.823664","153","0","0","0","0","2",""
"3A","R-ON","2","2","true","20","falha","50","0","0","0","0","7.135361","7.400261","203","0","0","0","0","2",""
"3A","R-ON","2","2","true","25","falha","50","0","0","0","0","7.135042","7.831432","253","0","0","0","0","2",""
"3A","R-ON","2","2","true","30","falha","50","0","0","0","0","7.116113","7.712193","302","0","0","0","0","2",""
"3A","R-ON","2","2","true","35","falha","50","0","0","0","0","7.133079","7.63231","354","0","0","0","0","2",""
"3A","R-ON","2","2","true","40","falha","50","0","0","0","0","7.135832","7.568192","404","0","0","0","0","2",""
"3A","R-ON","2","2","true","45","falha","50","0","0","0","0","7.175549","7.885005","452","0","0","0","0","2",""
"3A","R-ON","2","2","true","50","falha","50","0","0","0","0","7.105727","7.890613","504","0","0","0","0","2",""
"3A","R-ON","2","2","true","55","falha","46","0","0","0","0","7.117912","7.995967","553","0","0","0","0","2","fim_falha"
"3A","R-ON","2","2","true","60","depois","54","0","0","0","0","10.557892","842.425189","603","403","403","0","0","2",""
"3A","R-ON","2","2","true","65","depois","50","0","0","0","0","7.442193","10.901794","195","297","297","0","0","0",""
"3A","R-ON","2","2","true","70","depois","50","0","0","0","0","7.294802","7.887625","129","50","50","0","0","0",""
"3A","R-ON","2","2","true","75","depois","50","0","0","0","0","7.535974","8.093214","1","50","50","0","0","0",""
"3A","R-ON","2","2","true","80","depois","50","0","0","0","0","8.387986","9.091502","5","50","50","0","0","0",""
"3A","R-ON","2","2","true","85","depois","50","0","0","0","0","8.749889","9.887347","1","50","50","0","0","0",""
"3A","R-ON","2","2","true","90","depois","50","0","0","0","0","7.12257","10.025646","1","50","50","0","0","0",""
"3A","R-ON","2","2","true","95","depois","50","0","0","0","0","7.118032","8.098405","4","50","50","0","0","0",""
"3A","R-ON","2","2","true","100","depois","50","0","0","0","0","7.103614","9.494464","4","50","50","0","0","0",""
"3A","R-ON","2","2","true","105","depois","50","0","0","0","0","8.001259","12.193883","2","50","50","0","0","0",""
"3A","R-ON","2","2","true","110","depois","50","0","0","0","0","12.565403","13.025821","3","50","50","0","0","0",""
"3A","R-ON","2","2","true","115","depois","50","0","0","0","0","13.623087","14.308044","3","50","50","0","0","0",""
"3A","R-ON","2","2","true","120","depois","50","0","0","0","0","9.124574","1155.728467","3","50","50","0","0","0",""
"3A","R-ON","2","2","true","125","depois","50","0","0","0","0","7.277629","17.860078","0","50","50","0","0","0",""
"3A","R-ON","2","2","true","130","depois","50","0","0","0","0","17.727466","18.038489","4","50","50","0","0","0",""
"3A","R-ON","2","2","true","135","depois","50","0","0","0","0","7.246703","18.456899","1","50","50","0","0","0",""
"3A","R-ON","2","2","true","140","depois","50","0","0","0","0","18.923809","19.282395","2","50","50","0","0","0",""
"3A","R-ON","2","2","true","145","depois","50","0","0","0","0","19.015321","19.405811","2","50","50","0","0","0",""
"3A","R-ON","2","2","true","150","depois","50","0","0","0","0","18.981091","19.401315","3","50","50","0","0","0",""
"3A","R-ON","2","2","true","155","depois","50","0","0","0","0","19.004758","19.846537","2","50","50","0","0","0",""
"3A","R-ON","2","2","true","160","depois","50","0","0","0","0","18.981469","19.469142","3","50","50","0","0","0",""
"3A","R-ON","2","2","true","165","depois","51","0","0","0","0","7.351411","9.606144","2","50","50","0","0","0",""
"3A","R-ON","2","2","true","170","depois","50","0","0","0","0","7.164032","7.743251","1","50","50","0","0","0",""
"3A","R-ON","2","2","true","175","depois","50","0","0","0","0","7.32127","752.144819","4","42","42","0","0","0",""
"3A","R-ON","2","2","true","180","depois","50","0","0","0","0","7.16008","7.664124","3","58","58","0","0","0",""
"3A","R-ON","2","2","true","185","depois","50","0","0","0","0","7.065687","7.829841","1","50","50","0","0","0",""
"3A","R-ON","2","2","true","190","depois","50","0","0","0","0","7.149041","7.809225","1","50","50","0","0","0",""
"3A","R-ON","2","2","true","195","depois","50","0","0","0","0","7.207925","8.944345","3","50","50","0","0","0",""
"3A","R-ON","2","2","true","200","depois","50","0","0","0","0","7.20398","7.804309","4","50","50","0","0","0",""
"3A","R-ON","2","2","true","205","depois","50","0","0","0","0","7.261647","7.967643","1","50","50","0","0","0",""
"3A","R-ON","2","2","true","210","depois","50","0","0","0","0","7.073643","7.464097","2","50","50","0","0","0",""
"3A","R-ON","2","2","true","215","depois","50","0","0","0","0","7.126287","7.557745","2","50","50","0","0","0",""
"3A","R-ON","2","2","true","220","depois","50","0","0","0","0","7.142269","7.641059","4","50","50","0","0","0",""
"3A","R-ON","2","2","true","225","depois","50","0","0","0","0","7.194222","7.744728","1","50","50","0","0","0",""
"3A","R-ON","2","2","true","230","depois","50","0","0","0","0","7.286711","869.859893","4","50","50","0","0","0",""
"3A","R-ON","2","2","true","235","depois","44","0","0","0","0","7.100074","7.654367","4","50","50","0","0","0",""
"3A","R-ON","2","2","true","240","depois","0","","0","0","0","","","1","1","1","0","0","0",""
"3A","R-ON","2","2","true","245","depois","0","","0","0","0","","","0","0","0","0","0","0",""
"3A","R-ON","2","2","true","250","depois","0","","0","0","0","","","0","0","0","0","0","0",""
"3A","R-ON","2","2","true","255","depois","0","","0","0","0","","","","0","0","0","0","0",""
"3A","R-ON","3","2","true","-120","aquecimento","50","0","0","0","0","7.279469","7.690321","0","50","50","0","0","0",""
"3A","R-ON","3","2","true","-115","aquecimento","50","0","0","0","0","7.374556","105.649134","1","50","50","0","0","0",""
"3A","R-ON","3","2","true","-110","aquecimento","50","0","0","0","0","7.23393","8.047179","5","50","50","0","0","0",""
"3A","R-ON","3","2","true","-105","aquecimento","50","0","0","0","0","7.088489","7.727036","1","50","50","0","0","0",""
"3A","R-ON","3","2","true","-100","aquecimento","50","0","0","0","0","7.077673","7.500792","2","50","50","0","0","0",""
"3A","R-ON","3","2","true","-95","aquecimento","50","0","0","0","0","7.105769","7.821582","2","50","50","0","0","0",""
"3A","R-ON","3","2","true","-90","aquecimento","50","0","0","0","0","7.112583","7.558854","3","50","50","0","0","0",""
"3A","R-ON","3","2","true","-85","aquecimento","50","0","0","0","0","7.142285","7.750218","0","50","50","0","0","0",""
"3A","R-ON","3","2","true","-80","aquecimento","50","0","0","0","0","7.059007","7.364473","4","50","50","0","0","0",""
"3A","R-ON","3","2","true","-75","aquecimento","50","0","0","0","0","7.162552","7.805364","1","50","50","0","0","0",""
"3A","R-ON","3","2","true","-70","aquecimento","38","0","0","0","0","1170.461033","1974.826753","2","20","20","0","0","0",""
"3A","R-ON","3","2","true","-65","aquecimento","62","0","0","0","0","9.650597","1070.034089","23","80","80","0","0","0",""
"3A","R-ON","3","2","true","-60","antes","50","0","0","0","0","7.664109","476.983702","3","50","50","0","0","0",""
"3A","R-ON","3","2","true","-55","antes","50","0","0","0","0","7.114103","8.25402","3","50","50","0","0","0",""
"3A","R-ON","3","2","true","-50","antes","50","0","0","0","0","7.293367","7.914667","0","50","50","0","0","0",""
"3A","R-ON","3","2","true","-45","antes","50","0","0","0","0","7.278047","8.141791","0","50","50","0","0","0",""
"3A","R-ON","3","2","true","-40","antes","50","0","0","0","0","7.280475","7.854927","5","50","50","0","0","0",""
"3A","R-ON","3","2","true","-35","antes","50","0","0","0","0","7.308832","8.820851","3","50","50","0","0","0",""
"3A","R-ON","3","2","true","-30","antes","50","0","0","0","0","7.183953","7.828475","2","50","50","0","0","0",""
"3A","R-ON","3","2","true","-25","antes","50","0","0","0","0","7.271101","8.495252","0","50","50","0","0","0",""
"3A","R-ON","3","2","true","-20","antes","50","0","0","0","0","7.222112","7.550542","1","50","50","0","0","0",""
"3A","R-ON","3","2","true","-15","antes","50","0","0","0","0","7.228443","7.735216","3","50","50","0","0","0",""
"3A","R-ON","3","2","true","-10","antes","50","0","0","0","0","7.315607","838.287095","0","50","50","0","0","0",""
"3A","R-ON","3","2","true","-5","antes","50","0","0","0","0","7.157565","8.26678","1","50","50","0","0","0",""
"3A","R-ON","3","2","true","0","falha","50","0","0","0","0","7.285407","8.219483","2","0","0","0","0","2","inicio_falha"
"3A","R-ON","3","2","true","5","falha","50","0","0","0","0","7.22921","7.857463","53","0","0","0","0","2",""
"3A","R-ON","3","2","true","10","falha","50","0","0","0","0","7.320396","7.933681","102","0","0","0","0","2",""
"3A","R-ON","3","2","true","15","falha","50","0","0","0","0","7.198061","8.082477","154","0","0","0","0","2",""
"3A","R-ON","3","2","true","20","falha","50","0","0","0","0","7.170846","7.509087","197","0","0","0","0","2",""
"3A","R-ON","3","2","true","25","falha","50","0","0","0","0","7.280961","8.257609","252","0","0","0","0","2",""
"3A","R-ON","3","2","true","30","falha","50","0","0","0","0","7.245583","7.776483","305","0","0","0","0","2",""
"3A","R-ON","3","2","true","35","falha","50","0","0","0","0","7.237758","7.654576","353","0","0","0","0","2",""
"3A","R-ON","3","2","true","40","falha","50","0","0","0","0","7.167435","7.620581","400","0","0","0","0","2",""
"3A","R-ON","3","2","true","45","falha","50","0","0","0","0","7.239228","8.127027","455","0","0","0","0","2",""
"3A","R-ON","3","2","true","50","falha","50","0","0","0","0","7.205095","7.513957","501","0","0","0","0","2",""
"3A","R-ON","3","2","true","55","falha","50","0","0","0","0","7.164909","8.118412","555","0","0","0","0","2","fim_falha"
"3A","R-ON","3","2","true","60","depois","50","0","0","0","0","10.754934","1024.975046","601","371","371","0","0","2",""
"3A","R-ON","3","2","true","65","depois","50","0","0","0","0","7.668441","11.218577","299","329","329","0","0","0",""
"3A","R-ON","3","2","true","70","depois","50","0","0","0","0","7.237383","7.992775","2","50","50","0","0","0",""
"3A","R-ON","3","2","true","75","depois","50","0","0","0","0","7.208373","7.880652","2","50","50","0","0","0",""
"3A","R-ON","3","2","true","80","depois","50","0","0","0","0","7.077882","7.528148","1","50","50","0","0","0",""
"3A","R-ON","3","2","true","85","depois","50","0","0","0","0","7.219508","8.083358","4","50","50","0","0","0",""
"3A","R-ON","3","2","true","90","depois","50","0","0","0","0","7.186977","7.659479","2","50","50","0","0","0",""
"3A","R-ON","3","2","true","95","depois","50","0","0","0","0","7.265537","7.878713","0","50","50","0","0","0",""
"3A","R-ON","3","2","true","100","depois","50","0","0","0","0","7.222384","7.640726","2","50","50","0","0","0",""
"3A","R-ON","3","2","true","105","depois","50","0","0","0","0","7.207334","7.870445","1","50","50","0","0","0",""
"3A","R-ON","3","2","true","110","depois","50","0","0","0","0","7.541196","1508.883543","2","50","50","0","0","0",""
"3A","R-ON","3","2","true","115","depois","50","0","0","0","0","7.158834","7.73376","0","50","50","0","0","0",""
"3A","R-ON","3","2","true","120","depois","50","0","0","0","0","7.235386","7.56501","0","50","50","0","0","0",""
"3A","R-ON","3","2","true","125","depois","50","0","0","0","0","7.235668","8.528383","5","50","50","0","0","0",""
"3A","R-ON","3","2","true","130","depois","50","0","0","0","0","7.3544","8.147895","4","50","50","0","0","0",""
"3A","R-ON","3","2","true","135","depois","50","0","0","0","0","7.202253","7.903961","1","50","50","0","0","0",""
"3A","R-ON","3","2","true","140","depois","50","0","0","0","0","7.195829","7.684815","2","50","50","0","0","0",""
"3A","R-ON","3","2","true","145","depois","50","0","0","0","0","7.243978","7.777515","2","50","50","0","0","0",""
"3A","R-ON","3","2","true","150","depois","50","0","0","0","0","7.196236","7.686133","3","50","50","0","0","0",""
"3A","R-ON","3","2","true","155","depois","50","0","0","0","0","7.255579","8.131023","2","50","50","0","0","0",""
"3A","R-ON","3","2","true","160","depois","50","0","0","0","0","7.11677","7.522825","4","50","50","0","0","0",""
"3A","R-ON","3","2","true","165","depois","50","0","0","0","0","7.323108","866.008","1","50","50","0","0","0",""
"3A","R-ON","3","2","true","170","depois","50","0","0","0","0","7.151855","7.681045","2","50","50","0","0","0",""
"3A","R-ON","3","2","true","175","depois","50","0","0","0","0","7.257422","8.253667","1","50","50","0","0","0",""
"3A","R-ON","3","2","true","180","depois","50","0","0","0","0","7.216263","7.690749","4","50","50","0","0","0",""
"3A","R-ON","3","2","true","185","depois","50","0","0","0","0","7.152896","7.807296","3","50","50","0","0","0",""
"3A","R-ON","3","2","true","190","depois","50","0","0","0","0","7.427073","8.050281","1","50","50","0","0","0",""
"3A","R-ON","3","2","true","195","depois","50","0","0","0","0","8.161029","8.985217","2","50","50","0","0","0",""
"3A","R-ON","3","2","true","200","depois","50","0","0","0","0","7.29902","9.306585","2","50","50","0","0","0",""
"3A","R-ON","3","2","true","205","depois","50","0","0","0","0","7.346102","903.441133","3","41","41","0","0","0",""
"3A","R-ON","3","2","true","210","depois","50","0","0","0","0","10.570042","11.297897","2","59","59","0","0","0",""
"3A","R-ON","3","2","true","215","depois","50","0","0","0","0","11.240323","12.206429","2","50","50","0","0","0",""
"3A","R-ON","3","2","true","220","depois","50","0","0","0","0","12.265184","13.273225","1","50","50","0","0","0",""
"3A","R-ON","3","2","true","225","depois","50","0","0","0","0","13.815168","16.136567","0","50","50","0","0","0",""
"3A","R-ON","3","2","true","230","depois","50","0","0","0","0","13.958735","14.865159","0","50","50","0","0","0",""
"3A","R-ON","3","2","true","235","depois","47","0","0","0","0","7.180212","9.020354","3","50","50","0","0","0",""
"3A","R-ON","3","2","true","240","depois","0","","0","0","0","","","0","1","1","0","0","0",""
"3A","R-ON","3","2","true","245","depois","0","","0","0","0","","","0","0","0","0","0","0",""
"3A","R-ON","3","2","true","250","depois","0","","0","0","0","","","0","0","0","0","0","0",""
"3A","R-ON","3","2","true","255","depois","0","","0","0","0","","","","0","0","0","0","0",""
"3A","R-ON","4","2","true","-120","aquecimento","50","0","0","0","0","7.248662","8.354733","0","50","50","0","0","0",""
"3A","R-ON","4","2","true","-115","aquecimento","50","0","0","0","0","7.139211","7.808914","1","50","50","0","0","0",""
"3A","R-ON","4","2","true","-110","aquecimento","50","0","0","0","0","7.166514","8.192247","1","50","50","0","0","0",""
"3A","R-ON","4","2","true","-105","aquecimento","48","0","0","0","0","7.132211","7.664469","4","50","50","0","0","0",""
"3A","R-ON","4","2","true","-100","aquecimento","52","0","0","0","0","8.324439","736.767618","2","50","50","0","0","0",""
"3A","R-ON","4","2","true","-95","aquecimento","50","0","0","0","0","7.114835","7.500241","2","50","50","0","0","0",""
"3A","R-ON","4","2","true","-90","aquecimento","50","0","0","0","0","7.09921","7.598179","0","50","50","0","0","0",""
"3A","R-ON","4","2","true","-85","aquecimento","50","0","0","0","0","7.190584","7.560166","5","50","50","0","0","0",""
"3A","R-ON","4","2","true","-80","aquecimento","50","0","0","0","0","7.010822","7.636488","0","50","50","0","0","0",""
"3A","R-ON","4","2","true","-75","aquecimento","50","0","0","0","0","7.1001","7.917678","5","50","50","0","0","0",""
"3A","R-ON","4","2","true","-70","aquecimento","50","0","0","0","0","7.150626","7.500271","3","50","50","0","0","0",""
"3A","R-ON","4","2","true","-65","aquecimento","50","0","0","0","0","7.260985","7.724627","0","50","50","0","0","0",""
"3A","R-ON","4","2","true","-60","antes","42","0","0","0","0","7.073203","8.16439","5","44","44","0","0","0",""
"3A","R-ON","4","2","true","-55","antes","58","0","0","0","0","7.397737","852.470648","0","56","56","0","0","0",""
"3A","R-ON","4","2","true","-50","antes","50","0","0","0","0","7.210961","7.880269","2","50","50","0","0","0",""
"3A","R-ON","4","2","true","-45","antes","50","0","0","0","0","7.152313","7.740309","5","50","50","0","0","0",""
"3A","R-ON","4","2","true","-40","antes","50","0","0","0","0","7.108337","7.559801","2","50","50","0","0","0",""
"3A","R-ON","4","2","true","-35","antes","50","0","0","0","0","7.135662","7.771788","2","50","50","0","0","0",""
"3A","R-ON","4","2","true","-30","antes","50","0","0","0","0","7.080925","7.835199","3","50","50","0","0","0",""
"3A","R-ON","4","2","true","-25","antes","50","0","0","0","0","7.137598","7.606244","3","50","50","0","0","0",""
"3A","R-ON","4","2","true","-20","antes","50","0","0","0","0","7.227302","7.845612","3","50","50","0","0","0",""
"3A","R-ON","4","2","true","-15","antes","50","0","0","0","0","7.121192","7.800253","0","50","50","0","0","0",""
"3A","R-ON","4","2","true","-10","antes","50","0","0","0","0","7.10382","7.60112","4","50","50","0","0","0",""
"3A","R-ON","4","2","true","-5","antes","50","0","0","0","0","7.269512","958.302177","2","50","50","0","0","0",""
"3A","R-ON","4","2","true","0","falha","50","0","0","0","0","7.18079","7.715996","2","0","0","0","0","2","inicio_falha"
"3A","R-ON","4","2","true","5","falha","50","0","0","0","0","7.202982","7.705131","51","0","0","0","0","2",""
"3A","R-ON","4","2","true","10","falha","50","0","0","0","0","7.434733","7.806772","102","0","0","0","0","2",""
"3A","R-ON","4","2","true","15","falha","50","0","0","0","0","7.203659","7.801553","153","0","0","0","0","2",""
"3A","R-ON","4","2","true","20","falha","50","0","0","0","0","7.187968","8.435037","202","0","0","0","0","2",""
"3A","R-ON","4","2","true","25","falha","50","0","0","0","0","7.215882","7.604772","253","0","0","0","0","2",""
"3A","R-ON","4","2","true","30","falha","50","0","0","0","0","7.152051","7.721428","304","0","0","0","0","2",""
"3A","R-ON","4","2","true","35","falha","50","0","0","0","0","7.190049","7.80002","353","0","0","0","0","2",""
"3A","R-ON","4","2","true","40","falha","50","0","0","0","0","7.106211","7.733997","402","0","0","0","0","2",""
"3A","R-ON","4","2","true","45","falha","50","0","0","0","0","7.245137","8.043543","453","0","0","0","0","2",""
"3A","R-ON","4","2","true","50","falha","50","0","0","0","0","7.219721","7.875262","502","0","0","0","0","2",""
"3A","R-ON","4","2","true","55","falha","40","0","0","0","0","7.28924","7.860169","550","0","0","0","0","2","fim_falha"
"3A","R-ON","4","2","true","60","depois","60","0","0","0","0","10.525933","774.176403","595","505","505","0","0","2",""
"3A","R-ON","4","2","true","65","depois","50","0","0","0","0","7.110728","11.170352","204","195","195","0","0","0",""
"3A","R-ON","4","2","true","70","depois","50","0","0","0","0","7.293136","7.883875","0","50","50","0","0","0",""
"3A","R-ON","4","2","true","75","depois","50","0","0","0","0","7.259815","7.690456","2","50","50","0","0","0",""
"3A","R-ON","4","2","true","80","depois","50","0","0","0","0","7.111142","7.659861","1","50","50","0","0","0",""
"3A","R-ON","4","2","true","85","depois","50","0","0","0","0","7.08449","7.516957","3","50","50","0","0","0",""
"3A","R-ON","4","2","true","90","depois","50","0","0","0","0","7.08634","7.704994","0","50","50","0","0","0",""
"3A","R-ON","4","2","true","95","depois","50","0","0","0","0","7.135046","7.823701","5","50","50","0","0","0",""
"3A","R-ON","4","2","true","100","depois","50","0","0","0","0","7.155658","8.389799","0","50","50","0","0","0",""
"3A","R-ON","4","2","true","105","depois","50","0","0","0","0","7.255482","7.865109","3","50","50","0","0","0",""
"3A","R-ON","4","2","true","110","depois","50","0","0","0","0","7.097479","7.634419","2","50","50","0","0","0",""
"3A","R-ON","4","2","true","115","depois","50","0","0","0","0","7.45465","1074.440929","4","50","50","0","0","0",""
"3A","R-ON","4","2","true","120","depois","50","0","0","0","0","7.244722","7.571539","1","50","50","0","0","0",""
"3A","R-ON","4","2","true","125","depois","50","0","0","0","0","7.158408","7.944845","0","50","50","0","0","0",""
"3A","R-ON","4","2","true","130","depois","50","0","0","0","0","7.297876","7.960973","2","50","50","0","0","0",""
"3A","R-ON","4","2","true","135","depois","50","0","0","0","0","7.124928","7.602554","3","50","50","0","0","0",""
"3A","R-ON","4","2","true","140","depois","50","0","0","0","0","7.234803","7.614896","3","50","50","0","0","0",""
"3A","R-ON","4","2","true","145","depois","50","0","0","0","0","7.264246","7.770004","4","50","50","0","0","0",""
"3A","R-ON","4","2","true","150","depois","50","0","0","0","0","7.340892","8.475591","2","50","50","0","0","0",""
"3A","R-ON","4","2","true","155","depois","50","0","0","0","0","7.182696","7.545374","2","50","50","0","0","0",""
"3A","R-ON","4","2","true","160","depois","50","0","0","0","0","7.169259","7.888819","2","50","50","0","0","0",""
"3A","R-ON","4","2","true","165","depois","50","0","0","0","0","7.229296","7.560054","2","50","50","0","0","0",""
"3A","R-ON","4","2","true","170","depois","50","0","0","0","0","7.195068","7.652943","2","50","50","0","0","0",""
"3A","R-ON","4","2","true","175","depois","39","0","0","0","0","7.162606","7.564278","1","41","41","0","0","0",""
"3A","R-ON","4","2","true","180","depois","61","0","0","0","0","7.249346","841.359955","3","59","59","0","0","0",""
"3A","R-ON","4","2","true","185","depois","50","0","0","0","0","7.196923","7.664709","3","50","50","0","0","0",""
"3A","R-ON","4","2","true","190","depois","50","0","0","0","0","7.327402","8.415252","2","50","50","0","0","0",""
"3A","R-ON","4","2","true","195","depois","50","0","0","0","0","7.23899","7.813388","4","50","50","0","0","0",""
"3A","R-ON","4","2","true","200","depois","50","0","0","0","0","7.15266","7.603672","1","50","50","0","0","0",""
"3A","R-ON","4","2","true","205","depois","50","0","0","0","0","7.191086","7.781244","3","50","50","0","0","0",""
"3A","R-ON","4","2","true","210","depois","50","0","0","0","0","7.169126","8.380998","3","50","50","0","0","0",""
"3A","R-ON","4","2","true","215","depois","50","0","0","0","0","7.182164","7.692939","3","50","50","0","0","0",""
"3A","R-ON","4","2","true","220","depois","50","0","0","0","0","7.192648","7.592302","4","50","50","0","0","0",""
"3A","R-ON","4","2","true","225","depois","50","0","0","0","0","7.438916","1003.467859","2","50","50","0","0","0",""
"3A","R-ON","4","2","true","230","depois","50","0","0","0","0","7.107462","7.885353","11","50","50","0","0","0",""
"3A","R-ON","4","2","true","235","depois","47","0","0","0","0","7.186049","7.543185","1","50","50","0","0","0",""
"3A","R-ON","4","2","true","240","depois","0","","0","0","0","","","2","0","0","0","0","0",""
"3A","R-ON","4","2","true","245","depois","0","","0","0","0","","","0","0","0","0","0","0",""
"3A","R-ON","4","2","true","250","depois","0","","0","0","0","","","0","0","0","0","0","0",""
"3A","R-ON","4","2","true","255","depois","0","","0","0","0","","","","0","0","0","0","0",""
"3A","R-ON","5","2","true","-120","aquecimento","50","0","0","0","0","7.190621","7.907784","0","50","50","0","0","0",""
"3A","R-ON","5","2","true","-115","aquecimento","50","0","0","0","0","7.14277","7.616734","1","50","50","0","0","0",""
"3A","R-ON","5","2","true","-110","aquecimento","50","0","0","0","0","7.153976","7.770506","2","50","50","0","0","0",""
"3A","R-ON","5","2","true","-105","aquecimento","50","0","0","0","0","7.074136","7.750647","4","50","50","0","0","0",""
"3A","R-ON","5","2","true","-100","aquecimento","50","0","0","0","0","7.092867","7.668519","1","50","50","0","0","0",""
"3A","R-ON","5","2","true","-95","aquecimento","49","0","0","0","0","7.215842","7.689177","4","50","50","0","0","0",""
"3A","R-ON","5","2","true","-90","aquecimento","51","0","0","0","0","9.29609","1004.319485","1","50","50","0","0","0",""
"3A","R-ON","5","2","true","-85","aquecimento","50","0","0","0","0","7.172876","7.795416","4","50","50","0","0","0",""
"3A","R-ON","5","2","true","-80","aquecimento","50","0","0","0","0","7.082565","7.998577","2","50","50","0","0","0",""
"3A","R-ON","5","2","true","-75","aquecimento","50","0","0","0","0","7.260485","7.669603","2","50","50","0","0","0",""
"3A","R-ON","5","2","true","-70","aquecimento","50","0","0","0","0","7.170453","7.875711","3","50","50","0","0","0",""
"3A","R-ON","5","2","true","-65","aquecimento","50","0","0","0","0","7.149707","7.997433","1","50","50","0","0","0",""
"3A","R-ON","5","2","true","-60","antes","50","0","0","0","0","7.146898","7.968265","4","50","50","0","0","0",""
"3A","R-ON","5","2","true","-55","antes","50","0","0","0","0","7.127464","7.4328","4","50","50","0","0","0",""
"3A","R-ON","5","2","true","-50","antes","50","0","0","0","0","7.356569","8.088098","0","50","50","0","0","0",""
"3A","R-ON","5","2","true","-45","antes","50","0","0","0","0","7.522622","890.809534","5","42","42","0","0","0",""
"3A","R-ON","5","2","true","-40","antes","50","0","0","0","0","7.1913","7.956371","0","58","58","0","0","0",""
"3A","R-ON","5","2","true","-35","antes","50","0","0","0","0","7.161389","7.687415","4","50","50","0","0","0",""
"3A","R-ON","5","2","true","-30","antes","50","0","0","0","0","7.110207","7.6738","2","50","50","0","0","0",""
"3A","R-ON","5","2","true","-25","antes","50","0","0","0","0","7.183021","7.626422","1","50","50","0","0","0",""
"3A","R-ON","5","2","true","-20","antes","50","0","0","0","0","7.275315","7.850912","4","50","50","0","0","0",""
"3A","R-ON","5","2","true","-15","antes","50","0","0","0","0","7.298033","8.08991","4","50","50","0","0","0",""
"3A","R-ON","5","2","true","-10","antes","50","0","0","0","0","7.147341","8.300488","1","50","50","0","0","0",""
"3A","R-ON","5","2","true","-5","antes","50","0","0","0","0","7.164306","8.40475","2","50","50","0","0","0",""
"3A","R-ON","5","2","true","0","falha","50","0","0","0","0","7.24132","7.741912","3","0","0","0","0","2","inicio_falha"
"3A","R-ON","5","2","true","5","falha","50","0","0","0","0","7.259907","7.882305","52","0","0","0","0","2",""
"3A","R-ON","5","2","true","10","falha","50","0","0","0","0","7.554417","944.627353","103","0","0","0","0","2",""
"3A","R-ON","5","2","true","15","falha","50","0","0","0","0","7.236161","7.831594","154","0","0","0","0","2",""
"3A","R-ON","5","2","true","20","falha","50","0","0","0","0","7.185794","8.167904","203","0","0","0","0","2",""
"3A","R-ON","5","2","true","25","falha","50","0","0","0","0","7.268808","7.652784","253","0","0","0","0","2",""
"3A","R-ON","5","2","true","30","falha","50","0","0","0","0","7.256082","8.115603","303","0","0","0","0","2",""
"3A","R-ON","5","2","true","35","falha","50","0","0","0","0","7.230211","7.744284","353","0","0","0","0","2",""
"3A","R-ON","5","2","true","40","falha","50","0","0","0","0","7.221201","7.871391","400","0","0","0","0","2",""
"3A","R-ON","5","2","true","45","falha","50","0","0","0","0","7.246677","7.614401","454","0","0","0","0","2",""
"3A","R-ON","5","2","true","50","falha","50","0","0","0","0","7.177105","7.816656","503","0","0","0","0","2",""
"3A","R-ON","5","2","true","55","falha","50","0","0","0","0","7.358555","801.872542","552","0","0","0","0","2","fim_falha"
"3A","R-ON","5","2","true","60","depois","50","0","0","0","0","9.296127","11.9778","601","518","518","0","0","2",""
"3A","R-ON","5","2","true","65","depois","50","0","0","0","0","7.171835","10.182802","106","182","182","0","0","0",""
"3A","R-ON","5","2","true","70","depois","50","0","0","0","0","7.372763","8.617045","2","50","50","0","0","0",""
"3A","R-ON","5","2","true","75","depois","50","0","0","0","0","7.272304","8.212158","2","50","50","0","0","0",""
"3A","R-ON","5","2","true","80","depois","50","0","0","0","0","7.297206","8.577165","5","50","50","0","0","0",""
"3A","R-ON","5","2","true","85","depois","50","0","0","0","0","7.218472","8.534418","3","50","50","0","0","0",""
"3A","R-ON","5","2","true","90","depois","50","0","0","0","0","7.597896","9.925894","0","50","50","0","0","0",""
"3A","R-ON","5","2","true","95","depois","50","0","0","0","0","7.225722","7.671315","3","50","50","0","0","0",""
"3A","R-ON","5","2","true","100","depois","48","0","0","0","0","8.658461","9.094558","4","50","50","0","0","0",""
"3A","R-ON","5","2","true","105","depois","52","0","0","0","0","7.620397","1536.647304","7","50","50","0","0","0",""
"3A","R-ON","5","2","true","110","depois","50","0","0","0","0","7.44067","11.776469","0","50","50","0","0","0",""
"3A","R-ON","5","2","true","115","depois","50","0","0","0","0","11.786138","12.068636","0","50","50","0","0","0",""
"3A","R-ON","5","2","true","120","depois","50","0","0","0","0","12.896795","13.829677","2","50","50","0","0","0",""
"3A","R-ON","5","2","true","125","depois","50","0","0","0","0","13.865387","14.530898","3","50","50","0","0","0",""
"3A","R-ON","5","2","true","130","depois","50","0","0","0","0","14.840463","15.641511","3","50","50","0","0","0",""
"3A","R-ON","5","2","true","135","depois","50","0","0","0","0","15.868609","16.69061","1","50","50","0","0","0",""
"3A","R-ON","5","2","true","140","depois","50","0","0","0","0","16.848055","17.710072","4","50","50","0","0","0",""
"3A","R-ON","5","2","true","145","depois","39","0","0","0","0","17.896879","18.265736","5","44","44","0","0","0",""
"3A","R-ON","5","2","true","150","depois","62","0","0","0","0","16.219537","878.073047","0","56","56","0","0","0",""
"3A","R-ON","5","2","true","155","depois","49","0","0","0","0","7.261631","19.326763","2","50","50","0","0","0",""
"3A","R-ON","5","2","true","160","depois","51","0","0","0","0","7.11775","19.002171","4","50","50","0","0","0",""
"3A","R-ON","5","2","true","165","depois","49","0","0","0","0","18.874992","19.258027","1","50","50","0","0","0",""
"3A","R-ON","5","2","true","170","depois","51","0","0","0","0","19.024138","19.426497","5","50","50","0","0","0",""
"3A","R-ON","5","2","true","175","depois","50","0","0","0","0","7.206798","19.526048","0","50","50","0","0","0",""
"3A","R-ON","5","2","true","180","depois","50","0","0","0","0","7.188386","7.585241","0","50","50","0","0","0",""
"3A","R-ON","5","2","true","185","depois","50","0","0","0","0","7.073446","7.374318","2","50","50","0","0","0",""
"3A","R-ON","5","2","true","190","depois","50","0","0","0","0","7.25682","8.397786","4","50","50","0","0","0",""
"3A","R-ON","5","2","true","195","depois","50","0","0","0","0","7.354089","950.449329","2","50","50","0","0","0",""
"3A","R-ON","5","2","true","200","depois","50","0","0","0","0","7.215432","8.013548","1","50","50","0","0","0",""
"3A","R-ON","5","2","true","205","depois","50","0","0","0","0","7.19266","7.649022","3","50","50","0","0","0",""
"3A","R-ON","5","2","true","210","depois","50","0","0","0","0","7.171129","7.519808","3","50","50","0","0","0",""
"3A","R-ON","5","2","true","215","depois","50","0","0","0","0","7.138935","7.617764","2","50","50","0","0","0",""
"3A","R-ON","5","2","true","220","depois","50","0","0","0","0","7.152161","8.616573","2","50","50","0","0","0",""
"3A","R-ON","5","2","true","225","depois","50","0","0","0","0","7.11251","7.604836","2","50","50","0","0","0",""
"3A","R-ON","5","2","true","230","depois","50","0","0","0","0","7.100046","7.757034","3","50","50","0","0","0",""
"3A","R-ON","5","2","true","235","depois","44","0","0","0","0","7.112824","7.500328","2","50","50","0","0","0",""
"3A","R-ON","5","2","true","240","depois","0","","0","0","0","","","0","1","1","0","0","0",""
"3A","R-ON","5","2","true","245","depois","0","","0","0","0","","","0","0","0","0","0","0",""
"3A","R-ON","5","2","true","250","depois","0","","0","0","0","","","0","0","0","0","0","0",""
"3A","R-ON","5","2","true","255","depois","0","","0","0","0","","","","0","0","0","0","0",""
"3A","R-ON","6","2","true","-120","aquecimento","50","0","0","0","0","7.201433","8.47703","0","50","50","0","0","0",""
"3A","R-ON","6","2","true","-115","aquecimento","50","0","0","0","0","7.199374","7.793648","2","50","50","0","0","0",""
"3A","R-ON","6","2","true","-110","aquecimento","50","0","0","0","0","7.213473","7.864791","1","50","50","0","0","0",""
"3A","R-ON","6","2","true","-105","aquecimento","50","0","0","0","0","7.103933","7.665478","2","50","50","0","0","0",""
"3A","R-ON","6","2","true","-100","aquecimento","50","0","0","0","0","7.104109","7.594414","1","50","50","0","0","0",""
"3A","R-ON","6","2","true","-95","aquecimento","50","0","0","0","0","7.093769","7.564906","1","50","50","0","0","0",""
"3A","R-ON","6","2","true","-90","aquecimento","50","0","0","0","0","7.158894","7.667794","1","50","50","0","0","0",""
"3A","R-ON","6","2","true","-85","aquecimento","50","0","0","0","0","7.163842","7.701218","4","50","50","0","0","0",""
"3A","R-ON","6","2","true","-80","aquecimento","44","0","0","0","0","7.10479","7.811255","4","49","49","0","0","0",""
"3A","R-ON","6","2","true","-75","aquecimento","56","0","0","0","0","7.205077","877.217084","2","51","51","0","0","0",""
"3A","R-ON","6","2","true","-70","aquecimento","50","0","0","0","0","7.312786","592.165419","2","50","50","0","0","0",""
"3A","R-ON","6","2","true","-65","aquecimento","50","0","0","0","0","7.203632","7.565452","0","50","50","0","0","0",""
"3A","R-ON","6","2","true","-60","antes","50","0","0","0","0","7.187877","7.611447","5","50","50","0","0","0",""
"3A","R-ON","6","2","true","-55","antes","50","0","0","0","0","7.116049","7.397395","0","50","50","0","0","0",""
"3A","R-ON","6","2","true","-50","antes","50","0","0","0","0","7.334396","7.866081","5","50","50","0","0","0",""
"3A","R-ON","6","2","true","-45","antes","50","0","0","0","0","7.103907","7.709747","3","50","50","0","0","0",""
"3A","R-ON","6","2","true","-40","antes","50","0","0","0","0","7.221762","7.618037","0","50","50","0","0","0",""
"3A","R-ON","6","2","true","-35","antes","40","0","0","0","0","7.169719","7.494791","1","45","45","0","0","0",""
"3A","R-ON","6","2","true","-30","antes","60","0","0","0","0","7.133776","741.689756","4","55","55","0","0","0",""
"3A","R-ON","6","2","true","-25","antes","50","0","0","0","0","7.110024","7.555964","1","50","50","0","0","0",""
"3A","R-ON","6","2","true","-20","antes","50","0","0","0","0","7.290764","7.79714","1","50","50","0","0","0",""
"3A","R-ON","6","2","true","-15","antes","50","0","0","0","0","7.181822","7.576261","4","50","50","0","0","0",""
"3A","R-ON","6","2","true","-10","antes","50","0","0","0","0","7.212358","8.026485","1","50","50","0","0","0",""
"3A","R-ON","6","2","true","-5","antes","50","0","0","0","0","7.076203","7.441988","4","50","50","0","0","0",""
"3A","R-ON","6","2","true","0","falha","50","0","0","0","0","7.236766","7.774613","1","0","0","0","0","2","inicio_falha"
"3A","R-ON","6","2","true","5","falha","50","0","0","0","0","7.163988","7.586522","53","0","0","0","0","2",""
"3A","R-ON","6","2","true","10","falha","50","0","0","0","0","7.302045","8.017862","102","0","0","0","0","2",""
"3A","R-ON","6","2","true","15","falha","50","0","0","0","0","7.171069","7.698569","153","0","0","0","0","2",""
"3A","R-ON","6","2","true","20","falha","50","0","0","0","0","7.17773","777.751373","198","0","0","0","0","2",""
"3A","R-ON","6","2","true","25","falha","50","0","0","0","0","7.125543","7.562453","198","0","0","0","0","2",""
"3A","R-ON","6","2","true","30","falha","50","0","0","0","0","7.205722","7.51258","252","0","0","0","0","2",""
"3A","R-ON","6","2","true","35","falha","50","0","0","0","0","7.175315","7.591821","302","0","0","0","0","2",""
"3A","R-ON","6","2","true","40","falha","50","0","0","0","0","7.16165","7.74869","355","0","0","0","0","2",""
"3A","R-ON","6","2","true","45","falha","50","0","0","0","0","7.152963","7.528409","450","0","0","0","0","2",""
"3A","R-ON","6","2","true","50","falha","50","0","0","0","0","7.22523","7.709071","453","0","0","0","0","2",""
"3A","R-ON","6","2","true","55","falha","50","0","0","0","0","7.179009","7.749447","503","0","0","0","0","2","fim_falha"
"3A","R-ON","6","2","true","60","depois","50","0","0","0","0","10.039023","12.033793","551","505","505","0","0","2",""
"3A","R-ON","6","2","true","65","depois","50","0","0","0","0","7.164862","10.386343","601","195","195","0","0","0",""
"3A","R-ON","6","2","true","70","depois","50","0","0","0","0","7.377089","8.002292","106","50","50","0","0","0",""
"3A","R-ON","6","2","true","75","depois","50","0","0","0","0","7.417098","897.778119","2","50","50","0","0","0",""
"3A","R-ON","6","2","true","80","depois","50","0","0","0","0","7.219577","8.250083","2","50","50","0","0","0",""
"3A","R-ON","6","2","true","85","depois","50","0","0","0","0","7.133161","7.464796","0","50","50","0","0","0",""
"3A","R-ON","6","2","true","90","depois","50","0","0","0","0","7.086358","8.124364","1","50","50","0","0","0",""
"3A","R-ON","6","2","true","95","depois","50","0","0","0","0","7.12175","7.54899","4","50","50","0","0","0",""
"3A","R-ON","6","2","true","100","depois","50","0","0","0","0","7.215046","8.909831","2","50","50","0","0","0",""
"3A","R-ON","6","2","true","105","depois","50","0","0","0","0","7.151685","7.589687","3","50","50","0","0","0",""
"3A","R-ON","6","2","true","110","depois","50","0","0","0","0","7.106079","7.850642","2","50","50","0","0","0",""
"3A","R-ON","6","2","true","115","depois","50","0","0","0","0","7.079495","7.538453","3","50","50","0","0","0",""
"3A","R-ON","6","2","true","120","depois","47","0","0","0","0","7.144771","7.720232","3","50","50","0","0","0",""
"3A","R-ON","6","2","true","125","depois","53","0","0","0","0","7.342792","1222.94035","4","50","50","0","0","0",""
"3A","R-ON","6","2","true","130","depois","50","0","0","0","0","7.329401","8.26169","1","50","50","0","0","0",""
"3A","R-ON","6","2","true","135","depois","50","0","0","0","0","7.188284","7.46811","1","50","50","0","0","0",""
"3A","R-ON","6","2","true","140","depois","50","0","0","0","0","7.139446","8.122398","4","50","50","0","0","0",""
"3A","R-ON","6","2","true","145","depois","50","0","0","0","0","7.089061","7.642106","1","50","50","0","0","0",""
"3A","R-ON","6","2","true","150","depois","50","0","0","0","0","7.178584","8.634491","5","50","50","0","0","0",""
"3A","R-ON","6","2","true","155","depois","50","0","0","0","0","7.117867","7.649278","2","50","50","0","0","0",""
"3A","R-ON","6","2","true","160","depois","50","0","0","0","0","7.118462","7.666418","2","50","50","0","0","0",""
"3A","R-ON","6","2","true","165","depois","50","0","0","0","0","7.090716","7.884096","2","50","50","0","0","0",""
"3A","R-ON","6","2","true","170","depois","50","0","0","0","0","7.559035","793.790519","3","50","50","0","0","0",""
"3A","R-ON","6","2","true","175","depois","50","0","0","0","0","7.149643","7.620698","0","50","50","0","0","0",""
"3A","R-ON","6","2","true","180","depois","50","0","0","0","0","7.218445","7.682312","3","50","50","0","0","0",""
"3A","R-ON","6","2","true","185","depois","50","0","0","0","0","7.084237","7.555233","1","50","50","0","0","0",""
"3A","R-ON","6","2","true","190","depois","50","0","0","0","0","7.247725","8.213585","4","50","50","0","0","0",""
"3A","R-ON","6","2","true","195","depois","50","0","0","0","0","7.16295","7.959806","3","50","50","0","0","0",""
"3A","R-ON","6","2","true","200","depois","50","0","0","0","0","7.130714","8.009559","2","50","50","0","0","0",""
"3A","R-ON","6","2","true","205","depois","50","0","0","0","0","7.10276","7.814614","1","50","50","0","0","0",""
"3A","R-ON","6","2","true","210","depois","50","0","0","0","0","7.066802","8.195076","3","50","50","0","0","0",""
"3A","R-ON","6","2","true","215","depois","44","0","0","0","0","7.096839","7.550821","2","48","48","0","0","0",""
"3A","R-ON","6","2","true","220","depois","56","0","0","0","0","7.369895","641.863515","4","52","52","0","0","0",""
"3A","R-ON","6","2","true","225","depois","50","0","0","0","0","7.189389","8.093847","1","50","50","0","0","0",""
"3A","R-ON","6","2","true","230","depois","50","0","0","0","0","7.174331","7.704872","1","50","50","0","0","0",""
"3A","R-ON","6","2","true","235","depois","46","0","0","0","0","7.06438","7.435395","2","50","50","0","0","0",""
"3A","R-ON","6","2","true","240","depois","0","","0","0","0","","","4","1","1","0","0","0",""
"3A","R-ON","6","2","true","245","depois","0","","0","0","0","","","0","0","0","0","0","0",""
"3A","R-ON","6","2","true","250","depois","0","","0","0","0","","","0","0","0","0","0","0",""
